año,mes,variable,valor,fuente
2018,1,gdelt_tono_noticias,-1.7064709677419354,GDELT DOC 2.0 API monthly timeline (tramos anuales)
2018,2,gdelt_tono_noticias,-1.462982142857143,GDELT DOC 2.0 API monthly timeline (tramos anuales)
2018,3,gdelt_tono_noticias,-1.5278290322580643,GDELT DOC 2.0 API monthly timeline (tramos anuales)
2018,4,gdelt_tono_noticias,-1.4169066666666665,GDELT DOC 2.0 API monthly timeline (tramos anuales)
2018,5,gdelt_tono_noticias,-1.6413387096774195,GDELT DOC 2.0 API monthly timeline (tramos anuales)
2018,6,gdelt_tono_noticias,-1.9182666666666668,GDELT DOC 2.0 API monthly timeline (tramos anuales)
2018,7,gdelt_tono_noticias,-1.6106516129032258,GDELT DOC 2.0 API monthly timeline (tramos anuales)
2018,8,gdelt_tono_noticias,-2.7258709677419355,GDELT DOC 2.0 API monthly timeline (tramos anuales)
2018,9,gdelt_tono_noticias,-1.9632633333333334,GDELT DOC 2.0 API monthly timeline (tramos anuales)
2018,10,gdelt_tono_noticias,-1.8151548387096776,GDELT DOC 2.0 API monthly timeline (tramos anuales)
2018,11,gdelt_tono_noticias,-1.5168866666666667,GDELT DOC 2.0 API monthly timeline (tramos anuales)
2018,12,gdelt_tono_noticias,-1.2575709677419356,GDELT DOC 2.0 API monthly timeline (tramos anuales)
2019,1,gdelt_tono_noticias,-1.8689870967741933,GDELT DOC 2.0 API monthly timeline (tramos anuales)
2019,2,gdelt_tono_noticias,-1.8382607142857144,GDELT DOC 2.0 API monthly timeline (tramos anuales)
2019,3,gdelt_tono_noticias,-2.436241935483871,GDELT DOC 2.0 API monthly timeline (tramos anuales)
2019,4,gdelt_tono_noticias,-2.28628,GDELT DOC 2.0 API monthly timeline (tramos anuales)
2019,5,gdelt_tono_noticias,-2.351974193548387,GDELT DOC 2.0 API monthly timeline (tramos anuales)
2019,6,gdelt_tono_noticias,-1.607376666666667,GDELT DOC 2.0 API monthly timeline (tramos anuales)
2019,7,gdelt_tono_noticias,-1.8065709677419357,GDELT DOC 2.0 API monthly timeline (tramos anuales)
2019,8,gdelt_tono_noticias,-1.9245935483870968,GDELT DOC 2.0 API monthly timeline (tramos anuales)
2019,9,gdelt_tono_noticias,-1.8212,GDELT DOC 2.0 API monthly timeline (tramos anuales)
2019,10,gdelt_tono_noticias,-1.4984709677419354,GDELT DOC 2.0 API monthly timeline (tramos anuales)
2019,11,gdelt_tono_noticias,-1.65383,GDELT DOC 2.0 API monthly timeline (tramos anuales)
2019,12,gdelt_tono_noticias,-1.5413225806451611,GDELT DOC 2.0 API monthly timeline (tramos anuales)
2020,1,gdelt_cobertura_vol,46626.0,GDELT DOC 2.0 API monthly timeline (tramos anuales)
2020,2,gdelt_cobertura_vol,48100.0,GDELT DOC 2.0 API monthly timeline (tramos anuales)
2020,3,gdelt_cobertura_vol,49008.0,GDELT DOC 2.0 API monthly timeline (tramos anuales)
2020,4,gdelt_cobertura_vol,38536.0,GDELT DOC 2.0 API monthly timeline (tramos anuales)
2020,5,gdelt_cobertura_vol,43621.0,GDELT DOC 2.0 API monthly timeline (tramos anuales)
2020,6,gdelt_cobertura_vol,40439.0,GDELT DOC 2.0 API monthly timeline (tramos anuales)
2020,7,gdelt_cobertura_vol,39099.0,GDELT DOC 2.0 API monthly timeline (tramos anuales)
2020,8,gdelt_cobertura_vol,36978.0,GDELT DOC 2.0 API monthly timeline (tramos anuales)
2020,9,gdelt_cobertura_vol,40281.0,GDELT DOC 2.0 API monthly timeline (tramos anuales)
2020,10,gdelt_cobertura_vol,28992.0,GDELT DOC 2.0 API monthly timeline (tramos anuales)
2020,11,gdelt_cobertura_vol,22287.0,GDELT DOC 2.0 API monthly timeline (tramos anuales)
2020,12,gdelt_cobertura_vol,35637.0,GDELT DOC 2.0 API monthly timeline (tramos anuales)
2021,1,gdelt_cobertura_vol,34840.0,GDELT DOC 2.0 API monthly timeline (tramos anuales)
2021,1,gdelt_tono_noticias,-1.9689193548387096,GDELT DOC 2.0 API monthly timeline (tramos anuales)
2021,2,gdelt_cobertura_vol,31076.0,GDELT DOC 2.0 API monthly timeline (tramos anuales)
2021,2,gdelt_tono_noticias,-1.8712607142857145,GDELT DOC 2.0 API monthly timeline (tramos anuales)
2021,3,gdelt_cobertura_vol,32349.0,GDELT DOC 2.0 API monthly timeline (tramos anuales)
2021,3,gdelt_tono_noticias,-1.9244516129032256,GDELT DOC 2.0 API monthly timeline (tramos anuales)
2021,4,gdelt_cobertura_vol,28278.0,GDELT DOC 2.0 API monthly timeline (tramos anuales)
2021,4,gdelt_tono_noticias,-1.82535,GDELT DOC 2.0 API monthly timeline (tramos anuales)
2021,5,gdelt_cobertura_vol,22669.0,GDELT DOC 2.0 API monthly timeline (tramos anuales)
2021,5,gdelt_tono_noticias,-1.6120193548387096,GDELT DOC 2.0 API monthly timeline (tramos anuales)
2021,6,gdelt_cobertura_vol,29955.0,GDELT DOC 2.0 API monthly timeline (tramos anuales)
2021,6,gdelt_tono_noticias,-1.5802466666666668,GDELT DOC 2.0 API monthly timeline (tramos anuales)
2021,7,gdelt_cobertura_vol,26994.0,GDELT DOC 2.0 API monthly timeline (tramos anuales)
2021,7,gdelt_tono_noticias,-1.9723645161290324,GDELT DOC 2.0 API monthly timeline (tramos anuales)
2021,8,gdelt_cobertura_vol,19671.0,GDELT DOC 2.0 API monthly timeline (tramos anuales)
2021,8,gdelt_tono_noticias,-1.4656516129032258,GDELT DOC 2.0 API monthly timeline (tramos anuales)
2021,9,gdelt_cobertura_vol,28260.0,GDELT DOC 2.0 API monthly timeline (tramos anuales)
2021,9,gdelt_tono_noticias,-1.53235,GDELT DOC 2.0 API monthly timeline (tramos anuales)
2021,10,gdelt_cobertura_vol,26600.0,GDELT DOC 2.0 API monthly timeline (tramos anuales)
2021,10,gdelt_tono_noticias,-1.5483129032258065,GDELT DOC 2.0 API monthly timeline (tramos anuales)
2021,11,gdelt_cobertura_vol,24441.0,GDELT DOC 2.0 API monthly timeline (tramos anuales)
2021,11,gdelt_tono_noticias,-1.30116,GDELT DOC 2.0 API monthly timeline (tramos anuales)
2021,12,gdelt_cobertura_vol,19169.0,GDELT DOC 2.0 API monthly timeline (tramos anuales)
2021,12,gdelt_tono_noticias,-1.410958064516129,GDELT DOC 2.0 API monthly timeline (tramos anuales)
2022,1,gdelt_cobertura_vol,20326.0,GDELT DOC 2.0 API monthly timeline (tramos anuales)
2022,1,gdelt_tono_noticias,-1.8852225806451608,GDELT DOC 2.0 API monthly timeline (tramos anuales)
2022,2,gdelt_cobertura_vol,17445.0,GDELT DOC 2.0 API monthly timeline (tramos anuales)
2022,2,gdelt_tono_noticias,-2.0869500000000003,GDELT DOC 2.0 API monthly timeline (tramos anuales)
2022,3,gdelt_cobertura_vol,30493.0,GDELT DOC 2.0 API monthly timeline (tramos anuales)
2022,3,gdelt_tono_noticias,-1.8248193548387095,GDELT DOC 2.0 API monthly timeline (tramos anuales)
2022,4,gdelt_cobertura_vol,19625.0,GDELT DOC 2.0 API monthly timeline (tramos anuales)
2022,4,gdelt_tono_noticias,-1.4143599999999998,GDELT DOC 2.0 API monthly timeline (tramos anuales)
2022,5,gdelt_cobertura_vol,26492.0,GDELT DOC 2.0 API monthly timeline (tramos anuales)
2022,5,gdelt_tono_noticias,-1.2988677419354837,GDELT DOC 2.0 API monthly timeline (tramos anuales)
2022,6,gdelt_cobertura_vol,31787.0,GDELT DOC 2.0 API monthly timeline (tramos anuales)
2022,6,gdelt_tono_noticias,-1.3352633333333337,GDELT DOC 2.0 API monthly timeline (tramos anuales)
2022,7,gdelt_cobertura_vol,21492.0,GDELT DOC 2.0 API monthly timeline (tramos anuales)
2022,7,gdelt_tono_noticias,-1.0055064516129033,GDELT DOC 2.0 API monthly timeline (tramos anuales)
2022,8,gdelt_cobertura_vol,25777.0,GDELT DOC 2.0 API monthly timeline (tramos anuales)
2022,8,gdelt_tono_noticias,-1.056090322580645,GDELT DOC 2.0 API monthly timeline (tramos anuales)
2022,9,gdelt_cobertura_vol,27010.0,GDELT DOC 2.0 API monthly timeline (tramos anuales)
2022,9,gdelt_tono_noticias,-1.451563333333333,GDELT DOC 2.0 API monthly timeline (tramos anuales)
2022,10,gdelt_cobertura_vol,26743.0,GDELT DOC 2.0 API monthly timeline (tramos anuales)
2022,10,gdelt_tono_noticias,-1.5994870967741934,GDELT DOC 2.0 API monthly timeline (tramos anuales)
2022,11,gdelt_cobertura_vol,17791.0,GDELT DOC 2.0 API monthly timeline (tramos anuales)
2022,11,gdelt_tono_noticias,-0.8299666666666667,GDELT DOC 2.0 API monthly timeline (tramos anuales)
2022,12,gdelt_cobertura_vol,13697.0,GDELT DOC 2.0 API monthly timeline (tramos anuales)
2022,12,gdelt_tono_noticias,-1.840683870967742,GDELT DOC 2.0 API monthly timeline (tramos anuales)
2023,1,gdelt_cobertura_vol,36850.0,GDELT DOC 2.0 API monthly timeline (tramos anuales)
2023,1,gdelt_tono_noticias,-1.2467709677419356,GDELT DOC 2.0 API monthly timeline (tramos anuales)
2023,2,gdelt_cobertura_vol,31286.0,GDELT DOC 2.0 API monthly timeline (tramos anuales)
2023,2,gdelt_tono_noticias,-1.3971821428571427,GDELT DOC 2.0 API monthly timeline (tramos anuales)
2023,3,gdelt_cobertura_vol,33682.0,GDELT DOC 2.0 API monthly timeline (tramos anuales)
2023,3,gdelt_tono_noticias,-1.3543766666666668,GDELT DOC 2.0 API monthly timeline (tramos anuales)
2023,4,gdelt_cobertura_vol,28703.0,GDELT DOC 2.0 API monthly timeline (tramos anuales)
2023,4,gdelt_tono_noticias,-1.4860633333333333,GDELT DOC 2.0 API monthly timeline (tramos anuales)
2023,5,gdelt_cobertura_vol,30497.0,GDELT DOC 2.0 API monthly timeline (tramos anuales)
2023,5,gdelt_tono_noticias,-1.4200516129032257,GDELT DOC 2.0 API monthly timeline (tramos anuales)
2023,6,gdelt_cobertura_vol,27436.0,GDELT DOC 2.0 API monthly timeline (tramos anuales)
2023,6,gdelt_tono_noticias,-0.9869633333333332,GDELT DOC 2.0 API monthly timeline (tramos anuales)
2023,7,gdelt_cobertura_vol,24678.0,GDELT DOC 2.0 API monthly timeline (tramos anuales)
2023,7,gdelt_tono_noticias,-0.8568096774193549,GDELT DOC 2.0 API monthly timeline (tramos anuales)
2023,8,gdelt_cobertura_vol,25211.0,GDELT DOC 2.0 API monthly timeline (tramos anuales)
2023,8,gdelt_tono_noticias,-0.7639838709677419,GDELT DOC 2.0 API monthly timeline (tramos anuales)
2023,9,gdelt_cobertura_vol,28111.0,GDELT DOC 2.0 API monthly timeline (tramos anuales)
2023,9,gdelt_tono_noticias,-0.7547200000000001,GDELT DOC 2.0 API monthly timeline (tramos anuales)
2023,10,gdelt_cobertura_vol,27670.0,GDELT DOC 2.0 API monthly timeline (tramos anuales)
2023,10,gdelt_tono_noticias,-0.9901741935483872,GDELT DOC 2.0 API monthly timeline (tramos anuales)
2023,11,gdelt_cobertura_vol,24587.0,GDELT DOC 2.0 API monthly timeline (tramos anuales)
2023,11,gdelt_tono_noticias,-0.7246666666666666,GDELT DOC 2.0 API monthly timeline (tramos anuales)
2023,12,gdelt_cobertura_vol,31740.0,GDELT DOC 2.0 API monthly timeline (tramos anuales)
2023,12,gdelt_tono_noticias,-1.1659387096774194,GDELT DOC 2.0 API monthly timeline (tramos anuales)
2024,1,gdelt_cobertura_vol,23297.0,GDELT DOC 2.0 API monthly timeline (tramos anuales)
2024,1,gdelt_tono_noticias,-1.2577096774193548,GDELT DOC 2.0 API monthly timeline (tramos anuales)
2024,2,gdelt_cobertura_vol,24067.0,GDELT DOC 2.0 API monthly timeline (tramos anuales)
2024,2,gdelt_tono_noticias,-1.2839310344827586,GDELT DOC 2.0 API monthly timeline (tramos anuales)
2024,3,gdelt_cobertura_vol,29166.0,GDELT DOC 2.0 API monthly timeline (tramos anuales)
2024,3,gdelt_tono_noticias,-1.3374774193548389,GDELT DOC 2.0 API monthly timeline (tramos anuales)
2024,4,gdelt_cobertura_vol,28523.0,GDELT DOC 2.0 API monthly timeline (tramos anuales)
2024,4,gdelt_tono_noticias,-1.0490233333333334,GDELT DOC 2.0 API monthly timeline (tramos anuales)
2024,5,gdelt_cobertura_vol,22420.0,GDELT DOC 2.0 API monthly timeline (tramos anuales)
2024,5,gdelt_tono_noticias,-0.7221451612903226,GDELT DOC 2.0 API monthly timeline (tramos anuales)
2024,6,gdelt_cobertura_vol,28312.0,GDELT DOC 2.0 API monthly timeline (tramos anuales)
2024,6,gdelt_tono_noticias,-0.78518,GDELT DOC 2.0 API monthly timeline (tramos anuales)
2024,7,gdelt_cobertura_vol,47656.0,GDELT DOC 2.0 API monthly timeline (tramos anuales)
2024,7,gdelt_tono_noticias,-1.3975612903225805,GDELT DOC 2.0 API monthly timeline (tramos anuales)
2024,8,gdelt_cobertura_vol,47403.0,GDELT DOC 2.0 API monthly timeline (tramos anuales)
2024,8,gdelt_tono_noticias,-2.1087774193548388,GDELT DOC 2.0 API monthly timeline (tramos anuales)
2024,9,gdelt_cobertura_vol,41623.0,GDELT DOC 2.0 API monthly timeline (tramos anuales)
2024,9,gdelt_tono_noticias,-2.205926666666667,GDELT DOC 2.0 API monthly timeline (tramos anuales)
2024,10,gdelt_cobertura_vol,27865.0,GDELT DOC 2.0 API monthly timeline (tramos anuales)
2024,10,gdelt_tono_noticias,-1.2482483870967742,GDELT DOC 2.0 API monthly timeline (tramos anuales)
2024,11,gdelt_cobertura_vol,26397.0,GDELT DOC 2.0 API monthly timeline (tramos anuales)
2024,11,gdelt_tono_noticias,-1.2439833333333332,GDELT DOC 2.0 API monthly timeline (tramos anuales)
2024,12,gdelt_cobertura_vol,23690.0,GDELT DOC 2.0 API monthly timeline (tramos anuales)
2024,12,gdelt_tono_noticias,-1.2517129032258063,GDELT DOC 2.0 API monthly timeline (tramos anuales)
2025,1,gdelt_cobertura_vol,35538.0,GDELT DOC 2.0 API monthly timeline (tramos anuales)
2025,1,gdelt_tono_noticias,-1.848458064516129,GDELT DOC 2.0 API monthly timeline (tramos anuales)
2025,2,gdelt_cobertura_vol,24611.0,GDELT DOC 2.0 API monthly timeline (tramos anuales)
2025,2,gdelt_tono_noticias,-1.700225,GDELT DOC 2.0 API monthly timeline (tramos anuales)
2025,3,gdelt_cobertura_vol,29932.0,GDELT DOC 2.0 API monthly timeline (tramos anuales)
2025,3,gdelt_tono_noticias,-2.00711935483871,GDELT DOC 2.0 API monthly timeline (tramos anuales)
2025,4,gdelt_cobertura_vol,26523.0,GDELT DOC 2.0 API monthly timeline (tramos anuales)
2025,4,gdelt_tono_noticias,-1.9296533333333328,GDELT DOC 2.0 API monthly timeline (tramos anuales)
2025,5,gdelt_cobertura_vol,27605.0,GDELT DOC 2.0 API monthly timeline (tramos anuales)
2025,5,gdelt_tono_noticias,-1.288583870967742,GDELT DOC 2.0 API monthly timeline (tramos anuales)
2025,6,gdelt_cobertura_vol,13690.0,GDELT DOC 2.0 API monthly timeline (tramos anuales)
2025,6,gdelt_tono_noticias,-1.7628785714285713,GDELT DOC 2.0 API monthly timeline (tramos anuales)
2025,7,gdelt_cobertura_vol,22942.0,GDELT DOC 2.0 API monthly timeline (tramos anuales)
2025,7,gdelt_tono_noticias,-1.2920133333333332,GDELT DOC 2.0 API monthly timeline (tramos anuales)
2025,8,gdelt_cobertura_vol,29732.0,GDELT DOC 2.0 API monthly timeline (tramos anuales)
2025,8,gdelt_tono_noticias,-1.7034967741935485,GDELT DOC 2.0 API monthly timeline (tramos anuales)
2025,9,gdelt_cobertura_vol,39660.0,GDELT DOC 2.0 API monthly timeline (tramos anuales)
2025,9,gdelt_tono_noticias,-2.4355366666666667,GDELT DOC 2.0 API monthly timeline (tramos anuales)
2025,10,gdelt_cobertura_vol,47132.0,GDELT DOC 2.0 API monthly timeline (tramos anuales)
2025,10,gdelt_tono_noticias,-2.0967451612903227,GDELT DOC 2.0 API monthly timeline (tramos anuales)
2025,11,gdelt_cobertura_vol,46345.0,GDELT DOC 2.0 API monthly timeline (tramos anuales)
2025,11,gdelt_tono_noticias,-2.383703333333333,GDELT DOC 2.0 API monthly timeline (tramos anuales)
2025,12,gdelt_cobertura_vol,69429.0,GDELT DOC 2.0 API monthly timeline (tramos anuales)
2025,12,gdelt_tono_noticias,-2.6910967741935488,GDELT DOC 2.0 API monthly timeline (tramos anuales)
2026,1,gdelt_cobertura_vol,194630.0,GDELT DOC 2.0 API monthly timeline (tramos anuales)
2026,1,gdelt_tono_noticias,-2.1839580645161294,GDELT DOC 2.0 API monthly timeline (tramos anuales)
2026,2,gdelt_cobertura_vol,38858.0,GDELT DOC 2.0 API monthly timeline (tramos anuales)
2026,2,gdelt_tono_noticias,-1.943175,GDELT DOC 2.0 API monthly timeline (tramos anuales)
2026,3,gdelt_cobertura_vol,50593.0,GDELT DOC 2.0 API monthly timeline (tramos anuales)
2026,3,gdelt_tono_noticias,-1.9532354838709678,GDELT DOC 2.0 API monthly timeline (tramos anuales)
2026,4,gdelt_cobertura_vol,32562.0,GDELT DOC 2.0 API monthly timeline (tramos anuales)
2026,4,gdelt_tono_noticias,-1.5952333333333333,GDELT DOC 2.0 API monthly timeline (tramos anuales)
2026,5,gdelt_cobertura_vol,33222.0,GDELT DOC 2.0 API monthly timeline (tramos anuales)
2026,5,gdelt_tono_noticias,-1.6715870967741937,GDELT DOC 2.0 API monthly timeline (tramos anuales)
2026,6,gdelt_cobertura_vol,45962.0,GDELT DOC 2.0 API monthly timeline (tramos anuales)
2026,6,gdelt_tono_noticias,-1.3622033333333334,GDELT DOC 2.0 API monthly timeline (tramos anuales)
2026,7,gdelt_cobertura_vol,32078.0,GDELT DOC 2.0 API monthly timeline (tramos anuales)
2026,7,gdelt_tono_noticias,-1.528673076923077,GDELT DOC 2.0 API monthly timeline (tramos anuales)
