published_at,title,url,source,query,feed,fuente
2026-09-03T07:00:00+00:00,US oil deal promises a flood of investment in Venezuela. When will its people feel the benefits? - CNN,https://news.google.com/rss/articles/CBMiiAFBVV95cUxNMWZzaVJQUDFyd3VOY0NWa3VSQkdnZk1zUEk5dVFlYmtYV1hFQ1JpMVBONnFCc1FBbXU1ZFg0UW9mbEtKMk5DWFh6T2VTSjY1S1pPNWVKN2gyVkFIT3NjT1dVVTlySE0ycDBrRFFqd2lTYUl5NGJWT2VQRlM2bU5EVlU1emdmdkFQ?oc=5,CNN,Venezuela investment climate economy,https://news.google.com/rss/search?q=Venezuela+investment+climate+economy&hl=en-US&gl=US&ceid=US:en,Google News RSS filtered to international whitelist
2026-09-01T07:00:00+00:00,Trump said his deal with Venezuela would lower gas prices. Will it? - The Washington Post,https://news.google.com/rss/articles/CBMisgFBVV95cUxNeGdDVEw1bUVEWXJQSjNwaUk4MkRtcDAtT2hoX1ZVczllRHhNYkozWXpnRUhJUWo1eWlHdzd2c2U2UGtlQXczQzNsT2JQUXdQa2kwR1dNcmJpT0JGTEJoVjZFUy0yV3MzckE0c0JjZ3NEc0pldHE1d2czd1FyVmRIVUhfQmNqU08zeVJxdzhCdUFGWnVaeWppeG0yLTJjc1VTS2d5OXRTX3lmWmZ0OWY0ZkN3?oc=5,The Washington Post,Venezuela business investment risk,https://news.google.com/rss/search?q=Venezuela+business+investment+risk&hl=en-US&gl=US&ceid=US:en,Google News RSS filtered to international whitelist
2026-08-31T07:00:00+00:00,What we know about Trump's deal giving US access to vast oil reserves in Venezuela - The Washington Post,https://news.google.com/rss/articles/CBMi5AFBVV95cUxNcjVhVWlEYzdpZjZ2bWZqWkRhdDBNc2t4dTRCbWtaSmdraHUwR2xZQm1sUmc3RDZETS01MnRzWk1XdnJvSUdPbDV3dGVybzRNWkhJUUQyTU5lSUhLazhOQ0FETE53dmRfVVBxZ0M4T1hoRS1oamFQQVlybkduR3V3cndTXzJzRjktT2dBeTNFZlV0RjNPSWVQNE1VdWl1OHhKckVMMGd6eXhNQ0tDRllKWGs2dHgtUnVRVExBSmw1ck9DMzgwaUROSjRpR2MxY3N0c0c0WDNQN1VwZ0NGV1I1eDJVSkI?oc=5,The Washington Post,Venezuela investment climate economy,https://news.google.com/rss/search?q=Venezuela+investment+climate+economy&hl=en-US&gl=US&ceid=US:en,Google News RSS filtered to international whitelist
2026-08-30T07:00:00+00:00,Trump hails 'historic' deal for US to control 65bn barrels of Venezuela's oil - BBC,https://news.google.com/rss/articles/CBMiWkFVX3lxTE11STM3UHIxMUJLMzBJcGpzOWotWUxUSnR5aEdtS0NKUzdjaE04SUFOOEdnaVFFbU1vWHhJd0xCRG5Nb010ejlTYnZjZWg2VE5kM1hhVUZFYXViZw?oc=5,BBC,Venezuela investment climate economy,https://news.google.com/rss/search?q=Venezuela+investment+climate+economy&hl=en-US&gl=US&ceid=US:en,Google News RSS filtered to international whitelist
2026-08-28T07:00:00+00:00,Trump says he has secured a vast U.S. stake in Venezuelan oil industry - The Washington Post,https://news.google.com/rss/articles/CBMivAFBVV95cUxQWjd6UjZsY3dQMU9aQlhpdlJnVThVYzdPRTNOXzJjMjVTN09NdnlvV2JYdmh6YlR4aXlpSjd2VFNxMkVaQl92S19sSFRZZ3FwUi13MTRnNWltMmk0dENxOFVUNFE3U1VTMzcteURHUnBQRW53TFNKRUg5bUJaTm1ndC0yVldFQzhWaTd4UnVac1V5M21xNV9DcGpPT0xNTzBjQXBOVHVqOXZiaXk3bnk0MnJnVFR1Y1UxeS14Zw?oc=5,The Washington Post,Venezuela business investment risk,https://news.google.com/rss/search?q=Venezuela+business+investment+risk&hl=en-US&gl=US&ceid=US:en,Google News RSS filtered to international whitelist
2026-08-14T07:00:00+00:00,Opinion | Why transitioning to the dollar is Venezuela’s fastest route to recovery - The Washington Post,https://news.google.com/rss/articles/CBMiowFBVV95cUxNcW1hSHBvOEVIQTBUUjRIN0hFZWhMNUpoS2JDYXZrLW9OZEoyZDBEOFF1QjRVTVhKMWZEZnh1cmVJT0plV1dUT1MtM0kxcFZaNllETHhmek1GZGRNTGZKeUUwVS1fZmtNS29qSVRvcDNpUFZxb2NyWWVRQ293eDByNnJYZ1hwSGhVR2JOVlhWUEtOUVRTcFBRUkpkdjRHV3l4Y3FJ?oc=5,The Washington Post,Venezuela inflation currency economy,https://news.google.com/rss/search?q=Venezuela+inflation+currency+economy&hl=en-US&gl=US&ceid=US:en,Google News RSS filtered to international whitelist
2026-08-02T07:00:00+00:00,‘The time is now’: Investors gear up to enter Venezuela despite enormous risks | CNN Business - CNN,https://news.google.com/rss/articles/CBMigwFBVV95cUxQRXpQRS1mbW5vNHNadEpOb0lYRkF6eldKcEE3T1FQdllobEdJeUVNb0U2M3JhNGVTLUpETDVqT21NVWMzbjdRS2c5S285TG0zSWNFY0MwY2FhWkRCTWJWVzA2NURZYWFIak1oRV83OGdrcTJFZ0E2RnJaT0hvRFJhZ2MwWQ?oc=5,CNN,Venezuela business investment risk,https://news.google.com/rss/search?q=Venezuela+business+investment+risk&hl=en-US&gl=US&ceid=US:en,Google News RSS filtered to international whitelist
2026-06-06T07:00:00+00:00,Opinion | Venezuela isn’t yet giving Americans enough confidence to invest - The Washington Post,https://news.google.com/rss/articles/CBMirAFBVV95cUxOMm9QRTl4WllzdzZ6b1BXVnpGRzZuOHhuMU03Z1FZOV9ySTQxOGZnczBMMWkwbmpzTWNnVmF4NUhMUmpxemdxZVhQVlY3UTZ1NEgxTE8yVDRLRktSUlRSZVhldFZnX1EyZW9zQWo1OWtVaW5nTmlNY0U4YUlTcGRoWE0yQ1ZMbmM2Y1VsNWtycHpWVVhZWVB0NUJYY0g3NHlDU1RsZGRtcVdJWlZE?oc=5,The Washington Post,Venezuela business investment risk,https://news.google.com/rss/search?q=Venezuela+business+investment+risk&hl=en-US&gl=US&ceid=US:en,Google News RSS filtered to international whitelist
2026-05-14T07:00:00+00:00,Venezuela embarks on $150 billion restructuring of debt amid political turmoil - CNBC,https://news.google.com/rss/articles/CBMijwFBVV95cUxQdjk3UWRURV9kTWtGRmRLWE1KazMzZmRUSDR5NDVvcDh2OXgzMFpJdm9qa2xJQXFjSmhlOTh2V2ltaXJDbEJGeko4NllJZTkybThFX1ozbDFCOUp0eWttZ3ZkSzkxVkdiR0dYajN6cVNoMGtKUjh2RXozSmx3aFh0M0ltcGNiel96aG1pU2hpSdIBlAFBVV95cUxOS1AwaDlabFdQQ3AxTUtDeGFYdWR1OTRoSVUtU0h0WmsyOFZMXzkybVJHOVpodnNIR0Y3YURVYlk0YlFGcGdJc0hqdWowOF9BY1lKTE94NDI0N3RCakhjbVlhWGpua0dIampZVFBSXzdDcERoUndpYUREUlVLQTNZUWpoWHlJbDk2NEtvdl82ci1FY3dk?oc=5,CNBC,Venezuela oil production sanctions economy,https://news.google.com/rss/search?q=Venezuela+oil+production+sanctions+economy&hl=en-US&gl=US&ceid=US:en,Google News RSS filtered to international whitelist
2026-04-23T07:00:00+00:00,Venezuela was promised an economic revival. But three months of minimum wage doesn’t add up to a single US dollar - CNN,https://news.google.com/rss/articles/CBMijAFBVV95cUxOcDJtVEdhbVQxYkpFQnRzbjVDM0ZJY3hWbXNSSjh1VjBLOHlYQ0NXQkthSFl1WFpYTzRmNkNaWHFDcnowczNRWFFGRnVZem92Z0hkX1poRmo1U2FLS0hucEJSMmFlcnhHS0dUb3NOX2htVmlLbktFTlR1RDA0Yjh4dzFSTE02bnp5dTRfUQ?oc=5,CNN,Venezuela inflation currency economy,https://news.google.com/rss/search?q=Venezuela+inflation+currency+economy&hl=en-US&gl=US&ceid=US:en,Google News RSS filtered to international whitelist
2026-04-23T07:00:00+00:00,Colombia's leader to visit Venezuela for key talks with acting President Delcy Rodriguez - The Washington Post,https://news.google.com/rss/articles/CBMi2wFBVV95cUxOYXR6ZDRrUXZkeUZmMVVhaGZPTUJsbFZHOWFiLWZHMUJKMEtOWl9tRHl6QUtLUFVfOE4yUVZCaDNiNUlHMWpBWHFMRzFPOVRjSjg5NjJ0OTZKMWVXRmE1bEdzNUZpTTRwaS1ObzAyeE9PcUk2UFotdW5BN1N6SUxtUjlJR09zbUtqM1ZtU19QSmE4WFlmaFVPa18zSHNIUTF6TWx1cjd3Qm50V3ZDQmhXOVAzOE81eS0tUmNMeV8yaklkdlVDTkRkVW9KN2xPbmlINGFUUC1tbF8xWVk?oc=5,The Washington Post,Venezuela investment climate economy,https://news.google.com/rss/search?q=Venezuela+investment+climate+economy&hl=en-US&gl=US&ceid=US:en,Google News RSS filtered to international whitelist
2026-04-19T07:00:00+00:00,"Trump administration warms to IMF and World Bank, in rare nod to global bodies - The Washington Post",https://news.google.com/rss/articles/CBMiigFBVV95cUxQdmFhNVBHdEFHZ04xdTNwUkJUUlVoYUFfaEQzQ3pyTlJtYmJWTFF0cExhQ1FjaHkxc2dQczFIZ3RCSXI1TmhjX0VfU1R5VWtqOFJ5TjcycjlVODUzb3V1TE5CR1cxWDFnTVBJWnBkdFlHVXFHRDVXeG8zWkc5U0w5QldMSjJ3LTB0ZXc?oc=5,The Washington Post,Venezuela investment climate economy,https://news.google.com/rss/search?q=Venezuela+investment+climate+economy&hl=en-US&gl=US&ceid=US:en,Google News RSS filtered to international whitelist
2026-04-13T07:00:00+00:00,"Venezuela hopes to lure back international miners, but it's a risky business - Reuters",https://news.google.com/rss/articles/CBMitwFBVV95cUxNR2JxWWNCam4tRGpWZFZWa3ZrS2ZVc1J0WTFjcVZWU0R4bExPZTg2Y3hUVlRnUzlhSGtmVUI0OWEtb2dmZ0pHRXROeExDck9NSVFQTXozT2FsTE1GV1ZYZ2VWc0NOWFMxRUxkS2tfZEZpYXRhcU5mc2E3Uzh0RDZCMXNJSTgtcDNrM2g2VjZJclpac3RVejJacGVyRjhyLXdPbE1sU0xNTE5TT1l4dXB4THVvc0FCY0k?oc=5,Reuters,Venezuela business investment risk,https://news.google.com/rss/search?q=Venezuela+business+investment+risk&hl=en-US&gl=US&ceid=US:en,Google News RSS filtered to international whitelist
2026-03-25T07:00:00+00:00,Venezuela's acting president pitches reformed oil sector now opened to private capital to Miami summit investors - CBS News,https://news.google.com/rss/articles/CBMigAFBVV95cUxOWWdMVWNmbWVwWW9TLTBXZ0RDblJCblZDTFVVcWU4YjhZNGxRT0tzT3dEUHFZck5pajRiNE1VQmVHTGItVTJIU3gwd1M3ZGVUMTN3S1pXLUF1Mjkxb240a0xhSzcyOXhNdDBOclVudTBwLXNNcEszVFV3NFJqclpQcQ?oc=5,CBS News,Venezuela oil production sanctions economy,https://news.google.com/rss/search?q=Venezuela+oil+production+sanctions+economy&hl=en-US&gl=US&ceid=US:en,Google News RSS filtered to international whitelist
2026-03-23T07:00:00+00:00,"Dollar scarcity in Venezuela forces small firms to raise prices, turn to crypto - Reuters",https://news.google.com/rss/articles/CBMivwFBVV95cUxORGdiRVFFU0NuMEloaWFfMjJQVlZyYnRNZndUejhkUVNFZElYMFZ1bFRpdENzZEZzQ012TXFfVGw5OEtNMEZ6LXEwNFJqRExJeHgtTzhBM0xVSVBiVEpncmNDM2lLUUdBVDFWaktzX3ZtY3F2Ynd6S0tuMXFGX0NtOU1XczhpVGhwVFJCb3NSSVAtd2lOOGhtMEx3QlhkUnNxOTlhOG5CcS00SUViZEZPNkVGckNlbjdfZXZGR09kRQ?oc=5,Reuters,Venezuela inflation currency economy,https://news.google.com/rss/search?q=Venezuela+inflation+currency+economy&hl=en-US&gl=US&ceid=US:en,Google News RSS filtered to international whitelist
2026-03-13T07:00:00+00:00,US expands Venezuela sanctions waivers in move to boost fertilizer exports and electricity investment - Reuters,https://news.google.com/rss/articles/CBMirgFBVV95cUxQTkVGblN5bDM4T0hBSkNKWm5KS01tSkR0T21HZm8wRlB1LW1GUEJaUnZXcFVFOEY0ZlhvVmp6a2lkY0VWWklsTXZuZmNCRnpCUEhBMGl1dWtyM29IcUQ0RHJvbnBNQmphUF90Q2ZTbFdmbVFCQVh3dDl2a2stS3NuX3FLZG13ampGOTFRNVpXY1lkVUhob0VrblZILVRsakdwQmV6c0d3RmQxT180N2c?oc=5,Reuters,Venezuela oil production sanctions economy,https://news.google.com/rss/search?q=Venezuela+oil+production+sanctions+economy&hl=en-US&gl=US&ceid=US:en,Google News RSS filtered to international whitelist
2026-03-10T07:00:00+00:00,Trump says some sanctions to be lifted on oil producers amid Iran war - Al Jazeera,https://news.google.com/rss/articles/CBMiswFBVV95cUxOVk96Zlhfa3VvYWlDdVhmUF83VndiRlUyYnZDYXBLdUpLdVpTSGpxYjBLWUNCUHFWaWFQSVFtQlI4SUJlbUFKVkxUcWVEV0sxUjY2WjRtaU1PY1pVcmV0QXlJaTk3aXJKaW92SjF1dXV3dkpHck1qYlgxRHhyRUMzQzBFNm53eHdpMGg2Qld0em9rRll4MHgya0pzOVZWREpPdFo2Q25nNHJydm9lWFUwaFk5VdIBuAFBVV95cUxNbEtXa2xqbnRFVll6Vk9VYlItZE1iUmtQZ21Tc3NTbFNkNklvelAwdWlUelFsYnFFUGtEN3FZeW9ncXZTRVpuVnVpUUwxc0tlSWl6N2tncmpqYnlpbXI0a2NINnVuYng4MlFLWU0zTkFXSHYtYXdzZnJTaFFfMmlkM19OV3U5YkVQWEd1RDZKX0VhTW5ZcDVralpoUHdQRjNGanRqQ3BBbGNpMUt6VDVBVEhCLWk3LUQ4?oc=5,Al Jazeera,Venezuela oil production sanctions economy,https://news.google.com/rss/search?q=Venezuela+oil+production+sanctions+economy&hl=en-US&gl=US&ceid=US:en,Google News RSS filtered to international whitelist
2026-03-09T07:00:00+00:00,‘The Old Game Is Back’: Oil Is a Potent Geopolitical Tool Again - The New York Times,https://news.google.com/rss/articles/CBMijAFBVV95cUxNYjZJYzg4VVd6WFdoX2VjdlFILUtPLWVMSlZWODhLUXBlSkZ5NGM4bmkzemgxTWNDdG9WZGdaOXViRUZHSkVZYmpRSGdMUUJYQlBJdFhMY2dpRHNGaWdvN1puSGduZ1JsamxSTThsSzJJN1FSZm9BaXpSLU1UUjFmV2NJbHRZODlpMmR3Vg?oc=5,The New York Times,Venezuela investment climate economy,https://news.google.com/rss/search?q=Venezuela+investment+climate+economy&hl=en-US&gl=US&ceid=US:en,Google News RSS filtered to international whitelist
2026-02-28T08:00:00+00:00,How could the U.S. war in Iran affect the world's oil supply? - NPR,https://news.google.com/rss/articles/CBMiggFBVV95cUxPVUQ3ZEVXbURVSm1JUUVWYlJkZmNHcXRvaFkyaXM0dFp6SVAzWmgxWEFXOW9UV01IdUN6d1d4c3A0NVBFZmtQR1BmcElIVUl1d0dNaHkzUmUwNGkzV1VwSUFPQklWaHhIYzF4ZzZLdi1YRVBJS1RLMS1oZEsxYXExT013?oc=5,NPR,Venezuela oil production sanctions economy,https://news.google.com/rss/search?q=Venezuela+oil+production+sanctions+economy&hl=en-US&gl=US&ceid=US:en,Google News RSS filtered to international whitelist
2026-02-20T08:00:00+00:00,IMF warns Venezuela’s economy and humanitarian situation is ‘quite fragile’ - Al Jazeera,https://news.google.com/rss/articles/CBMiswFBVV95cUxObzB1dXpCNGU3ckMyNTZ5dTh1SkNfcG5yTWtiZjh0VHhjMjlDX29oaW4xV3l0ZU91YTBKUWYzRWYwbHJnTFZOZjFmVERyeGwxbGVtSjNUQzFYR0NkTThtMGdOenlmbVN2bWY0OVc3Ml80bzZ3NGFiVDRGSkhLMThuRjRYMDQ1eEVjS1czTmVRa1RxbnVQZ0dnN2RHQmh4TFdCV1JueVVtTVgyX2RmZ0twbkdtONIBuAFBVV95cUxPbnRiQk1ZYUNwV3czeVZXdUQwOHA2STJQRS1nM1pjZXQ0ZG9PTVZMOVBIRnFlb3ZNQVh2XzFVYjBaNUFaUmh4TmlaeEpjaXRYS1ROMGNUbHl2RzVjZi1KNDdUTXRaUm51Y1czWDRTWmxKclcwd3BiNGhySUhqbjA2U3BKUEdDczFLVUxyOVgyVnlwSlE0MmxFQ2phM3VKengzRGFtQjJpRmZpU25VeUlKZVNBbHM0ek9J?oc=5,Al Jazeera,Venezuela inflation currency economy,https://news.google.com/rss/search?q=Venezuela+inflation+currency+economy&hl=en-US&gl=US&ceid=US:en,Google News RSS filtered to international whitelist
2026-02-19T08:00:00+00:00,"IMF says Venezuela's economic, humanitarian situation is 'quite fragile' - Reuters",https://news.google.com/rss/articles/CBMiuwFBVV95cUxQVDEyV0x3bUlqdjlSWVRtcnFXWTlaYjBnUnJLc3h2Skx6WXg4NXFvWkRXQ05MdnkzT2lPSEM3dDh1ZnRqbkt0S3N1aEpfbTZjNnoyb0VETGRwenJrZmowaEN0aS1aT0x4VDNOcHhBTWQxYUZKNDN6NGM0ZDR4d19RYnp3SFBJVzdIb09VTHl6a2xCa1dFX0J1ZlEyOGJJWVFJRk9NSXBlT0E0bVhoZDQ5NGIzT0ZSNmV5WDRF?oc=5,Reuters,Venezuela inflation currency economy,https://news.google.com/rss/search?q=Venezuela+inflation+currency+economy&hl=en-US&gl=US&ceid=US:en,Google News RSS filtered to international whitelist
2026-01-30T08:00:00+00:00,Venezuela’s Rodriguez signs oil reform law while the US eases sanctions - Al Jazeera,https://news.google.com/rss/articles/CBMisAFBVV95cUxQMGZIZktGUno1ZEtfQnFpMU1PQWNJNTlfeWgwTWtBTy1iVUNhNGk1UDJEcEVtR3dFeUVvenBhMm9VY21tdGluandJbWhfVXdWMDhSZUt3MjY1SmFQX1Vmb013N01ER0RzRnY3TDVNYjZfY0tJSzlxTTN1cW0zaVlNbThmeWxkbFJhMllwdzlYR25ZRUFpdWZ2eDN3eDkxZUYxTWpyMGt0ZUJDNmxmbmR0V9IBtgFBVV95cUxPaF9OUWpGMlQyb0lNZ2N3cjVJdE1rTGZWMnpsaDhLa3BPM2ZjMEw3UjNWWHc0bTNxOE5Db3IySVVBNC0xSGFaZjJaUjQwUVNLWHMwX3RPYnFZY3RUdEF1RWJFNzRqN0picjF5d2lWYi1KYlJTUFBmMDBmUS0yWDUxSmhkMGVLU0ZDRERZeWdnOHl1LXNaU24tN1BRWk9zZ053UmszMGpELUdyLU9vcG5DTXlrenQ2dw?oc=5,Al Jazeera,Venezuela oil production sanctions economy,https://news.google.com/rss/search?q=Venezuela+oil+production+sanctions+economy&hl=en-US&gl=US&ceid=US:en,Google News RSS filtered to international whitelist
2026-01-30T08:00:00+00:00,"Venezuela’s acting president signs oil industry overhaul, easing state control to lure investors - NBC News",https://news.google.com/rss/articles/CBMirgFBVV95cUxOSEtveVBEUk44LXRETXZwMnpRYUxTQXFCWTdSVFBDTDRBenJNSExtcmltbHRSNnQ2c2dIb1hTTXVUM1o3WW5CNGxDZXdfRFZkU0FxOUcyQ1pKbjNyVFB5dkFzX2MtVU1Jd2NKMFl5Mkl3bE1qZDNQSGNjMTNTT0ZLLXF5dW5NZDJLZkE0dThDN0M4WnV6QjVfVkp3VzhOTzBmMzdkdkpyLVllaHg0WHc?oc=5,NBC News,Venezuela oil production sanctions economy,https://news.google.com/rss/search?q=Venezuela+oil+production+sanctions+economy&hl=en-US&gl=US&ceid=US:en,Google News RSS filtered to international whitelist
2026-01-29T08:00:00+00:00,Trump officials awarded Venezuela oil-sale contracts to firms tied to bribery - The Washington Post,https://news.google.com/rss/articles/CBMimgFBVV95cUxON0J1WEs2Rml2TFJDWi1jM2g0VGY4Y3F0MGZHYm1mVE5CdHFLcnB0aWotZ3d0OUppSVVtYUdaODRMLTJVYm1VUjBXSXQwdVhwVTczYjd5OFdSbGMxLVdWTHZLQ1k3V2txQmJkTU14Q19tcU5JYXNOQm0xX1BGNGFBZ0hOVGJWVUdUVjR1bUFCXy14MTNmSGtRemd3?oc=5,The Washington Post,Venezuela investment climate economy,https://news.google.com/rss/search?q=Venezuela+investment+climate+economy&hl=en-US&gl=US&ceid=US:en,Google News RSS filtered to international whitelist
2026-01-28T08:00:00+00:00,"Trump Wants U.S. Investment in Venezuela, but Sanctions Still Complicate It - The New York Times",https://news.google.com/rss/articles/CBMid0FVX3lxTE5oWEVXbXBSbFNUZ3N4Y3k2Nlg3THNyVmVNYkpBUUlPV3B3azRmaF92OVFhOFFEWFhzbUsxRHpoUldlYnZhejFjV3o4NmZ2RHU0SVJEY2lyU0JzMkNqaVNfRGtJNGl6R2xSa2tEcDBES0ZRc25PbUdz?oc=5,The New York Times,Venezuela business investment risk,https://news.google.com/rss/search?q=Venezuela+business+investment+risk&hl=en-US&gl=US&ceid=US:en,Google News RSS filtered to international whitelist
2026-01-26T08:00:00+00:00,US oil capital Houston buzzes as industry limbers up for Venezuela oil rush - Reuters,https://news.google.com/rss/articles/CBMivAFBVV95cUxOZWxlQ1hwTG5BczQxQWptenVJa1gwemhFdG1Gekk4TjdoSDUxRDNjOEdPRnBUX3ctcjREd1JwRktFMFNvZUJrWkVSUURpR0QzUUlrb0MtNnFrT3dmbnpNalJ6TFVJblpIUWN2RTA5dG5CcTdpUDNxN0JRaHFiN2dDdDVkSWJLdEJwaGZqcEpzcTlHUTJkYTNFQXNqZHgtX0FpLTlpb2xBNF90dzJkLUVmaEpxWThVQklLU3hXZQ?oc=5,Reuters,Venezuela business investment risk,https://news.google.com/rss/search?q=Venezuela+business+investment+risk&hl=en-US&gl=US&ceid=US:en,Google News RSS filtered to international whitelist
2026-01-26T08:00:00+00:00,Opinion | Young Americans should know the truth about Venezuela’s decline - The Washington Post,https://news.google.com/rss/articles/CBMikAFBVV95cUxPSWtneXBOY1RFTnhjREFxU2JfR29GbXptazNJSEJqdWIwZHQwcmo4bHdsVnJKclpXTGtPSWlVUzNFY0VNNWVROUhmcjROUjdyeFoyNDlWZHY4ZjlHUzVsTk9PZkMxdFRYd3p3bnFMd2tvcV9TRE9ENThFdFJVeDBVLXM3c0phVDZDSWswRTJfcDU?oc=5,The Washington Post,Venezuela oil production sanctions economy,https://news.google.com/rss/search?q=Venezuela+oil+production+sanctions+economy&hl=en-US&gl=US&ceid=US:en,Google News RSS filtered to international whitelist
2026-01-21T08:00:00+00:00,Venezuela? Big Oil Is Seeking Riches in Another Thorny Country - Bloomberg.com,https://news.google.com/rss/articles/CBMixgFBVV95cUxPdjFZX1UyczVEdjh6TnA4bEFWNWJhbkVONzNNbmV0LU05eW1sRk9GalZkR1pXclJTaTRCZ2Yyb3NmVDRFTWp0ZlNXVmszNHMwUmJjcENObmJaVzRreDBFeUVQNWJQOHlsRnNmS3UtYjFaRU1yNXVKZUQ5TDkwQkUwY2UzcVY1NEdzSXpIMzBkMGVfNUlXZHlIcHFyck9DeV95Zk5XblZFekpfQ21Ca0pXYzNDeHNGb3M2Xzl4STVWRDBXVmtCOXc?oc=5,Bloomberg.com,Venezuela business investment risk,https://news.google.com/rss/search?q=Venezuela+business+investment+risk&hl=en-US&gl=US&ceid=US:en,Google News RSS filtered to international whitelist
2026-01-18T08:00:00+00:00,"The Biggest Challenge in Venezuela? Forget the Oil, It’s Stocking the Fridge. - The New York Times",https://news.google.com/rss/articles/CBMijAFBVV95cUxNUllXa3pQZ0pPNzZQb2hjbU1UYW9laElITVZPR3ZDczhaSkNZN0RITWttU3RHd0xzM0F3QmppSEFHck1YeklhYWxNUGx2VUFFaDlSbzAzOThycVVLdXZRX3F1bDJUSWJFaEFxeUxVSnlpaUtVQktNREZhYlJ6dUJPQUQyRWp5cktBNTVMXw?oc=5,The New York Times,Venezuela inflation currency economy,https://news.google.com/rss/search?q=Venezuela+inflation+currency+economy&hl=en-US&gl=US&ceid=US:en,Google News RSS filtered to international whitelist
2026-01-17T08:00:00+00:00,Big Oil’s Complicated Calculus for Investing in Venezuela - The New York Times,https://news.google.com/rss/articles/CBMie0FVX3lxTE9RVGMyTllOOFlkczRWLVZINGJ5TmFHOG1zaWZKVG5FQTZLS0FLYm96SVd0YUkzNzNmcFV6cDFBWUxTbkN5QW9kcU1lRU9tZjNwNFQ4aVplem53TVlCZHhpN2dURkJXMjYxN0hsZGR2YVFBc2ZjR0U2STdzZw?oc=5,The New York Times,Venezuela business investment risk,https://news.google.com/rss/search?q=Venezuela+business+investment+risk&hl=en-US&gl=US&ceid=US:en,Google News RSS filtered to international whitelist
2026-01-16T08:00:00+00:00,Here’s who is likely to profit from Trump’s Venezuela takeover - The Washington Post,https://news.google.com/rss/articles/CBMiigFBVV95cUxOeTV1TFctYU0yNFdzOXd1dFR4NXIwbU84dXBNMVNYQ2phVkhvSkJTaHIxZ29jenZwT0VsVVlOamQ1cEtkcy1qTkh1elh2TFhTUWdYbWZpUkoxb0lvR2dYQXMteU4xYW9qTHV0VDBwZTRpZFAzdVFxNGZ3MWJaU21GQ2pDazdkWFRJc0E?oc=5,The Washington Post,Venezuela investment climate economy,https://news.google.com/rss/search?q=Venezuela+investment+climate+economy&hl=en-US&gl=US&ceid=US:en,Google News RSS filtered to international whitelist
2026-01-15T08:00:00+00:00,The US wants to remake Venezuela’s oil industry. History stands in the way - AP News,https://news.google.com/rss/articles/CBMibEFVX3lxTFA0a2EtaTVFUmZodF9PVEJoWlNjQ1ExSVZnYlYxaENaZWJNZ0tDWFNnLTZnN3liQ1M3Qnd5QWF3NXluRElzU0N1TE5hVjU4bS1WM1N5ZUxBeFNRVW43c3JsTTVuR25mQU9nTlRRMw?oc=5,AP News,Venezuela oil production sanctions economy,https://news.google.com/rss/search?q=Venezuela+oil+production+sanctions+economy&hl=en-US&gl=US&ceid=US:en,Google News RSS filtered to international whitelist
2026-01-15T08:00:00+00:00,Trump Vows to Make Venezuela Rich. It Will Take More Than U.S. Cash. - The New York Times,https://news.google.com/rss/articles/CBMiiAFBVV95cUxPQVlaT0dpSGVSZU1fNlJCeG9WQlRscV9SZkFzWEZ5U3UyUXZDbjlmOHgwakRubU9IcktyTjh6RWdYUDEtSlU3RGI3MENERWxyQVZRcWRPZ1doLVhxTTRCOFRlVTBYeXk3SS02NFE5d1g4T1ZYbGdvOTZaUktMOUQtQ3dJbmVBNm8x?oc=5,The New York Times,Venezuela investment climate economy,https://news.google.com/rss/search?q=Venezuela+investment+climate+economy&hl=en-US&gl=US&ceid=US:en,Google News RSS filtered to international whitelist
2026-01-14T08:00:00+00:00,"U.S. Races to Sell Venezuelan Oil, Transforming Ties With Former Foe - The New York Times",https://news.google.com/rss/articles/CBMiggFBVV95cUxOSFJTZnZNWXdONjc5azcyaWRfZVdlTDhVMlNFQ3E5dzA0czhOb2FMVkxjWHBwN25ZeXF6ZTZvUGN3MVEzZERnX05Sa3dYRFpzUVEybUdjbzlIMjFxLWxhRmEycU1VamVHYnhwSGMyeEsyWk96bzdTaDBrUjcyeldtUXp3?oc=5,The New York Times,Venezuela oil production sanctions economy,https://news.google.com/rss/search?q=Venezuela+oil+production+sanctions+economy&hl=en-US&gl=US&ceid=US:en,Google News RSS filtered to international whitelist
2026-01-12T08:00:00+00:00,Oil prices settle at 7-week high on worries about Iran exports - Reuters,https://news.google.com/rss/articles/CBMirgFBVV95cUxQblhYenhzWVNHMDFnS3BCQXdDbTFwOFdzZG9KcjBKWmd5STIzYVk2dEQ1SFY5ZXkycmRSc0RaTzg2S2tSWDlMcnM5RFVnX1dpVUswR0tVTDM4R2NwaVhvS20wRjFRSkdJMU92Y1NHTVNYWnhjeHRJX0NSSG5pOXlCZ3JRY0paanJpaFljYTFKelZZTGs0d1NQVXh2czJJZlgtR2gzaUNsYmVLTG9KQUE?oc=5,Reuters,Venezuela business investment risk,https://news.google.com/rss/search?q=Venezuela+business+investment+risk&hl=en-US&gl=US&ceid=US:en,Google News RSS filtered to international whitelist
2026-01-11T08:00:00+00:00,COMMENTARY: Big Oil offers reality check to Trump’s Venezuela dream - Reuters,https://news.google.com/rss/articles/CBMiqwFBVV95cUxPd3pYVHA5NzBIWUFEempGaVNaYlpWRVd4SzFsaHFuYzQ3Q3hmZ24tWHBwSk9hRDQwZ3NfSjZyejhPZ0dlb1dNcWFOZ18tTEpuYWtrVzRsajk4R18zVDlITEQ1d1lrcUg3MmR1cFplTmFScnFYc2tCbk1jVThXRkdReXV3ZFZZN1BRS3duNEVIRTZ5SDNIbjMyek8wR1ZBNE8xdnZfLW9fZkVDOGM?oc=5,Reuters,Venezuela oil production sanctions economy,https://news.google.com/rss/search?q=Venezuela+oil+production+sanctions+economy&hl=en-US&gl=US&ceid=US:en,Google News RSS filtered to international whitelist
2026-01-10T08:00:00+00:00,"Trump’s Venezuela plan lures investors with oil, minerals — and risk - The Washington Post",https://news.google.com/rss/articles/CBMihAFBVV95cUxOMnU0SUdTaS1lcm5HRUZXUjViRndJeHBzMjJ1NjBMSmoxVllnc2syUG92bERLMHRKaTZNV0ZVNldETGZPR0J1ZUlxUVJrTS1uM3JFeTkzNE5Hb3lZSURTemFDYVF2WVh0NFFxUzdsZjlhUXZmWDBaOVZPSFdfZlRocWp1Tlg?oc=5,The Washington Post,Venezuela business investment risk,https://news.google.com/rss/search?q=Venezuela+business+investment+risk&hl=en-US&gl=US&ceid=US:en,Google News RSS filtered to international whitelist
2026-01-09T08:00:00+00:00,"Wary of Investing in Venezuela, Big Oil Heads to the White House - The New York Times",https://news.google.com/rss/articles/CBMikAFBVV95cUxOSXp5dFZTRzRUSzRuNDlaMWNZcENtekxkWlUzbXBqbjU5WVFLd1h1bGpBTkxROG1MUUxxeUpPSkVWZDVaUDFkS3k1dHFHdGs0bWxsMEl4NVB1MlJEODRaVGY3YWVBY3VnMGxFMHp1SFJiSkFLbFF1V1FtNzZFdmM4NklLMmk2Y2dCV2d3MnRIYVo?oc=5,The New York Times,Venezuela investment climate economy,https://news.google.com/rss/search?q=Venezuela+investment+climate+economy&hl=en-US&gl=US&ceid=US:en,Google News RSS filtered to international whitelist
2026-01-09T08:00:00+00:00,"High costs, falling returns: what could go wrong for Trump’s Venezuela oil gamble? - The Guardian",https://news.google.com/rss/articles/CBMipAFBVV95cUxPb0RwOWVSOVVkWm1zdGlwZ0s2cEJpal9IYWYtRWhEWHdib3JMQVY3SUxoS290c0h4d0dXMW51Tld4dXFBSGxhZmdaeFFoT1ozRktIWDVSN0U4bDJKa1RhanpvZ1YtS09TSWMyVUFxbGpTeF9yNHE4OUNQNnlSLVluakw0NHFqM2VIODhzd1U2SDgtdmItYTFJMVk1QjkyVGlaTGxQZg?oc=5,The Guardian,Venezuela investment climate economy,https://news.google.com/rss/search?q=Venezuela+investment+climate+economy&hl=en-US&gl=US&ceid=US:en,Google News RSS filtered to international whitelist
2026-01-09T08:00:00+00:00,Venezuelan currency plunges as economy choked by US blockade - Financial Times,https://news.google.com/rss/articles/CBMihAFBVV95cUxNM3BtYm4tQVl6UGYwRHJvQzEwOGJmY2Y1V0UyX0tXeVlaUmdJT0pqM1lTem9NOGhDUHZmNUk0dVhtUUJrcU9LMlE0RHo0dlBMMlR2T1lPc1Z0ejhaR0E4bGllMXRFMDlaeWNaczZBRzVPdnNkTW5VUjBOcUVFa2p3ckJhN1Y?oc=5,Financial Times,Venezuela inflation currency economy,https://news.google.com/rss/search?q=Venezuela+inflation+currency+economy&hl=en-US&gl=US&ceid=US:en,Google News RSS filtered to international whitelist
