año,D1_macro,cobertura_D1_macro,D2_energia,cobertura_D2_energia,D3_institucional,cobertura_D3_institucional,D4_comercial,cobertura_D4_comercial,D5_capital_humano,cobertura_D5_capital_humano,D6_percepcion,cobertura_D6_percepcion,iciv_score,iciv_categoria,cobertura_observada_pct,cobertura_efectiva_pct,cobertura_pct,peso_dimensiones_publicadas_pct,dimensiones_publicadas,tramo_serie
2000,61.62,100.0,100.0,75.0,,40.0,,31.6,40.25,100.0,81.63,100.0,73.31,Favorable,71.5,58.2,58.2,63.1,4,extendido_exploratorio
2001,66.11,100.0,96.34,75.0,,16.0,,31.6,43.1,100.0,88.39,100.0,75.37,Favorable,66.8,58.2,58.2,63.1,4,extendido_exploratorio
2002,59.62,100.0,80.63,75.0,,40.0,,31.6,60.47,100.0,77.85,100.0,68.87,Favorable,71.5,58.2,58.2,63.1,4,extendido_exploratorio
2003,60.88,100.0,75.06,75.0,,40.0,,31.6,32.9,100.0,85.42,100.0,64.78,Intermedio,71.5,58.2,58.2,63.1,4,extendido_exploratorio
2004,81.73,100.0,86.07,75.0,,40.0,,31.6,63.26,100.0,84.26,100.0,80.78,Favorable,71.5,58.2,58.2,63.1,4,extendido_exploratorio
2005,77.71,100.0,97.72,75.0,,40.0,,31.6,69.87,100.0,74.43,100.0,82.31,Muy favorable,71.5,58.2,58.2,63.1,4,extendido_exploratorio
2006,77.22,100.0,95.41,75.0,,40.0,98.63,55.3,77.21,100.0,90.2,100.0,87.73,Muy favorable,75.6,67.8,67.8,80.5,5,extendido_exploratorio
2007,76.47,100.0,96.88,75.0,,40.0,99.8,55.3,87.86,100.0,70.89,100.0,87.13,Muy favorable,75.6,67.8,67.8,80.5,5,extendido_exploratorio
2008,83.77,100.0,83.79,75.0,,40.0,99.45,55.3,82.01,100.0,73.21,100.0,85.78,Muy favorable,75.6,67.8,67.8,80.5,5,extendido_exploratorio
2009,73.72,100.0,84.21,75.0,,40.0,95.24,55.3,82.87,100.0,82.96,100.0,83.0,Muy favorable,75.6,67.8,67.8,80.5,5,extendido_exploratorio
2010,78.36,100.0,79.56,75.0,,40.0,90.58,55.3,82.51,100.0,74.93,100.0,81.38,Muy favorable,75.6,67.8,67.8,80.5,5,extendido_exploratorio
2011,85.96,100.0,83.37,75.0,,40.0,83.88,55.3,83.18,100.0,57.72,100.0,81.39,Muy favorable,75.6,67.8,67.8,80.5,5,extendido_exploratorio
2012,87.94,100.0,83.37,75.0,75.16,82.0,71.15,100.0,87.83,100.0,88.46,100.0,81.66,Muy favorable,91.6,91.6,91.6,100.0,6,oficial
2013,82.99,100.0,83.37,75.0,82.66,100.0,72.0,100.0,88.42,100.0,69.19,100.0,80.33,Favorable,95.1,95.1,95.1,100.0,6,oficial
2014,76.61,100.0,83.37,75.0,65.78,100.0,86.91,100.0,87.13,100.0,48.67,100.0,76.03,Favorable,95.1,95.1,95.1,100.0,6,oficial
2015,61.43,100.0,82.92,75.0,60.29,100.0,79.45,100.0,85.81,100.0,72.87,100.0,71.79,Favorable,95.1,95.1,95.1,100.0,6,oficial
2016,49.08,100.0,72.99,75.0,47.51,100.0,63.9,100.0,60.35,100.0,59.78,100.0,58.02,Intermedio,95.1,95.1,95.1,100.0,6,oficial
2017,48.09,100.0,62.13,75.0,46.16,82.0,61.28,100.0,51.83,100.0,26.56,100.0,51.14,Intermedio,91.6,91.6,91.6,100.0,6,oficial
2018,23.95,100.0,40.5,75.0,35.06,100.0,67.4,100.0,53.84,100.0,61.3,100.0,43.02,Desfavorable,95.1,95.1,95.1,100.0,6,oficial
2019,21.76,100.0,14.82,75.0,21.61,100.0,65.4,100.0,44.22,100.0,45.93,100.0,32.21,Desfavorable,95.1,95.1,95.1,100.0,6,oficial
2020,29.44,100.0,0.0,75.0,14.44,100.0,17.04,100.0,31.16,100.0,49.2,100.0,20.55,Muy desfavorable,95.1,95.1,95.1,100.0,6,oficial
2021,58.51,100.0,2.86,75.0,14.14,100.0,14.46,100.0,26.53,100.0,72.67,100.0,29.69,Muy desfavorable,95.1,95.1,95.1,100.0,6,oficial
2022,76.65,100.0,8.31,75.0,17.72,100.0,11.0,100.0,35.69,100.0,68.61,100.0,35.92,Desfavorable,95.1,95.1,95.1,100.0,6,oficial
2023,60.99,100.0,10.29,75.0,16.42,100.0,11.12,100.0,35.01,100.0,68.2,100.0,32.0,Desfavorable,95.1,95.1,95.1,100.0,6,oficial
2024,70.51,100.0,14.22,75.0,5.03,100.0,7.56,100.0,43.22,72.0,60.05,100.0,32.34,Desfavorable,92.6,92.6,92.6,100.0,6,oficial
2025,59.42,100.0,18.83,75.0,1.5,84.0,7.39,100.0,,18.0,35.67,100.0,25.93,Muy desfavorable,84.6,82.9,82.9,90.9,5,oficial
2026,62.02,68.6,22.03,75.0,,0.0,,23.7,,0.0,32.98,100.0,42.68,Desfavorable,45.2,41.1,41.1,54.0,3,oficial
