año,D1_macro,cobertura_D1_macro,D2_energia,cobertura_D2_energia,D3_institucional,cobertura_D3_institucional,D4_comercial,cobertura_D4_comercial,D5_capital_humano,cobertura_D5_capital_humano,D6_percepcion,cobertura_D6_percepcion,iciv_score,iciv_categoria,cobertura_observada_pct,cobertura_efectiva_pct,cobertura_pct,peso_dimensiones_publicadas_pct,dimensiones_publicadas
2000,61.62,100.0,100.0,75.0,,40.0,41.38,76.3,40.25,100.0,81.63,100.0,64.98,Intermedio,81.9,75.2,75.2,83.3,5
2001,66.11,100.0,96.34,75.0,,16.0,41.37,76.3,43.1,100.0,88.39,100.0,67.06,Favorable,77.9,75.2,75.2,83.3,5
2002,59.62,100.0,80.63,75.0,,40.0,41.36,76.3,60.47,100.0,77.85,100.0,63.99,Intermedio,81.9,75.2,75.2,83.3,5
2003,60.88,100.0,75.06,75.0,,40.0,41.33,76.3,32.9,100.0,85.42,100.0,59.12,Intermedio,81.9,75.2,75.2,83.3,5
2004,81.73,100.0,86.07,75.0,,40.0,41.3,76.3,63.26,100.0,84.26,100.0,71.32,Favorable,81.9,75.2,75.2,83.3,5
2005,77.71,100.0,97.72,75.0,,40.0,41.26,76.3,69.87,100.0,74.43,100.0,72.2,Favorable,81.9,75.2,75.2,83.3,5
2006,77.22,100.0,95.41,75.0,,40.0,54.5,100.0,77.21,100.0,90.2,100.0,78.91,Favorable,85.8,79.2,79.2,83.3,5
2007,76.47,100.0,96.88,75.0,,40.0,55.15,100.0,87.86,100.0,70.89,100.0,77.45,Favorable,85.8,79.2,79.2,83.3,5
2008,83.77,100.0,83.79,75.0,,40.0,54.96,100.0,82.01,100.0,73.21,100.0,75.55,Favorable,85.8,79.2,79.2,83.3,5
2009,73.72,100.0,84.21,75.0,,40.0,52.63,100.0,82.87,100.0,82.96,100.0,75.28,Favorable,85.8,79.2,79.2,83.3,5
2010,78.36,100.0,79.56,75.0,,40.0,50.06,100.0,82.51,100.0,74.93,100.0,73.08,Favorable,85.8,79.2,79.2,83.3,5
2011,85.96,100.0,83.37,75.0,,40.0,46.35,100.0,83.18,100.0,57.72,100.0,71.32,Favorable,85.8,79.2,79.2,83.3,5
2012,87.94,100.0,83.37,75.0,75.16,82.0,77.49,100.0,87.83,100.0,88.46,100.0,83.38,Muy favorable,92.8,92.8,92.8,100.0,6
2013,82.99,100.0,83.37,75.0,82.66,100.0,78.11,100.0,88.42,100.0,69.19,100.0,80.79,Favorable,95.8,95.8,95.8,100.0,6
2014,76.61,100.0,83.37,75.0,65.78,100.0,88.26,100.0,87.13,100.0,48.67,100.0,74.97,Favorable,95.8,95.8,95.8,100.0,6
2015,61.43,100.0,82.92,75.0,60.29,100.0,81.77,100.0,85.81,100.0,72.87,100.0,74.18,Favorable,95.8,95.8,95.8,100.0,6
2016,49.08,100.0,72.99,75.0,47.51,100.0,69.67,100.0,60.35,100.0,59.78,100.0,59.9,Intermedio,95.8,95.8,95.8,100.0,6
2017,48.09,100.0,62.13,75.0,46.16,82.0,66.28,100.0,51.83,100.0,26.56,100.0,50.18,Desfavorable,92.8,92.8,92.8,100.0,6
2018,23.95,100.0,40.5,75.0,35.06,100.0,69.07,100.0,53.84,100.0,61.3,100.0,47.29,Desfavorable,95.8,95.8,95.8,100.0,6
2019,21.76,100.0,14.82,75.0,21.61,100.0,65.4,100.0,44.22,100.0,45.93,100.0,35.62,Desfavorable,95.8,95.8,95.8,100.0,6
2020,29.44,100.0,0.0,75.0,14.44,100.0,29.37,100.0,31.16,100.0,49.2,100.0,25.6,Muy desfavorable,95.8,95.8,95.8,100.0,6
2021,58.51,100.0,2.86,75.0,14.14,100.0,25.94,100.0,26.53,100.0,72.67,100.0,33.44,Desfavorable,95.8,95.8,95.8,100.0,6
2022,76.65,100.0,8.31,75.0,17.72,100.0,22.12,100.0,35.69,100.0,68.61,100.0,38.18,Desfavorable,95.8,95.8,95.8,100.0,6
2023,60.99,100.0,10.29,75.0,16.42,100.0,21.63,100.0,35.01,100.0,68.2,100.0,35.42,Desfavorable,95.8,95.8,95.8,100.0,6
2024,70.51,100.0,14.22,75.0,5.03,100.0,18.54,100.0,43.22,72.0,60.05,100.0,35.26,Desfavorable,91.2,91.2,91.2,100.0,6
2025,59.42,100.0,18.83,75.0,1.5,84.0,19.03,100.0,,18.0,35.67,100.0,26.89,Muy desfavorable,79.5,76.5,76.5,83.3,5
2026,62.02,68.6,22.03,75.0,,0.0,,23.7,,0.0,32.98,100.0,39.01,Desfavorable,44.5,40.6,40.6,50.0,3
