año,mes,fecha,pulse_score,cobertura_pct,disponibilidad_pct,n_vars,n_vars_total,produccion_disponible,mes_cerrado,elegible_modelo,estado,delta_1m,delta_comparable_1m,efecto_composicion_1m,cobertura_comun_1m_pct,composicion_estable_1m,delta_3m,delta_comparable_3m,efecto_composicion_3m,cobertura_comun_3m_pct,composicion_estable_3m
2010,1,2010-01-01,,0.0,82.5,0,15,False,True,False,provisional,,,,0.0,False,,,,0.0,False
2010,2,2010-02-01,51.3,57.5,82.5,11,15,False,True,False,provisional,,,,0.0,False,,,,0.0,False
2010,3,2010-03-01,76.86,57.5,82.5,11,15,False,True,False,provisional,25.56,25.5544,0.0056,57.5,True,,,,0.0,False
2010,4,2010-04-01,60.62,57.5,82.5,11,15,False,True,False,provisional,-16.24,-16.238,-0.002,57.5,True,,,,0.0,False
2010,5,2010-05-01,49.1,57.5,82.5,11,15,False,True,False,provisional,-11.52,-11.5212,0.0012,57.5,True,-2.2,-2.2047,0.0047,57.5,True
2010,6,2010-06-01,16.88,57.5,82.5,11,15,False,True,False,provisional,-32.22,-32.222,0.002,57.5,True,-59.98,-59.9811,0.0011,57.5,True
2010,7,2010-07-01,50.5,57.5,82.5,11,15,False,True,False,provisional,33.62,33.6273,-0.0073,57.5,True,-10.12,-10.1159,-0.0041,57.5,True
2010,8,2010-08-01,38.88,57.5,82.5,11,15,False,True,False,provisional,-11.62,-11.6294,0.0094,57.5,True,-10.22,-10.2241,0.0041,57.5,True
2010,9,2010-09-01,42.0,57.5,82.5,11,15,False,True,False,provisional,3.12,3.1278,-0.0078,57.5,True,25.12,25.1257,-0.0057,57.5,True
2010,10,2010-10-01,59.96,57.5,82.5,11,15,False,True,False,provisional,17.96,17.9583,0.0017,57.5,True,9.46,9.4567,0.0033,57.5,True
2010,11,2010-11-01,61.19,57.5,82.5,11,15,False,True,False,provisional,1.23,1.2275,0.0025,57.5,True,22.31,22.3136,-0.0036,57.5,True
2010,12,2010-12-01,58.02,57.5,82.5,11,15,False,True,False,provisional,-3.17,-3.1738,0.0038,57.5,True,16.02,16.0121,0.0079,57.5,True
2011,1,2011-01-01,81.81,82.5,82.5,12,15,True,True,True,utilizable,23.79,15.8801,7.9099,57.5,False,21.85,13.9339,7.9161,57.5,False
2011,2,2011-02-01,81.11,82.5,82.5,12,15,True,True,True,utilizable,-0.7,-0.6978,-0.0022,82.5,True,19.92,11.7053,8.2147,57.5,False
2011,3,2011-03-01,77.92,82.5,82.5,12,15,True,True,True,utilizable,-3.19,-3.1925,0.0025,82.5,True,19.9,10.2985,9.6015,57.5,False
2011,4,2011-04-01,83.53,82.5,82.5,12,15,True,True,True,utilizable,5.61,5.6115,-0.0015,82.5,True,1.72,1.7213,-0.0013,82.5,True
2011,5,2011-05-01,77.0,82.5,82.5,12,15,True,True,True,utilizable,-6.53,-6.5266,-0.0034,82.5,True,-4.11,-4.1075,-0.0025,82.5,True
2011,6,2011-06-01,76.43,82.5,82.5,12,15,True,True,True,utilizable,-0.57,-0.5673,-0.0027,82.5,True,-1.49,-1.4823,-0.0077,82.5,True
2011,7,2011-07-01,67.92,82.5,82.5,12,15,True,True,True,utilizable,-8.51,-8.5126,0.0026,82.5,True,-15.61,-15.6064,-0.0036,82.5,True
2011,8,2011-08-01,72.4,82.5,82.5,12,15,True,True,True,utilizable,4.48,4.477,0.003,82.5,True,-4.6,-4.6029,0.0029,82.5,True
2011,9,2011-09-01,62.81,82.5,82.5,12,15,True,True,True,utilizable,-9.59,-9.5902,0.0002,82.5,True,-13.62,-13.6259,0.0059,82.5,True
2011,10,2011-10-01,66.42,82.5,82.5,12,15,True,True,True,utilizable,3.61,3.6166,-0.0066,82.5,True,-1.5,-1.4967,-0.0033,82.5,True
2011,11,2011-11-01,68.18,82.5,82.5,12,15,True,True,True,utilizable,1.76,1.7534,0.0066,82.5,True,-4.22,-4.2202,0.0002,82.5,True
2011,12,2011-12-01,72.61,82.5,82.5,12,15,True,True,True,utilizable,4.43,4.4318,-0.0018,82.5,True,9.8,9.8018,-0.0018,82.5,True
2012,1,2012-01-01,78.53,82.5,82.5,12,15,True,True,True,utilizable,5.92,5.9171,0.0029,82.5,True,12.11,12.1023,0.0077,82.5,True
2012,2,2012-02-01,80.14,82.5,82.5,12,15,True,True,True,utilizable,1.61,1.6145,-0.0045,82.5,True,11.96,11.9634,-0.0034,82.5,True
2012,3,2012-03-01,80.96,82.5,82.5,12,15,True,True,True,utilizable,0.82,0.8143,0.0057,82.5,True,8.35,8.3459,0.0041,82.5,True
2012,4,2012-04-01,77.23,82.5,82.5,12,15,True,True,True,utilizable,-3.73,-3.7207,-0.0093,82.5,True,-1.3,-1.2919,-0.0081,82.5,True
2012,5,2012-05-01,66.13,82.5,82.5,12,15,True,True,True,utilizable,-11.1,-11.1044,0.0044,82.5,True,-14.01,-14.0108,0.0008,82.5,True
2012,6,2012-06-01,64.01,82.5,82.5,12,15,True,True,True,utilizable,-2.12,-2.1197,-0.0003,82.5,True,-16.95,-16.9449,-0.0051,82.5,True
2012,7,2012-07-01,75.51,82.5,82.5,12,15,True,True,True,utilizable,11.5,11.4952,0.0048,82.5,True,-1.72,-1.729,0.009,82.5,True
2012,8,2012-08-01,73.56,82.5,82.5,12,15,True,True,True,utilizable,-1.95,-1.9483,-0.0017,82.5,True,7.43,7.4271,0.0029,82.5,True
2012,9,2012-09-01,75.03,82.5,82.5,12,15,True,True,True,utilizable,1.47,1.4723,-0.0023,82.5,True,11.02,11.0192,0.0008,82.5,True
2012,10,2012-10-01,69.76,82.5,82.5,12,15,True,True,True,utilizable,-5.27,-5.2734,0.0034,82.5,True,-5.75,-5.7494,-0.0006,82.5,True
2012,11,2012-11-01,78.77,82.5,82.5,12,15,True,True,True,utilizable,9.01,9.0162,-0.0062,82.5,True,5.21,5.2151,-0.0051,82.5,True
2012,12,2012-12-01,69.66,82.5,82.5,12,15,True,True,True,utilizable,-9.11,-9.1133,0.0033,82.5,True,-5.37,-5.3705,0.0005,82.5,True
2013,1,2013-01-01,69.81,82.5,82.5,12,15,True,True,True,utilizable,0.15,0.1494,0.0006,82.5,True,0.05,0.0523,-0.0023,82.5,True
2013,2,2013-02-01,71.86,82.5,82.5,12,15,True,True,True,utilizable,2.05,2.0481,0.0019,82.5,True,-6.91,-6.9158,0.0058,82.5,True
2013,3,2013-03-01,59.08,82.5,82.5,12,15,True,True,True,utilizable,-12.78,-12.776,-0.004,82.5,True,-10.58,-10.5784,-0.0016,82.5,True
2013,4,2013-04-01,69.62,82.5,82.5,12,15,True,True,True,utilizable,10.54,10.5442,-0.0042,82.5,True,-0.19,-0.1836,-0.0064,82.5,True
2013,5,2013-05-01,69.92,82.5,82.5,12,15,True,True,True,utilizable,0.3,0.2958,0.0042,82.5,True,-1.94,-1.936,-0.004,82.5,True
2013,6,2013-06-01,73.05,82.5,82.5,12,15,True,True,True,utilizable,3.13,3.1298,0.0002,82.5,True,13.97,13.9697,0.0003,82.5,True
2013,7,2013-07-01,73.65,82.5,82.5,12,15,True,True,True,utilizable,0.6,0.6026,-0.0026,82.5,True,4.03,4.0281,0.0019,82.5,True
2013,8,2013-08-01,78.98,82.5,82.5,12,15,True,True,True,utilizable,5.33,5.3237,0.0063,82.5,True,9.06,9.056,0.004,82.5,True
2013,9,2013-09-01,76.82,82.5,82.5,12,15,True,True,True,utilizable,-2.16,-2.1561,-0.0039,82.5,True,3.77,3.7701,-0.0001,82.5,True
2013,10,2013-10-01,70.56,82.5,82.5,12,15,True,True,True,utilizable,-6.26,-6.2568,-0.0032,82.5,True,-3.09,-3.0892,-0.0008,82.5,True
2013,11,2013-11-01,70.01,82.5,82.5,12,15,True,True,True,utilizable,-0.55,-0.5583,0.0083,82.5,True,-8.97,-8.9712,0.0012,82.5,True
2013,12,2013-12-01,78.33,82.5,82.5,12,15,True,True,True,utilizable,8.32,8.3279,-0.0079,82.5,True,1.51,1.5128,-0.0028,82.5,True
2014,1,2014-01-01,67.04,82.5,82.5,12,15,True,True,True,utilizable,-11.29,-11.2936,0.0036,82.5,True,-3.52,-3.524,0.004,82.5,True
2014,2,2014-02-01,65.29,82.5,82.5,12,15,True,True,True,utilizable,-1.75,-1.7527,0.0027,82.5,True,-4.72,-4.7184,-0.0016,82.5,True
2014,3,2014-03-01,69.0,82.5,82.5,12,15,True,True,True,utilizable,3.71,3.7139,-0.0039,82.5,True,-9.33,-9.3324,0.0024,82.5,True
2014,4,2014-04-01,69.49,82.5,82.5,12,15,True,True,True,utilizable,0.49,0.4913,-0.0013,82.5,True,2.45,2.4525,-0.0025,82.5,True
2014,5,2014-05-01,76.13,82.5,82.5,12,15,True,True,True,utilizable,6.64,6.6331,0.0069,82.5,True,10.84,10.8384,0.0016,82.5,True
2014,6,2014-06-01,75.05,82.5,82.5,12,15,True,True,True,utilizable,-1.08,-1.0793,-0.0007,82.5,True,6.05,6.0451,0.0049,82.5,True
2014,7,2014-07-01,74.63,82.5,82.5,12,15,True,True,True,utilizable,-0.42,-0.4143,-0.0057,82.5,True,5.14,5.1395,0.0005,82.5,True
2014,8,2014-08-01,71.35,82.5,82.5,12,15,True,True,True,utilizable,-3.28,-3.2836,0.0036,82.5,True,-4.78,-4.7772,-0.0028,82.5,True
2014,9,2014-09-01,63.58,82.5,82.5,12,15,True,True,True,utilizable,-7.77,-7.7669,-0.0031,82.5,True,-11.47,-11.4648,-0.0052,82.5,True
2014,10,2014-10-01,58.99,82.5,82.5,12,15,True,True,True,utilizable,-4.59,-4.5894,-0.0006,82.5,True,-15.64,-15.6399,-0.0001,82.5,True
2014,11,2014-11-01,61.65,82.5,82.5,12,15,True,True,True,utilizable,2.66,2.6566,0.0034,82.5,True,-9.7,-9.6997,-0.0003,82.5,True
2014,12,2014-12-01,57.27,82.5,82.5,12,15,True,True,True,utilizable,-4.38,-4.3812,0.0012,82.5,True,-6.31,-6.3139,0.0039,82.5,True
2015,1,2015-01-01,20.38,82.5,82.5,12,15,True,True,True,utilizable,-36.89,-36.889,-0.001,82.5,True,-38.61,-38.6136,0.0036,82.5,True
2015,2,2015-02-01,27.3,82.5,82.5,12,15,True,True,True,utilizable,6.92,6.9243,-0.0043,82.5,True,-34.35,-34.346,-0.004,82.5,True
2015,3,2015-03-01,25.08,82.5,82.5,12,15,True,True,True,utilizable,-2.22,-2.2269,0.0069,82.5,True,-32.19,-32.1917,0.0017,82.5,True
2015,4,2015-04-01,33.04,82.5,82.5,12,15,True,True,True,utilizable,7.96,7.967,-0.007,82.5,True,12.66,12.6644,-0.0044,82.5,True
2015,5,2015-05-01,38.81,82.5,82.5,12,15,True,True,True,utilizable,5.77,5.7688,0.0012,82.5,True,11.51,11.5089,0.0011,82.5,True
2015,6,2015-06-01,35.19,82.5,82.5,12,15,True,True,True,utilizable,-3.62,-3.6173,-0.0027,82.5,True,10.11,10.1185,-0.0085,82.5,True
2015,7,2015-07-01,30.88,82.5,82.5,12,15,True,True,True,utilizable,-4.31,-4.3177,0.0077,82.5,True,-2.16,-2.1663,0.0063,82.5,True
2015,8,2015-08-01,32.49,82.5,82.5,12,15,True,True,True,utilizable,1.61,1.6182,-0.0082,82.5,True,-6.32,-6.3168,-0.0032,82.5,True
2015,9,2015-09-01,20.69,82.5,82.5,12,15,True,True,True,utilizable,-11.8,-11.8037,0.0037,82.5,True,-14.5,-14.5032,0.0032,82.5,True
2015,10,2015-10-01,29.12,82.5,82.5,12,15,True,True,True,utilizable,8.43,8.426,0.004,82.5,True,-1.76,-1.7594,-0.0006,82.5,True
2015,11,2015-11-01,29.17,82.5,82.5,12,15,True,True,True,utilizable,0.05,0.0554,-0.0054,82.5,True,-3.32,-3.3222,0.0022,82.5,True
2015,12,2015-12-01,19.26,82.5,82.5,12,15,True,True,True,utilizable,-9.91,-9.9132,0.0032,82.5,True,-1.43,-1.4318,0.0018,82.5,True
2016,1,2016-01-01,14.95,82.5,82.5,12,15,True,True,True,utilizable,-4.31,-4.3065,-0.0035,82.5,True,-14.17,-14.1643,-0.0057,82.5,True
2016,2,2016-02-01,19.45,82.5,82.5,12,15,True,True,True,utilizable,4.5,4.5016,-0.0016,82.5,True,-9.72,-9.7182,-0.0018,82.5,True
2016,3,2016-03-01,34.74,82.5,82.5,12,15,True,True,True,utilizable,15.29,15.2891,0.0009,82.5,True,15.48,15.4842,-0.0042,82.5,True
2016,4,2016-04-01,27.39,82.5,82.5,12,15,True,True,True,utilizable,-7.35,-7.3508,0.0008,82.5,True,12.44,12.4399,0.0001,82.5,True
2016,5,2016-05-01,21.65,82.5,82.5,12,15,True,True,True,utilizable,-5.74,-5.7408,0.0008,82.5,True,2.2,2.1976,0.0024,82.5,True
2016,6,2016-06-01,20.43,82.5,82.5,12,15,True,True,True,utilizable,-1.22,-1.22,0.0,82.5,True,-14.31,-14.3115,0.0015,82.5,True
2016,7,2016-07-01,35.71,82.5,82.5,12,15,True,True,True,utilizable,15.28,15.2747,0.0053,82.5,True,8.32,8.314,0.006,82.5,True
2016,8,2016-08-01,28.07,82.5,82.5,12,15,True,True,True,utilizable,-7.64,-7.6378,-0.0022,82.5,True,6.42,6.4169,0.0031,82.5,True
2016,9,2016-09-01,31.83,82.5,82.5,12,15,True,True,True,utilizable,3.76,3.7657,-0.0057,82.5,True,11.4,11.4026,-0.0026,82.5,True
2016,10,2016-10-01,32.16,82.5,82.5,12,15,True,True,True,utilizable,0.33,0.3208,0.0092,82.5,True,-3.55,-3.5513,0.0013,82.5,True
2016,11,2016-11-01,23.9,82.5,82.5,12,15,True,True,True,utilizable,-8.26,-8.2548,-0.0052,82.5,True,-4.17,-4.1683,-0.0017,82.5,True
2016,12,2016-12-01,33.89,82.5,82.5,12,15,True,True,True,utilizable,9.99,9.9869,0.0031,82.5,True,2.06,2.053,0.007,82.5,True
2017,1,2017-01-01,28.55,82.5,96.0,12,15,True,True,True,utilizable,-5.34,-5.3411,0.0011,82.5,True,-3.61,-3.6089,-0.0011,82.5,True
2017,2,2017-02-01,34.63,96.0,96.0,14,15,True,True,True,utilizable,6.08,5.0869,0.9931,82.5,False,10.73,9.7328,0.9972,82.5,False
2017,3,2017-03-01,29.29,96.0,96.0,14,15,True,True,True,utilizable,-5.34,-5.346,0.006,96.0,True,-4.6,-6.0282,1.4282,82.5,False
2017,4,2017-04-01,26.59,96.0,96.0,14,15,True,True,True,utilizable,-2.7,-2.6962,-0.0038,96.0,True,-1.96,2.3954,-4.3554,82.5,False
2017,5,2017-05-01,23.77,96.0,96.0,14,15,True,True,True,utilizable,-2.82,-2.8208,0.0008,96.0,True,-10.86,-10.863,0.003,96.0,True
2017,6,2017-06-01,29.08,96.0,96.0,14,15,True,True,True,utilizable,5.31,5.3085,0.0015,96.0,True,-0.21,-0.2085,-0.0015,96.0,True
2017,7,2017-07-01,19.02,96.0,96.0,14,15,True,True,True,utilizable,-10.06,-10.0599,-0.0001,96.0,True,-7.57,-7.5721,0.0021,96.0,True
2017,8,2017-08-01,16.13,96.0,96.0,14,15,True,True,True,utilizable,-2.89,-2.888,-0.002,96.0,True,-7.64,-7.6394,-0.0006,96.0,True
2017,9,2017-09-01,34.41,96.0,96.0,14,15,True,True,True,utilizable,18.28,18.2808,-0.0008,96.0,True,5.33,5.3329,-0.0029,96.0,True
2017,10,2017-10-01,38.41,96.0,96.0,14,15,True,True,True,utilizable,4.0,4.0037,-0.0037,96.0,True,19.39,19.3965,-0.0065,96.0,True
2017,11,2017-11-01,41.95,96.0,96.0,14,15,True,True,True,utilizable,3.54,3.5308,0.0092,96.0,True,25.82,25.8153,0.0047,96.0,True
2017,12,2017-12-01,42.69,96.0,96.0,14,15,True,True,True,utilizable,0.74,0.7396,0.0004,96.0,True,8.28,8.2741,0.0059,96.0,True
2018,1,2018-01-01,40.13,96.0,96.0,14,15,True,True,True,utilizable,-2.56,-2.5551,-0.0049,96.0,True,1.72,1.7153,0.0047,96.0,True
2018,2,2018-02-01,35.43,96.0,96.0,14,15,True,True,True,utilizable,-4.7,-4.7014,0.0014,96.0,True,-6.52,-6.5169,-0.0031,96.0,True
2018,3,2018-03-01,42.18,96.0,96.0,14,15,True,True,True,utilizable,6.75,6.7552,-0.0052,96.0,True,-0.51,-0.5012,-0.0088,96.0,True
2018,4,2018-04-01,40.47,96.0,96.0,14,15,True,True,True,utilizable,-1.71,-1.718,0.008,96.0,True,0.34,0.3358,0.0042,96.0,True
2018,5,2018-05-01,36.85,96.0,96.0,14,15,True,True,True,utilizable,-3.62,-3.6117,-0.0083,96.0,True,1.42,1.4256,-0.0056,96.0,True
2018,6,2018-06-01,42.72,96.0,96.0,14,15,True,True,True,utilizable,5.87,5.8638,0.0062,96.0,True,0.54,0.5342,0.0058,96.0,True
2018,7,2018-07-01,43.45,96.0,96.0,14,15,True,True,True,utilizable,0.73,0.7309,-0.0009,96.0,True,2.98,2.983,-0.003,96.0,True
2018,8,2018-08-01,33.14,96.0,96.0,14,15,True,True,True,utilizable,-10.31,-10.3063,-0.0037,96.0,True,-3.71,-3.7116,0.0016,96.0,True
2018,9,2018-09-01,41.27,96.0,96.0,14,15,True,True,True,utilizable,8.13,8.1282,0.0018,96.0,True,-1.45,-1.4472,-0.0028,96.0,True
2018,10,2018-10-01,36.73,96.0,96.0,14,15,True,True,True,utilizable,-4.54,-4.543,0.003,96.0,True,-6.72,-6.721,0.001,96.0,True
2018,11,2018-11-01,41.21,96.0,96.0,14,15,True,True,True,utilizable,4.48,4.4785,0.0015,96.0,True,8.07,8.0637,0.0063,96.0,True
2018,12,2018-12-01,33.75,96.0,96.0,14,15,True,True,True,utilizable,-7.46,-7.4576,-0.0024,96.0,True,-7.52,-7.5222,0.0022,96.0,True
2019,1,2019-01-01,25.33,96.0,96.0,14,15,True,True,True,utilizable,-8.42,-8.4177,-0.0023,96.0,True,-11.4,-11.3968,-0.0032,96.0,True
2019,2,2019-02-01,22.18,96.0,96.0,14,15,True,True,True,utilizable,-3.15,-3.1509,0.0009,96.0,True,-19.03,-19.0262,-0.0038,96.0,True
2019,3,2019-03-01,25.17,96.0,96.0,14,15,True,True,True,utilizable,2.99,2.9935,-0.0035,96.0,True,-8.58,-8.5751,-0.0049,96.0,True
2019,4,2019-04-01,31.48,91.0,91.0,13,15,True,True,True,utilizable,6.31,5.1643,1.1457,91.0,False,6.15,7.4294,-1.2794,91.0,False
2019,5,2019-05-01,26.14,91.0,91.0,13,15,True,True,True,utilizable,-5.34,-5.3419,0.0019,91.0,True,3.96,4.1959,-0.2359,91.0,False
2019,6,2019-06-01,36.11,91.0,91.0,13,15,True,True,True,utilizable,9.97,10.5536,-0.5836,86.0,False,10.94,9.553,1.387,91.0,False
2019,7,2019-07-01,38.07,86.0,86.0,12,15,True,True,True,utilizable,1.96,-0.14,2.1,86.0,False,6.59,5.148,1.442,86.0,False
2019,8,2019-08-01,36.92,86.0,86.0,12,15,True,True,True,utilizable,-1.15,-1.1446,-0.0054,86.0,True,10.78,9.2691,1.5109,86.0,False
2019,9,2019-09-01,41.07,86.0,86.0,12,15,True,True,True,utilizable,4.15,4.1475,0.0025,86.0,True,4.96,2.863,2.097,86.0,False
2019,10,2019-10-01,42.86,86.0,86.0,12,15,True,True,True,utilizable,1.79,1.7891,0.0009,86.0,True,4.79,4.792,-0.002,86.0,True
2019,11,2019-11-01,44.43,86.0,86.0,12,15,True,True,True,utilizable,1.57,1.5716,-0.0016,86.0,True,7.51,7.5082,0.0018,86.0,True
2019,12,2019-12-01,43.71,86.0,86.0,12,15,True,True,True,utilizable,-0.72,-0.7206,0.0006,86.0,True,2.64,2.6401,-0.0001,86.0,True
2020,1,2020-01-01,43.22,86.0,86.0,12,15,True,True,True,utilizable,-0.49,-0.4925,0.0025,86.0,True,0.36,0.3585,0.0015,86.0,True
2020,2,2020-02-01,41.02,86.0,86.0,12,15,True,True,True,utilizable,-2.2,-2.1952,-0.0048,86.0,True,-3.41,-3.4082,-0.0018,86.0,True
2020,3,2020-03-01,24.63,86.0,86.0,12,15,True,True,True,utilizable,-16.39,-16.3995,0.0095,86.0,True,-19.08,-19.0872,0.0072,86.0,True
2020,4,2020-04-01,30.92,86.0,86.0,12,15,True,True,True,utilizable,6.29,6.2897,0.0003,86.0,True,-12.3,-12.3049,0.0049,86.0,True
2020,5,2020-05-01,29.85,86.0,86.0,12,15,True,True,True,utilizable,-1.07,-1.0607,-0.0093,86.0,True,-11.17,-11.1704,0.0004,86.0,True
2020,6,2020-06-01,38.11,86.0,86.0,12,15,True,True,True,utilizable,8.26,8.2579,0.0021,86.0,True,13.48,13.487,-0.007,86.0,True
2020,7,2020-07-01,40.41,86.0,86.0,12,15,True,True,True,utilizable,2.3,2.2935,0.0065,86.0,True,9.49,9.4908,-0.0008,86.0,True
2020,8,2020-08-01,41.15,86.0,86.0,12,15,True,True,True,utilizable,0.74,0.7458,-0.0058,86.0,True,11.3,11.2973,0.0027,86.0,True
2020,9,2020-09-01,40.52,86.0,86.0,12,15,True,True,True,utilizable,-0.63,-0.6339,0.0039,86.0,True,2.41,2.4055,0.0045,86.0,True
2020,10,2020-10-01,45.5,86.0,86.0,12,15,True,True,True,utilizable,4.98,4.9804,-0.0004,86.0,True,5.09,5.0923,-0.0023,86.0,True
2020,11,2020-11-01,42.66,86.0,86.0,12,15,True,True,True,utilizable,-2.84,-2.8413,0.0013,86.0,True,1.51,1.5052,0.0048,86.0,True
2020,12,2020-12-01,47.05,86.0,86.0,12,15,True,True,True,utilizable,4.39,4.3958,-0.0058,86.0,True,6.53,6.5349,-0.0049,86.0,True
2021,1,2021-01-01,43.51,86.0,86.0,12,15,True,True,True,utilizable,-3.54,-3.5425,0.0025,86.0,True,-1.99,-1.988,-0.002,86.0,True
2021,2,2021-02-01,49.87,86.0,86.0,12,15,True,True,True,utilizable,6.36,6.3582,0.0018,86.0,True,7.21,7.2115,-0.0015,86.0,True
2021,3,2021-03-01,46.03,86.0,86.0,12,15,True,True,True,utilizable,-3.84,-3.842,0.002,86.0,True,-1.02,-1.0262,0.0062,86.0,True
2021,4,2021-04-01,49.0,86.0,86.0,12,15,True,True,True,utilizable,2.97,2.9747,-0.0047,86.0,True,5.49,5.491,-0.001,86.0,True
2021,5,2021-05-01,50.24,86.0,86.0,12,15,True,True,True,utilizable,1.24,1.2387,0.0013,86.0,True,0.37,0.3714,-0.0014,86.0,True
2021,6,2021-06-01,52.23,86.0,86.0,12,15,True,True,True,utilizable,1.99,1.9861,0.0039,86.0,True,6.2,6.1995,0.0005,86.0,True
2021,7,2021-07-01,49.85,86.0,86.0,12,15,True,True,True,utilizable,-2.38,-2.3727,-0.0073,86.0,True,0.85,0.852,-0.002,86.0,True
2021,8,2021-08-01,52.68,86.0,86.0,12,15,True,True,True,utilizable,2.83,2.8237,0.0063,86.0,True,2.44,2.4371,0.0029,86.0,True
2021,9,2021-09-01,49.73,86.0,86.0,12,15,True,True,True,utilizable,-2.95,-2.9421,-0.0079,86.0,True,-2.5,-2.4911,-0.0089,86.0,True
2021,10,2021-10-01,54.09,86.0,86.0,12,15,True,True,True,utilizable,4.36,4.3587,0.0013,86.0,True,4.24,4.2403,-0.0003,86.0,True
2021,11,2021-11-01,54.43,86.0,86.0,12,15,True,True,True,utilizable,0.34,0.3351,0.0049,86.0,True,1.75,1.7517,-0.0017,86.0,True
2021,12,2021-12-01,58.85,86.0,86.0,12,15,True,True,True,utilizable,4.42,4.421,-0.001,86.0,True,9.12,9.1147,0.0053,86.0,True
2022,1,2022-01-01,52.64,86.0,86.0,12,15,True,True,True,utilizable,-6.21,-6.2105,0.0005,86.0,True,-1.45,-1.4545,0.0045,86.0,True
2022,2,2022-02-01,52.22,86.0,86.0,12,15,True,True,True,utilizable,-0.42,-0.4188,-0.0012,86.0,True,-2.21,-2.2084,-0.0016,86.0,True
2022,3,2022-03-01,55.59,86.0,86.0,12,15,True,True,True,utilizable,3.37,3.3704,-0.0004,86.0,True,-3.26,-3.2589,-0.0011,86.0,True
2022,4,2022-04-01,60.97,86.0,86.0,12,15,True,True,True,utilizable,5.38,5.3763,0.0037,86.0,True,8.33,8.3279,0.0021,86.0,True
2022,5,2022-05-01,56.24,86.0,86.0,12,15,True,True,True,utilizable,-4.73,-4.7265,-0.0035,86.0,True,4.02,4.0203,-0.0003,86.0,True
2022,6,2022-06-01,58.34,86.0,86.0,12,15,True,True,True,utilizable,2.1,2.0947,0.0053,86.0,True,2.75,2.7446,0.0054,86.0,True
2022,7,2022-07-01,50.46,86.0,86.0,12,15,True,True,True,utilizable,-7.88,-7.8772,-0.0028,86.0,True,-10.51,-10.509,-0.001,86.0,True
2022,8,2022-08-01,53.82,86.0,86.0,12,15,True,True,True,utilizable,3.36,3.3606,-0.0006,86.0,True,-2.42,-2.4219,0.0019,86.0,True
2022,9,2022-09-01,46.35,86.0,86.0,12,15,True,True,True,utilizable,-7.47,-7.4712,0.0012,86.0,True,-11.99,-11.9878,-0.0022,86.0,True
2022,10,2022-10-01,47.74,86.0,86.0,12,15,True,True,True,utilizable,1.39,1.3937,-0.0037,86.0,True,-2.72,-2.7168,-0.0032,86.0,True
2022,11,2022-11-01,53.04,86.0,86.0,12,15,True,True,True,utilizable,5.3,5.2961,0.0039,86.0,True,-0.78,-0.7814,0.0014,86.0,True
2022,12,2022-12-01,44.43,86.0,86.0,12,15,True,True,True,utilizable,-8.61,-8.6073,-0.0027,86.0,True,-1.92,-1.9175,-0.0025,86.0,True
2023,1,2023-01-01,44.14,91.0,91.0,13,15,True,True,True,utilizable,-0.29,2.1185,-2.4085,86.0,False,-3.6,-1.1928,-2.4072,86.0,False
2023,2,2023-02-01,41.38,91.0,91.0,13,15,True,True,True,utilizable,-2.76,-2.7641,0.0041,91.0,True,-11.66,-9.5139,-2.1461,86.0,False
2023,3,2023-03-01,41.1,91.0,91.0,13,15,True,True,True,utilizable,-0.28,-0.2746,-0.0054,91.0,True,-3.33,-1.4815,-1.8485,86.0,False
2023,4,2023-04-01,46.63,91.0,91.0,13,15,True,True,True,utilizable,5.53,5.5296,0.0004,91.0,True,2.49,2.491,-0.001,91.0,True
2023,5,2023-05-01,46.25,91.0,91.0,13,15,True,True,True,utilizable,-0.38,-0.3799,-0.0001,91.0,True,4.87,4.8752,-0.0052,91.0,True
2023,6,2023-06-01,46.13,91.0,91.0,13,15,True,True,True,utilizable,-0.12,-0.1197,-0.0003,91.0,True,5.03,5.0301,-0.0001,91.0,True
2023,7,2023-07-01,53.94,91.0,91.0,13,15,True,True,True,utilizable,7.81,7.8076,0.0024,91.0,True,7.31,7.3081,0.0019,91.0,True
2023,8,2023-08-01,50.43,91.0,91.0,13,15,True,True,True,utilizable,-3.51,-3.5165,0.0065,91.0,True,4.18,4.1715,0.0085,91.0,True
2023,9,2023-09-01,50.37,91.0,95.0,13,15,True,True,True,utilizable,-0.06,-0.0534,-0.0066,91.0,True,4.24,4.2378,0.0022,91.0,True
2023,10,2023-10-01,45.98,95.0,95.0,14,15,True,True,True,utilizable,-4.39,-2.3721,-2.0179,91.0,False,-7.96,-5.942,-2.018,91.0,False
2023,11,2023-11-01,49.83,95.0,95.0,14,15,True,True,True,utilizable,3.85,3.8553,-0.0053,95.0,True,-0.6,-0.1062,-0.4938,91.0,False
2023,12,2023-12-01,47.25,100.0,100.0,15,15,True,True,True,utilizable,-2.58,-0.2221,-2.3579,95.0,False,-3.12,-2.9748,-0.1452,91.0,False
2024,1,2024-01-01,47.99,100.0,100.0,15,15,True,True,True,utilizable,0.74,0.7426,-0.0026,100.0,True,2.01,4.253,-2.243,95.0,False
2024,2,2024-02-01,48.17,100.0,100.0,15,15,True,True,True,utilizable,0.18,0.1753,0.0047,100.0,True,-1.66,0.8656,-2.5256,95.0,False
2024,3,2024-03-01,48.69,100.0,100.0,15,15,True,True,True,utilizable,0.52,0.523,-0.003,100.0,True,1.44,1.441,-0.001,100.0,True
2024,4,2024-04-01,47.43,100.0,100.0,15,15,True,True,True,utilizable,-1.26,-1.2584,-0.0016,100.0,True,-0.56,-0.56,0.0,100.0,True
2024,5,2024-05-01,51.73,100.0,100.0,15,15,True,True,True,utilizable,4.3,4.3033,-0.0033,100.0,True,3.56,3.5679,-0.0079,100.0,True
2024,6,2024-06-01,51.18,95.0,95.0,14,15,True,True,True,utilizable,-0.55,-2.5511,2.0011,95.0,False,2.49,0.0467,2.4433,95.0,False
2024,7,2024-07-01,46.19,100.0,100.0,15,15,True,True,True,utilizable,-4.99,-2.7167,-2.2733,95.0,False,-1.24,-1.2396,-0.0004,100.0,True
2024,8,2024-08-01,42.0,100.0,100.0,15,15,True,True,True,utilizable,-4.19,-4.1927,0.0027,100.0,True,-9.73,-9.7356,0.0056,100.0,True
2024,9,2024-09-01,45.11,95.0,95.0,14,15,True,True,True,utilizable,3.11,0.9462,2.1638,95.0,False,-6.07,-6.0624,-0.0076,95.0,True
2024,10,2024-10-01,50.4,95.0,95.0,14,15,True,True,True,utilizable,5.29,5.2828,0.0072,95.0,True,4.21,1.937,2.273,95.0,False
2024,11,2024-11-01,48.23,100.0,100.0,15,15,True,True,True,utilizable,-2.17,0.2539,-2.4239,95.0,False,6.23,6.2356,-0.0056,100.0,True
2024,12,2024-12-01,47.87,100.0,100.0,15,15,True,True,True,utilizable,-0.36,-0.3652,0.0052,100.0,True,2.76,5.1927,-2.4327,95.0,False
2025,1,2025-01-01,45.2,100.0,100.0,15,15,True,True,True,utilizable,-2.67,-2.6698,-0.0002,100.0,True,-5.2,-3.4672,-1.7328,95.0,False
2025,2,2025-02-01,46.88,100.0,100.0,15,15,True,True,True,utilizable,1.68,1.6815,-0.0015,100.0,True,-1.35,-1.3536,0.0036,100.0,True
2025,3,2025-03-01,42.51,100.0,100.0,15,15,True,True,True,utilizable,-4.37,-4.3668,-0.0032,100.0,True,-5.36,-5.3552,-0.0048,100.0,True
2025,4,2025-04-01,40.95,100.0,100.0,15,15,True,True,True,utilizable,-1.56,-1.5585,-0.0015,100.0,True,-4.25,-4.2438,-0.0062,100.0,True
2025,5,2025-05-01,44.99,100.0,100.0,15,15,True,True,True,utilizable,4.04,4.0368,0.0032,100.0,True,-1.89,-1.8884,-0.0016,100.0,True
2025,6,2025-06-01,43.48,100.0,100.0,15,15,True,True,True,utilizable,-1.51,-1.5114,0.0014,100.0,True,0.97,0.967,0.003,100.0,True
2025,7,2025-07-01,50.68,95.0,95.0,14,15,True,True,True,utilizable,7.2,5.0773,2.1227,95.0,False,9.73,8.262,1.468,95.0,False
2025,8,2025-08-01,47.32,95.0,95.0,14,15,True,True,True,utilizable,-3.36,-3.3628,0.0028,95.0,True,2.33,0.7714,1.5586,95.0,False
2025,9,2025-09-01,42.96,95.0,95.0,14,15,True,True,True,utilizable,-4.36,-4.3628,0.0028,95.0,True,-0.52,-2.6483,2.1283,95.0,False
2025,10,2025-10-01,39.89,95.0,95.0,14,15,True,True,True,utilizable,-3.07,-3.0691,-0.0009,95.0,True,-10.79,-10.7947,0.0047,95.0,True
2025,11,2025-11-01,37.25,95.0,95.0,14,15,True,True,True,utilizable,-2.64,-2.6428,0.0028,95.0,True,-10.07,-10.0747,0.0047,95.0,True
2025,12,2025-12-01,36.6,95.0,95.0,14,15,True,True,True,utilizable,-0.65,-0.6454,-0.0046,95.0,True,-6.36,-6.3573,-0.0027,95.0,True
2026,1,2026-01-01,34.21,95.0,95.0,14,15,True,True,True,utilizable,-2.39,-2.3865,-0.0035,95.0,True,-5.68,-5.6747,-0.0053,95.0,True
2026,2,2026-02-01,46.5,100.0,100.0,15,15,True,True,True,utilizable,12.29,12.2267,0.0633,95.0,False,9.25,9.1947,0.0553,95.0,False
2026,3,2026-03-01,49.48,100.0,100.0,15,15,True,True,True,utilizable,2.98,2.9731,0.0069,100.0,True,12.88,12.8482,0.0318,95.0,False
2026,4,2026-04-01,58.31,100.0,100.0,15,15,True,True,True,utilizable,8.83,8.8326,-0.0026,100.0,True,24.1,24.9776,-0.8776,95.0,False
2026,5,2026-05-01,58.61,100.0,100.0,15,15,True,True,True,utilizable,0.3,0.3003,-0.0003,100.0,True,12.11,12.106,0.004,100.0,True
2026,6,2026-06-01,56.26,100.0,100.0,15,15,True,True,True,utilizable,-2.35,-2.351,0.001,100.0,True,6.78,6.782,-0.002,100.0,True
2026,7,2026-07-01,62.91,75.0,75.0,14,15,False,True,False,provisional,6.65,-0.2836,6.9336,75.0,False,4.6,-3.8895,8.4895,75.0,False
2026,8,2026-08-01,66.96,65.0,65.0,12,15,False,True,False,provisional,4.05,5.0907,-1.0407,65.0,False,8.35,-1.849,10.199,65.0,False
2026,9,2026-09-01,74.43,61.0,61.0,11,15,False,True,False,provisional,7.47,5.1939,2.2761,61.0,False,18.17,9.4617,8.7083,61.0,False
2026,10,2026-10-01,80.5,30.0,30.0,4,15,False,False,False,provisional,6.07,2.1817,3.8883,30.0,False,17.59,13.071,4.519,30.0,False
