año,pib_nominal_usd,pib_crecimiento_real_pct,pib_per_capita_usd,ied_neta_usd,reservas_internacionales_usd,exportaciones_pct_pib,acceso_electricidad_pct,inflacion_ipc_pct,tipo_cambio_oficial_lcu_usd,tasa_alfabetizacion_adulta_pct,remesas_recibidas_usd,esperanza_vida_anos,mortalidad_infantil_x1000,GOV_WGI_CC.SC,GOV_WGI_GE.SC,GOV_WGI_PV.SC,GOV_WGI_RL.SC,GOV_WGI_RQ.SC,GOV_WGI_VA.SC,wgi_promedio_sc,petroleo_crudo_produccion_tbpd,gas_natural_produccion_bcf,electricidad_generacion_bkwh,inflacion_ipc_imf_pct,desempleo_pct,cuenta_corriente_pct_pib,cpi_score,hdi,guardian_articulos_venezuela,guardian_tono_titulares,wti_precio_usd,tasa_fed_funds_pct,brent_precio_usd,usd_index_broad,vix_volatility,ust_10y_yield_pct,freedom_house_score,migrantes_vzla_millones,luminosidad_nocturna_idx,lsci_conectividad_maritima,pts_terror_politico,wjp_rule_of_law,empleo_vulnerable_oit_pct
2000,117146466002.661,3.53535353535352,4776.2816763938,4703000000.0,15898851162.5221,0.0,98.9,,-0.1675123767607597,,17000000.0,72.388,17.5,34.6434335,29.9417858,52.6027549,44.2404784,44.8107261,52.5310635,43.128373700000004,2894.0,961.0,85.0,1.209515014542631,14.0,10.1,,0.703,137,-0.0707,30.45368181818182,6.235833333333333,28.761980198019803,,23.315,6.030278884462151,,0.0006,,,2.5,,35.67
2001,122911036746.729,3.41463414634147,4920.39313600453,3704000000.0,12264400222.6423,0.0,99.9,,-0.14046643238203688,92.9800033569336,19000000.0,71.019,17.0,,,,,,,,2807.0,1120.0,90.0,1.0969100130080565,13.4,1.6,,0.708,101,-0.0365,26.139605263157893,3.8875,24.508865979381444,,25.74967741935484,5.0206854838709685,,0.0008,,,3.0,,33.14
2002,92893587733.6549,-8.72641509433961,3652.09896501865,761000000.0,12106510810.7652,0.0,99.8,,0.06481351586975792,,19000000.0,72.823,16.6,26.4182664,23.8034957,42.578036,37.7990257,43.6007597,48.0430125,37.04043266666667,2435.0,1003.0,92.0,1.3502480183341627,16.0,8.0,,0.716,163,-0.0884,26.38475982532751,1.6666666666666667,25.14360824742268,,27.29246031746032,4.61308,,0.0013,,,4.0,,33.19
2003,83620628582.1082,-7.75193798449614,3229.50557082079,1573000000.0,20820560020.6513,0.0,95.7,,0.20600461612985874,,208000000.0,72.056,16.2,26.2661167,27.0838755,44.565762,36.1162119,36.3264221,49.0168689,36.56254285,2303.0,862.0,92.0,1.4927603890268375,18.2,14.1,,0.707,177,-0.0371,31.33748201438849,1.1275,29.004675925925927,,21.982857142857146,4.01388,,0.0026,,,3.0,,34.13
2004,112451400424.964,18.2072829131653,4269.08970872392,1489000000.0,23408050057.2128,0.0,99.1,,0.2767680767401703,,143000000.0,72.752,15.7,27.7944122,28.1559186,43.2607758,38.0656342,36.50823,47.0957784,36.8134582,2564.0,961.0,99.0,1.3364597338485296,15.1,13.8,,0.718,183,-0.043,42.46113513513514,1.3491666666666668,38.77886956521739,,15.478656126482212,4.271319999999999,,0.0039,,,3.0,,31.88
2005,145513489651.872,10.1895734597156,5432.4854184654,2450000000.0,29802940547.6946,0.0,98.8,,0.32009433390309644,94.3707013803128,148000000.0,73.075,15.3,26.1642747,30.8909688,44.9526549,37.4592956,36.7197557,47.75982,37.32446161666667,2840.0,828.0,105.0,1.2041199826559248,12.2,17.7,,0.728,178,-0.1065,56.45372549019608,3.2133333333333334,54.901116071428575,,12.807063492063492,4.28888,,0.0054,,,3.0,,31.6
2006,183477522123.894,9.89247311827957,6739.38065342218,198000000.0,36715128120.2438,0.0,99.3,,0.33183204443624864,94.6620701964151,165000000.0,72.972,14.8,26.0422491,30.8205347,43.4313342,34.6944733,35.0055449,45.4684104,35.91042443333333,2785.0,918.0,110.0,1.1367205671564067,10.0,14.8,,0.736,360,0.0371,66.04911504424778,4.964166666666666,65.24655021834062,98.60046576923077,12.806533864541834,4.795,,0.0062,,115.87,3.5,,30.85
2007,230364012575.687,8.80626223091976,8331.62096991844,4358000000.0,33759218864.9235,0.0,98.9,,0.33183204443624864,95.1500015258789,151000000.0,73.348,14.5,22.0918516,32.681904,44.2821809,31.7234863,31.4647112,44.1168026,34.393489433333336,2820.0,732.0,114.0,1.271841606536499,8.5,5.8,,0.753,478,-0.057,72.55036290322582,5.019166666666666,72.60777327935222,93.80996538461538,17.535936254980083,4.634661354581673,,0.0068,,118.41,3.5,,29.84
2008,315953388510.678,5.21582733812949,11262.4514256759,2083000000.0,43065463087.2778,0.0,98.9,,0.33183204443624864,95.3116995541662,137000000.0,72.578,14.4,21.5742947,35.927164,43.2231372,30.2074966,30.5989167,44.294974,34.304330533333335,2510.0,733.0,119.0,1.4969296480732148,7.4,10.2,,0.759,447,-0.0497,99.6715019762846,1.9275,96.94434782608695,90.88013206106872,32.69486166007905,3.6642629482071714,,0.0073,,117.71,3.5,,30.81
2009,329787628928.472,-3.07692307692308,11596.6021921731,-1137000000.0,34317956993.5458,0.0,99.0,27.080941446613,0.33183204443624864,95.5100021362305,132000000.0,72.785,14.4,22.4472961,37.5589403,43.6921201,30.5847285,30.9051559,43.5963951,34.79743933333334,2520.0,651.0,120.0,1.414973347970818,7.9,0.2,,0.76,307,-0.0215,62.0102,0.16,61.73876984126984,96.7509265060241,31.479007936507937,3.26412,,0.0078,,108.74,3.5,,31.44
2010,393192354510.653,-1.5873015873016,13646.3046622664,1583000000.0,29665473906.3905,0.0,99.1,28.1874647092039,0.4119663832573614,95.3924213233743,143000000.0,73.092,14.5,22.5286196,33.4799723,42.0299034,29.676702,29.6231684,43.2859839,33.4373916,2410.0,697.0,114.0,1.4502491083193612,8.5,1.8,,0.764,307,-0.0724,79.47571428571429,0.175,79.60944444444445,93.05413699186992,22.54888888888889,3.2150597609561755,,0.0073,,98.77,3.0,,33.24
2011,316482190800.364,4.12186379928315,10843.9229703167,5855000000.0,27934651458.8556,0.0,98.8,26.0902123160959,0.632386422501182,94.7699966430664,138000000.0,73.09,14.8,25.3191987,32.555069,43.775456,29.3442748,32.2805194,41.7519509,34.17107813333333,2500.0,733.0,118.0,1.416640507338281,8.2,5.2,,0.77,316,-0.1793,93.90632075471696,0.1016666666666666,111.2642741935484,88.77671992031873,24.20257936507937,2.78164,,0.0081,,84.51,3.0,,33.01
2012,371846610182.327,5.67986230636832,12582.0125686037,4986000000.0,29468789162.686,29.5953757225434,99.3,21.0689956331876,0.632386422501182,95.9871889937429,118000000.0,73.086,15.1,22.5216161,35.171576,44.6315788,28.6778221,30.7307813,41.3105203,33.8406491,2500.0,803.0,128.0,1.3242824552976926,7.8,0.7,19.0,0.772,257,0.0014,94.05333333333331,0.14,111.57068273092368,91.63612329317267,17.79888,1.80344,39.0,0.0087,,96.48,3.5,,31.91
2013,258512396297.714,1.30293159609121,8642.37380007027,2145000000.0,20275216409.4457,30.2459016393443,99.4,40.6394275161589,0.7816090424128124,,120000000.0,73.076,15.4,21.7223698,34.6443528,42.7468193,26.3140009,29.9060852,38.6576791,32.33188451666667,2500.0,771.0,135.0,1.608526033577194,7.5,1.8,20.0,0.773,359,-0.0963,97.992,0.1075,108.555,92.76113654618474,14.230119047619048,2.35016,38.0,0.0095,,96.55,3.0,0.3586,31.63
2014,214838755021.964,-3.85852090032154,7101.15006382986,1135000000.0,21454894042.4243,43.4511434511435,100.0,62.1686499794829,0.7982499983784683,,128000000.0,72.837,15.8,19.1877008,33.5763195,44.9093004,24.3746581,26.987143,37.5774491,31.10209515,2500.0,773.0,115.0,1.7937903846908188,8.0,2.3,19.0,0.77,312,-0.2376,93.52185483870969,0.0891666666666666,99.01944664031622,95.58756504065042,14.175992063492064,2.53956,35.0,0.0128,,87.61,3.33,0.3105,31.55
2015,125249941853.534,-6.18729096989966,4096.61989137473,2956000000.0,15625329211.5224,40.7547169811321,100.0,121.738085297503,0.7982499983784683,96.6100006103516,161000000.0,73.004,16.5,19.2600177,32.9914121,44.4976638,21.0517342,27.0152168,36.4247203,30.206794149999997,2489.0,918.0,128.0,2.085290578230065,12.5,-12.8,17.0,0.768,316,-0.0833,48.73040983606557,0.1325,52.31654901960784,108.16961726907633,16.674126984126985,2.138286852589641,35.0,0.0225,,73.1,3.33,0.3128,31.56
2016,112948035494.959,-17.1122994652406,3671.23004093383,1587000000.0,10150000483.5116,31.1977715877437,99.4,254.948534781816,0.966486423126211,97.129997253418,279000000.0,72.002,21.2,19.4509553,30.807615,44.2014138,21.4368655,25.7829264,36.1300546,29.634971766666666,2254.0,972.0,117.0,2.4063698354692677,20.9,-3.4,17.0,0.761,399,-0.1463,43.29365079365079,0.395,43.638000000000005,113.06646008064516,15.82563492063492,1.83744,30.0,0.0526,,63.46,3.67,0.2775,31.65
2017,115892475742.789,-15.6989247311828,3791.63262049576,-299000000.0,9794062064.62109,33.3333333333333,99.2,,0.9989129043587858,97.1837183128414,,71.903,21.2,18.7255611,28.9572209,41.1236728,22.4872664,24.7907742,32.9171927,28.16694801666667,1997.0,956.0,104.0,2.6415732531781755,27.9,7.5,18.0,0.749,324,-0.3748,50.80032,1.0016666666666667,54.1248046875,112.81009919678716,11.0902390438247,2.32948,26.0,0.1574,,49.91,4.33,,32.71
2018,101987075928.918,-19.6428571428571,3421.51341607593,622000000.0,,42.5471249801996,99.9,,,,,72.641,21.2,15.8325106,20.832579,39.6588311,20.79668,19.3844315,29.0845912,24.26493723333333,1486.0,823.0,100.0,4.815405723019128,35.6,8.4,18.0,0.741,270,-0.1676,65.22746987951807,1.8316666666666668,71.335,112.00375403225809,16.639840637450202,2.9112449799196787,19.0,0.4853,,50.1,4.0,0.2861,34.25
2019,73014157107.594,-27.6190476190476,2523.11527549578,564000000.0,,47.195725949267,99.8,,,,,72.766,21.2,15.8314718,20.7996145,38.593742,20.4303927,19.028805,28.4840929,23.86135315,878.0,702.0,85.0,4.298983999733384,,5.9,16.0,0.724,587,-0.189,56.98832,2.158333333333333,64.30062256809337,115.73329798387095,15.387857142857142,2.1414,16.0,0.8877,,47.28,4.67,0.2763,35.9
2020,42837965906.8675,-29.8245614035088,1506.04169391285,1504000000.0,,13.0054444362771,99.9,,,,,72.369,21.2,16.1648849,20.3946332,40.0194207,20.2840422,19.2780223,27.2081899,23.8915322,527.0,675.0,81.0,3.3720093524526633,,-3.2,15.0,0.699,308,-0.2352,39.16043650793651,0.3758333333333333,41.95725490196079,117.7739632,29.251304347826085,0.889203187250996,14.0,1.0224,,42.79,5.0,0.2691,36.45
2021,56615026262.6535,0.625000000000014,2004.93572921136,1213000000.0,,15.3500529409223,100.0,,,,,71.536,21.2,16.0354583,21.2046592,42.4334532,20.8655274,20.5709067,25.6833326,24.46555623333333,595.0,751.0,83.0,3.2009872191631663,,-0.9,14.0,0.696,236,-0.1037,68.13509960159362,0.08,70.85533596837945,113.10509156626506,19.656150793650795,1.4468525896414344,14.0,1.1703,,31.38,4.67,0.2651,35.42
2022,89013251020.9831,8.07453416149069,3155.04190923584,2349000000.0,,16.3490943080464,100.0,,,,,72.566,21.2,15.640518,20.6907754,45.3104829,21.9631271,23.2126043,26.6540288,25.57858941666667,724.0,833.0,82.0,2.2706788361447066,,4.0,14.0,0.706,248,-0.1266,94.9028685258964,1.6833333333333331,100.93130952380952,120.6980116,25.6371484375,2.9505622489959835,15.0,1.3676,,26.87,4.33,0.2614,36.43
2023,102377501185.925,4.02298850574712,3617.47038396528,13000000.0,,18.0663666874328,100.0,,,,,72.514,21.2,16.703043,21.7083538,45.9275023,22.1039147,23.2362281,26.9753756,26.109069583333337,771.0,847.0,72.0,2.5282737771670436,,5.8,13.0,0.709,255,-0.1275,77.57653225806452,5.024166666666667,82.49386454183266,120.266318875502,16.849027237354086,3.959,15.0,1.5478,,31.39,4.33,0.2638,37.0
2024,120566112397.063,5.52486187845305,4244.45723136019,1632583330.0,,16.7350337150912,100.0,,,,,72.673,21.2,16.1842919,22.1695927,37.0484188,22.0505976,22.7354042,25.6928367,24.313523649999997,863.0,898.0,80.0,1.6937269489236468,,4.1,10.0,,308,-0.1664,76.63224000000001,5.1433333333333335,80.52185039370079,122.89302988047808,15.55065637065637,4.20796,13.0,1.7302,,37.22,4.33,0.2607,37.16
2025,99661244155.6306,1.57068062827224,3494.8138870244,,,14.9031673538596,,,,,,,,16.8659886,23.8273354,39.1774281,22.3963388,21.322733,25.6587399,24.874760633333334,973.0,,,2.401400540781544,,2.6,10.0,,690,-0.2293,65.38810483870968,4.2125,69.14264822134388,122.7202868,18.926666666666662,4.293212851405622,13.0,1.5982,,36.51,,0.2597,37.3
2026,,,,,,,,,,,,,,,,,,,,,1026.0,,,2.5881596163830918,,7.1,,,1022,-0.1658,85.18978494623656,3.635,93.0270744680851,119.29199081081082,18.233056994818654,4.458235294117648,,,,47.42,,,
