año,indicador,valor,pais,fuente
2000,vdem_corrupcion_pol,0.894,Venezuela,"V-Dem Institute (Varieties of Democracy) via Our World in Data, https://ourworldindata.org/grapher/political-corruption-index — validacion convergente, NO entra al indice ICIV"
2001,vdem_corrupcion_pol,0.894,Venezuela,"V-Dem Institute (Varieties of Democracy) via Our World in Data, https://ourworldindata.org/grapher/political-corruption-index — validacion convergente, NO entra al indice ICIV"
2002,vdem_corrupcion_pol,0.902,Venezuela,"V-Dem Institute (Varieties of Democracy) via Our World in Data, https://ourworldindata.org/grapher/political-corruption-index — validacion convergente, NO entra al indice ICIV"
2003,vdem_corrupcion_pol,0.902,Venezuela,"V-Dem Institute (Varieties of Democracy) via Our World in Data, https://ourworldindata.org/grapher/political-corruption-index — validacion convergente, NO entra al indice ICIV"
2004,vdem_corrupcion_pol,0.913,Venezuela,"V-Dem Institute (Varieties of Democracy) via Our World in Data, https://ourworldindata.org/grapher/political-corruption-index — validacion convergente, NO entra al indice ICIV"
2005,vdem_corrupcion_pol,0.933,Venezuela,"V-Dem Institute (Varieties of Democracy) via Our World in Data, https://ourworldindata.org/grapher/political-corruption-index — validacion convergente, NO entra al indice ICIV"
2006,vdem_corrupcion_pol,0.933,Venezuela,"V-Dem Institute (Varieties of Democracy) via Our World in Data, https://ourworldindata.org/grapher/political-corruption-index — validacion convergente, NO entra al indice ICIV"
2007,vdem_corrupcion_pol,0.947,Venezuela,"V-Dem Institute (Varieties of Democracy) via Our World in Data, https://ourworldindata.org/grapher/political-corruption-index — validacion convergente, NO entra al indice ICIV"
2008,vdem_corrupcion_pol,0.943,Venezuela,"V-Dem Institute (Varieties of Democracy) via Our World in Data, https://ourworldindata.org/grapher/political-corruption-index — validacion convergente, NO entra al indice ICIV"
2009,vdem_corrupcion_pol,0.947,Venezuela,"V-Dem Institute (Varieties of Democracy) via Our World in Data, https://ourworldindata.org/grapher/political-corruption-index — validacion convergente, NO entra al indice ICIV"
2010,vdem_corrupcion_pol,0.954,Venezuela,"V-Dem Institute (Varieties of Democracy) via Our World in Data, https://ourworldindata.org/grapher/political-corruption-index — validacion convergente, NO entra al indice ICIV"
2011,vdem_corrupcion_pol,0.958,Venezuela,"V-Dem Institute (Varieties of Democracy) via Our World in Data, https://ourworldindata.org/grapher/political-corruption-index — validacion convergente, NO entra al indice ICIV"
2012,vdem_corrupcion_pol,0.958,Venezuela,"V-Dem Institute (Varieties of Democracy) via Our World in Data, https://ourworldindata.org/grapher/political-corruption-index — validacion convergente, NO entra al indice ICIV"
2013,vdem_corrupcion_pol,0.968,Venezuela,"V-Dem Institute (Varieties of Democracy) via Our World in Data, https://ourworldindata.org/grapher/political-corruption-index — validacion convergente, NO entra al indice ICIV"
2014,vdem_corrupcion_pol,0.966,Venezuela,"V-Dem Institute (Varieties of Democracy) via Our World in Data, https://ourworldindata.org/grapher/political-corruption-index — validacion convergente, NO entra al indice ICIV"
2015,vdem_corrupcion_pol,0.94,Venezuela,"V-Dem Institute (Varieties of Democracy) via Our World in Data, https://ourworldindata.org/grapher/political-corruption-index — validacion convergente, NO entra al indice ICIV"
2016,vdem_corrupcion_pol,0.905,Venezuela,"V-Dem Institute (Varieties of Democracy) via Our World in Data, https://ourworldindata.org/grapher/political-corruption-index — validacion convergente, NO entra al indice ICIV"
2017,vdem_corrupcion_pol,0.908,Venezuela,"V-Dem Institute (Varieties of Democracy) via Our World in Data, https://ourworldindata.org/grapher/political-corruption-index — validacion convergente, NO entra al indice ICIV"
2018,vdem_corrupcion_pol,0.918,Venezuela,"V-Dem Institute (Varieties of Democracy) via Our World in Data, https://ourworldindata.org/grapher/political-corruption-index — validacion convergente, NO entra al indice ICIV"
2019,vdem_corrupcion_pol,0.955,Venezuela,"V-Dem Institute (Varieties of Democracy) via Our World in Data, https://ourworldindata.org/grapher/political-corruption-index — validacion convergente, NO entra al indice ICIV"
2020,vdem_corrupcion_pol,0.961,Venezuela,"V-Dem Institute (Varieties of Democracy) via Our World in Data, https://ourworldindata.org/grapher/political-corruption-index — validacion convergente, NO entra al indice ICIV"
2021,vdem_corrupcion_pol,0.968,Venezuela,"V-Dem Institute (Varieties of Democracy) via Our World in Data, https://ourworldindata.org/grapher/political-corruption-index — validacion convergente, NO entra al indice ICIV"
2022,vdem_corrupcion_pol,0.971,Venezuela,"V-Dem Institute (Varieties of Democracy) via Our World in Data, https://ourworldindata.org/grapher/political-corruption-index — validacion convergente, NO entra al indice ICIV"
2023,vdem_corrupcion_pol,0.969,Venezuela,"V-Dem Institute (Varieties of Democracy) via Our World in Data, https://ourworldindata.org/grapher/political-corruption-index — validacion convergente, NO entra al indice ICIV"
2024,vdem_corrupcion_pol,0.97,Venezuela,"V-Dem Institute (Varieties of Democracy) via Our World in Data, https://ourworldindata.org/grapher/political-corruption-index — validacion convergente, NO entra al indice ICIV"
2025,vdem_corrupcion_pol,0.968,Venezuela,"V-Dem Institute (Varieties of Democracy) via Our World in Data, https://ourworldindata.org/grapher/political-corruption-index — validacion convergente, NO entra al indice ICIV"
2000,vdem_libdem_index,0.31,Venezuela,"V-Dem Institute (Varieties of Democracy) via Our World in Data, https://ourworldindata.org/grapher/liberal-democracy-index — validacion convergente, NO entra al indice ICIV"
2001,vdem_libdem_index,0.288,Venezuela,"V-Dem Institute (Varieties of Democracy) via Our World in Data, https://ourworldindata.org/grapher/liberal-democracy-index — validacion convergente, NO entra al indice ICIV"
2002,vdem_libdem_index,0.255,Venezuela,"V-Dem Institute (Varieties of Democracy) via Our World in Data, https://ourworldindata.org/grapher/liberal-democracy-index — validacion convergente, NO entra al indice ICIV"
2003,vdem_libdem_index,0.243,Venezuela,"V-Dem Institute (Varieties of Democracy) via Our World in Data, https://ourworldindata.org/grapher/liberal-democracy-index — validacion convergente, NO entra al indice ICIV"
2004,vdem_libdem_index,0.216,Venezuela,"V-Dem Institute (Varieties of Democracy) via Our World in Data, https://ourworldindata.org/grapher/liberal-democracy-index — validacion convergente, NO entra al indice ICIV"
2005,vdem_libdem_index,0.182,Venezuela,"V-Dem Institute (Varieties of Democracy) via Our World in Data, https://ourworldindata.org/grapher/liberal-democracy-index — validacion convergente, NO entra al indice ICIV"
2006,vdem_libdem_index,0.168,Venezuela,"V-Dem Institute (Varieties of Democracy) via Our World in Data, https://ourworldindata.org/grapher/liberal-democracy-index — validacion convergente, NO entra al indice ICIV"
2007,vdem_libdem_index,0.162,Venezuela,"V-Dem Institute (Varieties of Democracy) via Our World in Data, https://ourworldindata.org/grapher/liberal-democracy-index — validacion convergente, NO entra al indice ICIV"
2008,vdem_libdem_index,0.159,Venezuela,"V-Dem Institute (Varieties of Democracy) via Our World in Data, https://ourworldindata.org/grapher/liberal-democracy-index — validacion convergente, NO entra al indice ICIV"
2009,vdem_libdem_index,0.16,Venezuela,"V-Dem Institute (Varieties of Democracy) via Our World in Data, https://ourworldindata.org/grapher/liberal-democracy-index — validacion convergente, NO entra al indice ICIV"
2010,vdem_libdem_index,0.154,Venezuela,"V-Dem Institute (Varieties of Democracy) via Our World in Data, https://ourworldindata.org/grapher/liberal-democracy-index — validacion convergente, NO entra al indice ICIV"
2011,vdem_libdem_index,0.152,Venezuela,"V-Dem Institute (Varieties of Democracy) via Our World in Data, https://ourworldindata.org/grapher/liberal-democracy-index — validacion convergente, NO entra al indice ICIV"
2012,vdem_libdem_index,0.145,Venezuela,"V-Dem Institute (Varieties of Democracy) via Our World in Data, https://ourworldindata.org/grapher/liberal-democracy-index — validacion convergente, NO entra al indice ICIV"
2013,vdem_libdem_index,0.109,Venezuela,"V-Dem Institute (Varieties of Democracy) via Our World in Data, https://ourworldindata.org/grapher/liberal-democracy-index — validacion convergente, NO entra al indice ICIV"
2014,vdem_libdem_index,0.102,Venezuela,"V-Dem Institute (Varieties of Democracy) via Our World in Data, https://ourworldindata.org/grapher/liberal-democracy-index — validacion convergente, NO entra al indice ICIV"
2015,vdem_libdem_index,0.103,Venezuela,"V-Dem Institute (Varieties of Democracy) via Our World in Data, https://ourworldindata.org/grapher/liberal-democracy-index — validacion convergente, NO entra al indice ICIV"
2016,vdem_libdem_index,0.118,Venezuela,"V-Dem Institute (Varieties of Democracy) via Our World in Data, https://ourworldindata.org/grapher/liberal-democracy-index — validacion convergente, NO entra al indice ICIV"
2017,vdem_libdem_index,0.082,Venezuela,"V-Dem Institute (Varieties of Democracy) via Our World in Data, https://ourworldindata.org/grapher/liberal-democracy-index — validacion convergente, NO entra al indice ICIV"
2018,vdem_libdem_index,0.061,Venezuela,"V-Dem Institute (Varieties of Democracy) via Our World in Data, https://ourworldindata.org/grapher/liberal-democracy-index — validacion convergente, NO entra al indice ICIV"
2019,vdem_libdem_index,0.06,Venezuela,"V-Dem Institute (Varieties of Democracy) via Our World in Data, https://ourworldindata.org/grapher/liberal-democracy-index — validacion convergente, NO entra al indice ICIV"
2020,vdem_libdem_index,0.056,Venezuela,"V-Dem Institute (Varieties of Democracy) via Our World in Data, https://ourworldindata.org/grapher/liberal-democracy-index — validacion convergente, NO entra al indice ICIV"
2021,vdem_libdem_index,0.056,Venezuela,"V-Dem Institute (Varieties of Democracy) via Our World in Data, https://ourworldindata.org/grapher/liberal-democracy-index — validacion convergente, NO entra al indice ICIV"
2022,vdem_libdem_index,0.054,Venezuela,"V-Dem Institute (Varieties of Democracy) via Our World in Data, https://ourworldindata.org/grapher/liberal-democracy-index — validacion convergente, NO entra al indice ICIV"
2023,vdem_libdem_index,0.053,Venezuela,"V-Dem Institute (Varieties of Democracy) via Our World in Data, https://ourworldindata.org/grapher/liberal-democracy-index — validacion convergente, NO entra al indice ICIV"
2024,vdem_libdem_index,0.046,Venezuela,"V-Dem Institute (Varieties of Democracy) via Our World in Data, https://ourworldindata.org/grapher/liberal-democracy-index — validacion convergente, NO entra al indice ICIV"
2025,vdem_libdem_index,0.042,Venezuela,"V-Dem Institute (Varieties of Democracy) via Our World in Data, https://ourworldindata.org/grapher/liberal-democracy-index — validacion convergente, NO entra al indice ICIV"
2000,vdem_rule_of_law,0.211,Venezuela,"V-Dem Institute (Varieties of Democracy) via Our World in Data, https://ourworldindata.org/grapher/rule-of-law-index — validacion convergente, NO entra al indice ICIV"
2001,vdem_rule_of_law,0.204,Venezuela,"V-Dem Institute (Varieties of Democracy) via Our World in Data, https://ourworldindata.org/grapher/rule-of-law-index — validacion convergente, NO entra al indice ICIV"
2002,vdem_rule_of_law,0.191,Venezuela,"V-Dem Institute (Varieties of Democracy) via Our World in Data, https://ourworldindata.org/grapher/rule-of-law-index — validacion convergente, NO entra al indice ICIV"
2003,vdem_rule_of_law,0.187,Venezuela,"V-Dem Institute (Varieties of Democracy) via Our World in Data, https://ourworldindata.org/grapher/rule-of-law-index — validacion convergente, NO entra al indice ICIV"
2004,vdem_rule_of_law,0.145,Venezuela,"V-Dem Institute (Varieties of Democracy) via Our World in Data, https://ourworldindata.org/grapher/rule-of-law-index — validacion convergente, NO entra al indice ICIV"
2005,vdem_rule_of_law,0.081,Venezuela,"V-Dem Institute (Varieties of Democracy) via Our World in Data, https://ourworldindata.org/grapher/rule-of-law-index — validacion convergente, NO entra al indice ICIV"
2006,vdem_rule_of_law,0.075,Venezuela,"V-Dem Institute (Varieties of Democracy) via Our World in Data, https://ourworldindata.org/grapher/rule-of-law-index — validacion convergente, NO entra al indice ICIV"
2007,vdem_rule_of_law,0.065,Venezuela,"V-Dem Institute (Varieties of Democracy) via Our World in Data, https://ourworldindata.org/grapher/rule-of-law-index — validacion convergente, NO entra al indice ICIV"
2008,vdem_rule_of_law,0.069,Venezuela,"V-Dem Institute (Varieties of Democracy) via Our World in Data, https://ourworldindata.org/grapher/rule-of-law-index — validacion convergente, NO entra al indice ICIV"
2009,vdem_rule_of_law,0.063,Venezuela,"V-Dem Institute (Varieties of Democracy) via Our World in Data, https://ourworldindata.org/grapher/rule-of-law-index — validacion convergente, NO entra al indice ICIV"
2010,vdem_rule_of_law,0.057,Venezuela,"V-Dem Institute (Varieties of Democracy) via Our World in Data, https://ourworldindata.org/grapher/rule-of-law-index — validacion convergente, NO entra al indice ICIV"
2011,vdem_rule_of_law,0.056,Venezuela,"V-Dem Institute (Varieties of Democracy) via Our World in Data, https://ourworldindata.org/grapher/rule-of-law-index — validacion convergente, NO entra al indice ICIV"
2012,vdem_rule_of_law,0.055,Venezuela,"V-Dem Institute (Varieties of Democracy) via Our World in Data, https://ourworldindata.org/grapher/rule-of-law-index — validacion convergente, NO entra al indice ICIV"
2013,vdem_rule_of_law,0.033,Venezuela,"V-Dem Institute (Varieties of Democracy) via Our World in Data, https://ourworldindata.org/grapher/rule-of-law-index — validacion convergente, NO entra al indice ICIV"
2014,vdem_rule_of_law,0.031,Venezuela,"V-Dem Institute (Varieties of Democracy) via Our World in Data, https://ourworldindata.org/grapher/rule-of-law-index — validacion convergente, NO entra al indice ICIV"
2015,vdem_rule_of_law,0.029,Venezuela,"V-Dem Institute (Varieties of Democracy) via Our World in Data, https://ourworldindata.org/grapher/rule-of-law-index — validacion convergente, NO entra al indice ICIV"
2016,vdem_rule_of_law,0.024,Venezuela,"V-Dem Institute (Varieties of Democracy) via Our World in Data, https://ourworldindata.org/grapher/rule-of-law-index — validacion convergente, NO entra al indice ICIV"
2017,vdem_rule_of_law,0.015,Venezuela,"V-Dem Institute (Varieties of Democracy) via Our World in Data, https://ourworldindata.org/grapher/rule-of-law-index — validacion convergente, NO entra al indice ICIV"
2018,vdem_rule_of_law,0.012,Venezuela,"V-Dem Institute (Varieties of Democracy) via Our World in Data, https://ourworldindata.org/grapher/rule-of-law-index — validacion convergente, NO entra al indice ICIV"
2019,vdem_rule_of_law,0.011,Venezuela,"V-Dem Institute (Varieties of Democracy) via Our World in Data, https://ourworldindata.org/grapher/rule-of-law-index — validacion convergente, NO entra al indice ICIV"
2020,vdem_rule_of_law,0.01,Venezuela,"V-Dem Institute (Varieties of Democracy) via Our World in Data, https://ourworldindata.org/grapher/rule-of-law-index — validacion convergente, NO entra al indice ICIV"
2021,vdem_rule_of_law,0.012,Venezuela,"V-Dem Institute (Varieties of Democracy) via Our World in Data, https://ourworldindata.org/grapher/rule-of-law-index — validacion convergente, NO entra al indice ICIV"
2022,vdem_rule_of_law,0.013,Venezuela,"V-Dem Institute (Varieties of Democracy) via Our World in Data, https://ourworldindata.org/grapher/rule-of-law-index — validacion convergente, NO entra al indice ICIV"
2023,vdem_rule_of_law,0.012,Venezuela,"V-Dem Institute (Varieties of Democracy) via Our World in Data, https://ourworldindata.org/grapher/rule-of-law-index — validacion convergente, NO entra al indice ICIV"
2024,vdem_rule_of_law,0.009,Venezuela,"V-Dem Institute (Varieties of Democracy) via Our World in Data, https://ourworldindata.org/grapher/rule-of-law-index — validacion convergente, NO entra al indice ICIV"
2025,vdem_rule_of_law,0.009,Venezuela,"V-Dem Institute (Varieties of Democracy) via Our World in Data, https://ourworldindata.org/grapher/rule-of-law-index — validacion convergente, NO entra al indice ICIV"
