archivo,variable,año,valor_local,valor_oficial,tolerancia_absoluta,coincide,evidencia
cpi.csv,cpi_score,2025,10.0,10.0,1e-09,True,cpi2025.xlsx
cpi.csv,cpi_score,2024,10.0,10.0,1e-09,True,cpi2025.xlsx
cpi.csv,cpi_score,2023,13.0,13.0,1e-09,True,cpi2025.xlsx
cpi.csv,cpi_score,2022,14.0,14.0,1e-09,True,cpi2025.xlsx
cpi.csv,cpi_score,2021,14.0,14.0,1e-09,True,cpi2025.xlsx
cpi.csv,cpi_score,2020,15.0,15.0,1e-09,True,cpi2025.xlsx
cpi.csv,cpi_score,2019,16.0,16.0,1e-09,True,cpi2025.xlsx
cpi.csv,cpi_score,2018,18.0,18.0,1e-09,True,cpi2025.xlsx
cpi.csv,cpi_score,2017,18.0,18.0,1e-09,True,cpi2025.xlsx
cpi.csv,cpi_score,2016,17.0,17.0,1e-09,True,cpi2025.xlsx
cpi.csv,cpi_score,2015,17.0,17.0,1e-09,True,cpi2025.xlsx
cpi.csv,cpi_score,2014,19.0,19.0,1e-09,True,cpi2025.xlsx
cpi.csv,cpi_score,2013,20.0,20.0,1e-09,True,cpi2025.xlsx
cpi.csv,cpi_score,2012,19.0,19.0,1e-09,True,cpi2025.xlsx
imf.csv,inflacion_ipc_imf_pct,2000,16.2,16.206,0.0500001,True,weo_apr2026.xlsx
imf.csv,inflacion_ipc_imf_pct,2001,12.5,12.531,0.0500001,True,weo_apr2026.xlsx
imf.csv,inflacion_ipc_imf_pct,2002,22.4,22.434,0.0500001,True,weo_apr2026.xlsx
imf.csv,inflacion_ipc_imf_pct,2003,31.1,31.091,0.0500001,True,weo_apr2026.xlsx
imf.csv,inflacion_ipc_imf_pct,2004,21.7,21.747,0.0500001,True,weo_apr2026.xlsx
imf.csv,inflacion_ipc_imf_pct,2005,16.0,15.955,0.0500001,True,weo_apr2026.xlsx
imf.csv,inflacion_ipc_imf_pct,2006,13.7,13.663,0.0500001,True,weo_apr2026.xlsx
imf.csv,inflacion_ipc_imf_pct,2007,18.7,18.699,0.0500001,True,weo_apr2026.xlsx
imf.csv,inflacion_ipc_imf_pct,2008,31.4,31.441,0.0500001,True,weo_apr2026.xlsx
imf.csv,inflacion_ipc_imf_pct,2009,26.0,26.041,0.0500001,True,weo_apr2026.xlsx
imf.csv,inflacion_ipc_imf_pct,2010,28.2,28.187,0.0500001,True,weo_apr2026.xlsx
imf.csv,inflacion_ipc_imf_pct,2011,26.1,26.09,0.0500001,True,weo_apr2026.xlsx
imf.csv,inflacion_ipc_imf_pct,2012,21.1,21.069,0.0500001,True,weo_apr2026.xlsx
imf.csv,inflacion_ipc_imf_pct,2013,40.6,40.639,0.0500001,True,weo_apr2026.xlsx
imf.csv,inflacion_ipc_imf_pct,2014,62.2,62.169,0.0500001,True,weo_apr2026.xlsx
imf.csv,inflacion_ipc_imf_pct,2015,121.7,121.738,0.0500001,True,weo_apr2026.xlsx
imf.csv,inflacion_ipc_imf_pct,2016,254.9,254.949,0.0500001,True,weo_apr2026.xlsx
imf.csv,inflacion_ipc_imf_pct,2017,438.1,438.117,0.0500001,True,weo_apr2026.xlsx
imf.csv,inflacion_ipc_imf_pct,2018,65374.1,65374.082,0.0500001,True,weo_apr2026.xlsx
imf.csv,inflacion_ipc_imf_pct,2019,19906.0,19906.024,0.0500001,True,weo_apr2026.xlsx
imf.csv,inflacion_ipc_imf_pct,2020,2355.1,2355.147,0.0500001,True,weo_apr2026.xlsx
imf.csv,inflacion_ipc_imf_pct,2021,1588.5,1588.513,0.0500001,True,weo_apr2026.xlsx
imf.csv,inflacion_ipc_imf_pct,2022,186.5,186.542,0.0500001,True,weo_apr2026.xlsx
imf.csv,inflacion_ipc_imf_pct,2023,337.5,337.458,0.0500001,True,weo_apr2026.xlsx
imf.csv,inflacion_ipc_imf_pct,2024,49.4,49.356,0.0500001,True,weo_apr2026.xlsx
imf.csv,inflacion_ipc_imf_pct,2025,252.0,251.954,0.0500001,True,weo_apr2026.xlsx
imf.csv,inflacion_ipc_imf_pct,2026,387.4,387.397,0.0500001,True,weo_apr2026.xlsx
imf.csv,desempleo_pct,2000,14.0,14.008,0.0500001,True,weo_apr2026.xlsx
imf.csv,desempleo_pct,2001,13.4,13.358,0.0500001,True,weo_apr2026.xlsx
imf.csv,desempleo_pct,2002,16.0,15.996,0.0500001,True,weo_apr2026.xlsx
imf.csv,desempleo_pct,2003,18.2,18.188,0.0500001,True,weo_apr2026.xlsx
imf.csv,desempleo_pct,2004,15.1,15.067,0.0500001,True,weo_apr2026.xlsx
imf.csv,desempleo_pct,2005,12.2,12.242,0.0500001,True,weo_apr2026.xlsx
imf.csv,desempleo_pct,2006,10.0,9.958,0.0500001,True,weo_apr2026.xlsx
imf.csv,desempleo_pct,2007,8.5,8.492,0.0500001,True,weo_apr2026.xlsx
imf.csv,desempleo_pct,2008,7.4,7.354,0.0500001,True,weo_apr2026.xlsx
imf.csv,desempleo_pct,2009,7.9,7.879,0.0500001,True,weo_apr2026.xlsx
imf.csv,desempleo_pct,2010,8.5,8.508,0.0500001,True,weo_apr2026.xlsx
imf.csv,desempleo_pct,2011,8.2,8.204,0.0500001,True,weo_apr2026.xlsx
imf.csv,desempleo_pct,2012,7.8,7.823,0.0500001,True,weo_apr2026.xlsx
imf.csv,desempleo_pct,2013,7.5,7.47,0.0500001,True,weo_apr2026.xlsx
imf.csv,desempleo_pct,2014,8.0,7.99,0.0500001,True,weo_apr2026.xlsx
imf.csv,desempleo_pct,2015,12.5,12.491,0.0500001,True,weo_apr2026.xlsx
imf.csv,desempleo_pct,2016,20.9,20.863,0.0500001,True,weo_apr2026.xlsx
imf.csv,desempleo_pct,2017,27.9,27.886,0.0500001,True,weo_apr2026.xlsx
imf.csv,desempleo_pct,2018,35.6,35.554,0.0500001,True,weo_apr2026.xlsx
imf.csv,cuenta_corriente_pct_pib,2000,10.1,10.079,0.0500001,True,weo_apr2026.xlsx
imf.csv,cuenta_corriente_pct_pib,2001,1.6,1.611,0.0500001,True,weo_apr2026.xlsx
imf.csv,cuenta_corriente_pct_pib,2002,8.0,7.977,0.0500001,True,weo_apr2026.xlsx
imf.csv,cuenta_corriente_pct_pib,2003,14.1,14.096,0.0500001,True,weo_apr2026.xlsx
imf.csv,cuenta_corriente_pct_pib,2004,13.8,13.825,0.0500001,True,weo_apr2026.xlsx
imf.csv,cuenta_corriente_pct_pib,2005,17.7,17.749,0.0500001,True,weo_apr2026.xlsx
imf.csv,cuenta_corriente_pct_pib,2006,14.8,14.823,0.0500001,True,weo_apr2026.xlsx
imf.csv,cuenta_corriente_pct_pib,2007,5.8,5.782,0.0500001,True,weo_apr2026.xlsx
imf.csv,cuenta_corriente_pct_pib,2008,10.2,10.202,0.0500001,True,weo_apr2026.xlsx
imf.csv,cuenta_corriente_pct_pib,2009,0.2,0.16,0.0500001,True,weo_apr2026.xlsx
imf.csv,cuenta_corriente_pct_pib,2010,1.8,1.755,0.0500001,True,weo_apr2026.xlsx
imf.csv,cuenta_corriente_pct_pib,2011,5.2,5.164,0.0500001,True,weo_apr2026.xlsx
imf.csv,cuenta_corriente_pct_pib,2012,0.7,0.694,0.0500001,True,weo_apr2026.xlsx
imf.csv,cuenta_corriente_pct_pib,2013,1.8,1.778,0.0500001,True,weo_apr2026.xlsx
imf.csv,cuenta_corriente_pct_pib,2014,2.3,2.291,0.0500001,True,weo_apr2026.xlsx
imf.csv,cuenta_corriente_pct_pib,2015,-12.8,-12.795,0.0500001,True,weo_apr2026.xlsx
imf.csv,cuenta_corriente_pct_pib,2016,-3.4,-3.427,0.0500001,True,weo_apr2026.xlsx
imf.csv,cuenta_corriente_pct_pib,2017,7.5,7.513,0.0500001,True,weo_apr2026.xlsx
imf.csv,cuenta_corriente_pct_pib,2018,8.4,8.442,0.0500001,True,weo_apr2026.xlsx
imf.csv,cuenta_corriente_pct_pib,2019,5.9,5.884,0.0500001,True,weo_apr2026.xlsx
imf.csv,cuenta_corriente_pct_pib,2020,-3.2,-3.228,0.0500001,True,weo_apr2026.xlsx
imf.csv,cuenta_corriente_pct_pib,2021,-0.9,-0.945,0.0500001,True,weo_apr2026.xlsx
imf.csv,cuenta_corriente_pct_pib,2022,4.0,4.033,0.0500001,True,weo_apr2026.xlsx
imf.csv,cuenta_corriente_pct_pib,2023,5.8,5.826,0.0500001,True,weo_apr2026.xlsx
imf.csv,cuenta_corriente_pct_pib,2024,4.1,4.093,0.0500001,True,weo_apr2026.xlsx
imf.csv,cuenta_corriente_pct_pib,2025,2.6,2.566,0.0500001,True,weo_apr2026.xlsx
imf.csv,cuenta_corriente_pct_pib,2026,7.1,7.076,0.0500001,True,weo_apr2026.xlsx
imf.csv,pib_crecimiento_imf_pct,2000,3.7,3.687,0.0500001,True,weo_apr2026.xlsx
imf.csv,pib_crecimiento_imf_pct,2001,3.4,3.394,0.0500001,True,weo_apr2026.xlsx
imf.csv,pib_crecimiento_imf_pct,2002,-8.9,-8.856,0.0500001,True,weo_apr2026.xlsx
imf.csv,pib_crecimiento_imf_pct,2003,-7.8,-7.755,0.0500001,True,weo_apr2026.xlsx
imf.csv,pib_crecimiento_imf_pct,2004,18.3,18.287,0.0500001,True,weo_apr2026.xlsx
imf.csv,pib_crecimiento_imf_pct,2005,10.3,10.318,0.0500001,True,weo_apr2026.xlsx
imf.csv,pib_crecimiento_imf_pct,2006,9.9,9.872,0.0500001,True,weo_apr2026.xlsx
imf.csv,pib_crecimiento_imf_pct,2007,8.8,8.754,0.0500001,True,weo_apr2026.xlsx
imf.csv,pib_crecimiento_imf_pct,2008,5.3,5.278,0.0500001,True,weo_apr2026.xlsx
imf.csv,pib_crecimiento_imf_pct,2009,-3.2,-3.202,0.0500001,True,weo_apr2026.xlsx
imf.csv,pib_crecimiento_imf_pct,2010,-1.5,-1.489,0.0500001,True,weo_apr2026.xlsx
imf.csv,pib_crecimiento_imf_pct,2011,4.2,4.176,0.0500001,True,weo_apr2026.xlsx
imf.csv,pib_crecimiento_imf_pct,2012,5.6,5.626,0.0500001,True,weo_apr2026.xlsx
imf.csv,pib_crecimiento_imf_pct,2013,1.3,1.343,0.0500001,True,weo_apr2026.xlsx
imf.csv,pib_crecimiento_imf_pct,2014,-3.9,-3.894,0.0500001,True,weo_apr2026.xlsx
imf.csv,pib_crecimiento_imf_pct,2015,-6.2,-6.221,0.0500001,True,weo_apr2026.xlsx
imf.csv,pib_crecimiento_imf_pct,2016,-17.0,-17.04,0.0500001,True,weo_apr2026.xlsx
imf.csv,pib_crecimiento_imf_pct,2017,-15.7,-15.671,0.0500001,True,weo_apr2026.xlsx
imf.csv,pib_crecimiento_imf_pct,2018,-19.7,-19.655,0.0500001,True,weo_apr2026.xlsx
imf.csv,pib_crecimiento_imf_pct,2019,-27.7,-27.658,0.0500001,True,weo_apr2026.xlsx
imf.csv,pib_crecimiento_imf_pct,2020,-30.0,-29.999,0.0500001,True,weo_apr2026.xlsx
imf.csv,pib_crecimiento_imf_pct,2021,1.0,0.955,0.0500001,True,weo_apr2026.xlsx
imf.csv,pib_crecimiento_imf_pct,2022,8.0,8.001,0.0500001,True,weo_apr2026.xlsx
imf.csv,pib_crecimiento_imf_pct,2023,4.0,4.002,0.0500001,True,weo_apr2026.xlsx
imf.csv,pib_crecimiento_imf_pct,2024,5.3,5.298,0.0500001,True,weo_apr2026.xlsx
imf.csv,pib_crecimiento_imf_pct,2025,1.5,1.533,0.0500001,True,weo_apr2026.xlsx
imf.csv,pib_crecimiento_imf_pct,2026,4.0,4.043,0.0500001,True,weo_apr2026.xlsx
wjp.csv,wjp_rule_of_law,2013,0.3586,0.35859205011581974,5.001e-05,True,wjp2025.xlsx
wjp.csv,wjp_rule_of_law,2014,0.3105,0.3105444165136808,5.001e-05,True,wjp2025.xlsx
wjp.csv,wjp_rule_of_law,2015,0.3128,0.3127859152467974,5.001e-05,True,wjp2025.xlsx
wjp.csv,wjp_rule_of_law,2016,0.2775,0.2774595528867995,5.001e-05,True,wjp2025.xlsx
wjp.csv,wjp_rule_of_law,2018,0.2861,0.28608625703979934,5.001e-05,True,wjp2025.xlsx
wjp.csv,wjp_rule_of_law,2019,0.2763,0.2762991984711953,5.001e-05,True,wjp2025.xlsx
wjp.csv,wjp_rule_of_law,2020,0.2691,0.2691009506063608,5.001e-05,True,wjp2025.xlsx
wjp.csv,wjp_rule_of_law,2021,0.2651,0.26506162710726283,5.001e-05,True,wjp2025.xlsx
wjp.csv,wjp_rule_of_law,2022,0.2614,0.2613805022450237,5.001e-05,True,wjp2025.xlsx
wjp.csv,wjp_rule_of_law,2023,0.2638,0.263803985320371,5.001e-05,True,wjp2025.xlsx
wjp.csv,wjp_rule_of_law,2024,0.2607,0.260713295585324,5.001e-05,True,wjp2025.xlsx
wjp.csv,wjp_rule_of_law,2025,0.2597,0.2597410505231185,5.001e-05,True,wjp2025.xlsx
freedom_house.csv,freedom_house_score,2023,15.0,15.0,1e-09,True,fh2013_2024.xlsx
freedom_house.csv,freedom_house_score,2022,15.0,15.0,1e-09,True,fh2013_2024.xlsx
freedom_house.csv,freedom_house_score,2021,14.0,14.0,1e-09,True,fh2013_2024.xlsx
freedom_house.csv,freedom_house_score,2020,14.0,14.0,1e-09,True,fh2013_2024.xlsx
freedom_house.csv,freedom_house_score,2019,16.0,16.0,1e-09,True,fh2013_2024.xlsx
freedom_house.csv,freedom_house_score,2018,19.0,19.0,1e-09,True,fh2013_2024.xlsx
freedom_house.csv,freedom_house_score,2017,26.0,26.0,1e-09,True,fh2013_2024.xlsx
freedom_house.csv,freedom_house_score,2016,30.0,30.0,1e-09,True,fh2013_2024.xlsx
freedom_house.csv,freedom_house_score,2015,35.0,35.0,1e-09,True,fh2013_2024.xlsx
freedom_house.csv,freedom_house_score,2014,35.0,35.0,1e-09,True,fh2013_2024.xlsx
freedom_house.csv,freedom_house_score,2013,38.0,38.0,1e-09,True,fh2013_2024.xlsx
freedom_house.csv,freedom_house_score,2012,39.0,39.0,1e-09,True,fh2013_2024.xlsx
freedom_house.csv,freedom_house_score,2024,13.0,13.0,1e-09,True,fh2025.html
freedom_house.csv,freedom_house_score,2025,13.0,13.0,1e-09,True,fh2026.html
hdi.csv,hdi,2000,0.703,0.703,0.00050001,True,hdi_owid.csv
hdi.csv,hdi,2001,0.708,0.708,0.00050001,True,hdi_owid.csv
hdi.csv,hdi,2002,0.716,0.716,0.00050001,True,hdi_owid.csv
hdi.csv,hdi,2003,0.707,0.707,0.00050001,True,hdi_owid.csv
hdi.csv,hdi,2004,0.718,0.718,0.00050001,True,hdi_owid.csv
hdi.csv,hdi,2005,0.728,0.728,0.00050001,True,hdi_owid.csv
hdi.csv,hdi,2006,0.736,0.736,0.00050001,True,hdi_owid.csv
hdi.csv,hdi,2007,0.753,0.753,0.00050001,True,hdi_owid.csv
hdi.csv,hdi,2008,0.759,0.759,0.00050001,True,hdi_owid.csv
hdi.csv,hdi,2009,0.76,0.76,0.00050001,True,hdi_owid.csv
hdi.csv,hdi,2010,0.764,0.764,0.00050001,True,hdi_owid.csv
hdi.csv,hdi,2011,0.77,0.77,0.00050001,True,hdi_owid.csv
hdi.csv,hdi,2012,0.772,0.772,0.00050001,True,hdi_owid.csv
hdi.csv,hdi,2013,0.773,0.773,0.00050001,True,hdi_owid.csv
hdi.csv,hdi,2014,0.77,0.77,0.00050001,True,hdi_owid.csv
hdi.csv,hdi,2015,0.768,0.768,0.00050001,True,hdi_owid.csv
hdi.csv,hdi,2016,0.761,0.761,0.00050001,True,hdi_owid.csv
hdi.csv,hdi,2017,0.749,0.749,0.00050001,True,hdi_owid.csv
hdi.csv,hdi,2018,0.741,0.741,0.00050001,True,hdi_owid.csv
hdi.csv,hdi,2019,0.724,0.724,0.00050001,True,hdi_owid.csv
hdi.csv,hdi,2020,0.699,0.699,0.00050001,True,hdi_owid.csv
hdi.csv,hdi,2021,0.696,0.696,0.00050001,True,hdi_owid.csv
hdi.csv,hdi,2022,0.706,0.706,0.00050001,True,hdi_owid.csv
hdi.csv,hdi,2023,0.709,0.709,0.00050001,True,hdi_owid.csv
