archivo_origen,variable,año,valor_verificado,raw_sha256,raw_canonical_lf_sha256,estado_observacion,fecha_publicacion,evidencia,evidence_sha256,url
cpi.csv,cpi_score,2025,10.0,5e7e0837d91123078b51eb9f8bb9475d39f1f58dfeebc18921672f2f1a02f6b2,75a127a72d7da8b90dd911a785ef62a66dd3248a9aebbd8d0b4c2459c8951400,indice_publicado_verificado; no es medicion directa,2026-02-10,cpi2025.xlsx,543a2ad438c4ba9a70367ee10a44a2565de7fae6bcd8a8db0c23d0b993e46e31,https://images.transparencycdn.org/images/CPI2025_Results.xlsx
cpi.csv,cpi_score,2024,10.0,5e7e0837d91123078b51eb9f8bb9475d39f1f58dfeebc18921672f2f1a02f6b2,75a127a72d7da8b90dd911a785ef62a66dd3248a9aebbd8d0b4c2459c8951400,indice_publicado_verificado; no es medicion directa,2026-02-10,cpi2025.xlsx,543a2ad438c4ba9a70367ee10a44a2565de7fae6bcd8a8db0c23d0b993e46e31,https://images.transparencycdn.org/images/CPI2025_Results.xlsx
cpi.csv,cpi_score,2023,13.0,5e7e0837d91123078b51eb9f8bb9475d39f1f58dfeebc18921672f2f1a02f6b2,75a127a72d7da8b90dd911a785ef62a66dd3248a9aebbd8d0b4c2459c8951400,indice_publicado_verificado; no es medicion directa,2026-02-10,cpi2025.xlsx,543a2ad438c4ba9a70367ee10a44a2565de7fae6bcd8a8db0c23d0b993e46e31,https://images.transparencycdn.org/images/CPI2025_Results.xlsx
cpi.csv,cpi_score,2022,14.0,5e7e0837d91123078b51eb9f8bb9475d39f1f58dfeebc18921672f2f1a02f6b2,75a127a72d7da8b90dd911a785ef62a66dd3248a9aebbd8d0b4c2459c8951400,indice_publicado_verificado; no es medicion directa,2026-02-10,cpi2025.xlsx,543a2ad438c4ba9a70367ee10a44a2565de7fae6bcd8a8db0c23d0b993e46e31,https://images.transparencycdn.org/images/CPI2025_Results.xlsx
cpi.csv,cpi_score,2021,14.0,5e7e0837d91123078b51eb9f8bb9475d39f1f58dfeebc18921672f2f1a02f6b2,75a127a72d7da8b90dd911a785ef62a66dd3248a9aebbd8d0b4c2459c8951400,indice_publicado_verificado; no es medicion directa,2026-02-10,cpi2025.xlsx,543a2ad438c4ba9a70367ee10a44a2565de7fae6bcd8a8db0c23d0b993e46e31,https://images.transparencycdn.org/images/CPI2025_Results.xlsx
cpi.csv,cpi_score,2020,15.0,5e7e0837d91123078b51eb9f8bb9475d39f1f58dfeebc18921672f2f1a02f6b2,75a127a72d7da8b90dd911a785ef62a66dd3248a9aebbd8d0b4c2459c8951400,indice_publicado_verificado; no es medicion directa,2026-02-10,cpi2025.xlsx,543a2ad438c4ba9a70367ee10a44a2565de7fae6bcd8a8db0c23d0b993e46e31,https://images.transparencycdn.org/images/CPI2025_Results.xlsx
cpi.csv,cpi_score,2019,16.0,5e7e0837d91123078b51eb9f8bb9475d39f1f58dfeebc18921672f2f1a02f6b2,75a127a72d7da8b90dd911a785ef62a66dd3248a9aebbd8d0b4c2459c8951400,indice_publicado_verificado; no es medicion directa,2026-02-10,cpi2025.xlsx,543a2ad438c4ba9a70367ee10a44a2565de7fae6bcd8a8db0c23d0b993e46e31,https://images.transparencycdn.org/images/CPI2025_Results.xlsx
cpi.csv,cpi_score,2018,18.0,5e7e0837d91123078b51eb9f8bb9475d39f1f58dfeebc18921672f2f1a02f6b2,75a127a72d7da8b90dd911a785ef62a66dd3248a9aebbd8d0b4c2459c8951400,indice_publicado_verificado; no es medicion directa,2026-02-10,cpi2025.xlsx,543a2ad438c4ba9a70367ee10a44a2565de7fae6bcd8a8db0c23d0b993e46e31,https://images.transparencycdn.org/images/CPI2025_Results.xlsx
cpi.csv,cpi_score,2017,18.0,5e7e0837d91123078b51eb9f8bb9475d39f1f58dfeebc18921672f2f1a02f6b2,75a127a72d7da8b90dd911a785ef62a66dd3248a9aebbd8d0b4c2459c8951400,indice_publicado_verificado; no es medicion directa,2026-02-10,cpi2025.xlsx,543a2ad438c4ba9a70367ee10a44a2565de7fae6bcd8a8db0c23d0b993e46e31,https://images.transparencycdn.org/images/CPI2025_Results.xlsx
cpi.csv,cpi_score,2016,17.0,5e7e0837d91123078b51eb9f8bb9475d39f1f58dfeebc18921672f2f1a02f6b2,75a127a72d7da8b90dd911a785ef62a66dd3248a9aebbd8d0b4c2459c8951400,indice_publicado_verificado; no es medicion directa,2026-02-10,cpi2025.xlsx,543a2ad438c4ba9a70367ee10a44a2565de7fae6bcd8a8db0c23d0b993e46e31,https://images.transparencycdn.org/images/CPI2025_Results.xlsx
cpi.csv,cpi_score,2015,17.0,5e7e0837d91123078b51eb9f8bb9475d39f1f58dfeebc18921672f2f1a02f6b2,75a127a72d7da8b90dd911a785ef62a66dd3248a9aebbd8d0b4c2459c8951400,indice_publicado_verificado; no es medicion directa,2026-02-10,cpi2025.xlsx,543a2ad438c4ba9a70367ee10a44a2565de7fae6bcd8a8db0c23d0b993e46e31,https://images.transparencycdn.org/images/CPI2025_Results.xlsx
cpi.csv,cpi_score,2014,19.0,5e7e0837d91123078b51eb9f8bb9475d39f1f58dfeebc18921672f2f1a02f6b2,75a127a72d7da8b90dd911a785ef62a66dd3248a9aebbd8d0b4c2459c8951400,indice_publicado_verificado; no es medicion directa,2026-02-10,cpi2025.xlsx,543a2ad438c4ba9a70367ee10a44a2565de7fae6bcd8a8db0c23d0b993e46e31,https://images.transparencycdn.org/images/CPI2025_Results.xlsx
cpi.csv,cpi_score,2013,20.0,5e7e0837d91123078b51eb9f8bb9475d39f1f58dfeebc18921672f2f1a02f6b2,75a127a72d7da8b90dd911a785ef62a66dd3248a9aebbd8d0b4c2459c8951400,indice_publicado_verificado; no es medicion directa,2026-02-10,cpi2025.xlsx,543a2ad438c4ba9a70367ee10a44a2565de7fae6bcd8a8db0c23d0b993e46e31,https://images.transparencycdn.org/images/CPI2025_Results.xlsx
cpi.csv,cpi_score,2012,19.0,5e7e0837d91123078b51eb9f8bb9475d39f1f58dfeebc18921672f2f1a02f6b2,75a127a72d7da8b90dd911a785ef62a66dd3248a9aebbd8d0b4c2459c8951400,indice_publicado_verificado; no es medicion directa,2026-02-10,cpi2025.xlsx,543a2ad438c4ba9a70367ee10a44a2565de7fae6bcd8a8db0c23d0b993e46e31,https://images.transparencycdn.org/images/CPI2025_Results.xlsx
imf.csv,inflacion_ipc_imf_pct,2000,16.2,a1810ac89320236c7e5653b7db32d2f34bee7eb35357a65296deb4fd594d4370,33aeeb8b241ba2e4a5570972f2524b1607d4f1dac0d6a827c8eb21c8dab2b1b0,WEO_historico_segun_proveedor_revisable,2026-04-14T13:00:00Z,weo_apr2026.xlsx,b29239cb48f8b895d1e526070c4fde01147bc8f6bd3b86f636363bb6bd87fe7a,https://data.imf.org/-/media/iData/External-Storage/Documents/2F78EE59F79143A7921E5E203D3AAA80/en/WEOApr2026all.xlsx
imf.csv,inflacion_ipc_imf_pct,2001,12.5,a1810ac89320236c7e5653b7db32d2f34bee7eb35357a65296deb4fd594d4370,33aeeb8b241ba2e4a5570972f2524b1607d4f1dac0d6a827c8eb21c8dab2b1b0,WEO_historico_segun_proveedor_revisable,2026-04-14T13:00:00Z,weo_apr2026.xlsx,b29239cb48f8b895d1e526070c4fde01147bc8f6bd3b86f636363bb6bd87fe7a,https://data.imf.org/-/media/iData/External-Storage/Documents/2F78EE59F79143A7921E5E203D3AAA80/en/WEOApr2026all.xlsx
imf.csv,inflacion_ipc_imf_pct,2002,22.4,a1810ac89320236c7e5653b7db32d2f34bee7eb35357a65296deb4fd594d4370,33aeeb8b241ba2e4a5570972f2524b1607d4f1dac0d6a827c8eb21c8dab2b1b0,WEO_historico_segun_proveedor_revisable,2026-04-14T13:00:00Z,weo_apr2026.xlsx,b29239cb48f8b895d1e526070c4fde01147bc8f6bd3b86f636363bb6bd87fe7a,https://data.imf.org/-/media/iData/External-Storage/Documents/2F78EE59F79143A7921E5E203D3AAA80/en/WEOApr2026all.xlsx
imf.csv,inflacion_ipc_imf_pct,2003,31.1,a1810ac89320236c7e5653b7db32d2f34bee7eb35357a65296deb4fd594d4370,33aeeb8b241ba2e4a5570972f2524b1607d4f1dac0d6a827c8eb21c8dab2b1b0,WEO_historico_segun_proveedor_revisable,2026-04-14T13:00:00Z,weo_apr2026.xlsx,b29239cb48f8b895d1e526070c4fde01147bc8f6bd3b86f636363bb6bd87fe7a,https://data.imf.org/-/media/iData/External-Storage/Documents/2F78EE59F79143A7921E5E203D3AAA80/en/WEOApr2026all.xlsx
imf.csv,inflacion_ipc_imf_pct,2004,21.7,a1810ac89320236c7e5653b7db32d2f34bee7eb35357a65296deb4fd594d4370,33aeeb8b241ba2e4a5570972f2524b1607d4f1dac0d6a827c8eb21c8dab2b1b0,WEO_historico_segun_proveedor_revisable,2026-04-14T13:00:00Z,weo_apr2026.xlsx,b29239cb48f8b895d1e526070c4fde01147bc8f6bd3b86f636363bb6bd87fe7a,https://data.imf.org/-/media/iData/External-Storage/Documents/2F78EE59F79143A7921E5E203D3AAA80/en/WEOApr2026all.xlsx
imf.csv,inflacion_ipc_imf_pct,2005,16.0,a1810ac89320236c7e5653b7db32d2f34bee7eb35357a65296deb4fd594d4370,33aeeb8b241ba2e4a5570972f2524b1607d4f1dac0d6a827c8eb21c8dab2b1b0,WEO_historico_segun_proveedor_revisable,2026-04-14T13:00:00Z,weo_apr2026.xlsx,b29239cb48f8b895d1e526070c4fde01147bc8f6bd3b86f636363bb6bd87fe7a,https://data.imf.org/-/media/iData/External-Storage/Documents/2F78EE59F79143A7921E5E203D3AAA80/en/WEOApr2026all.xlsx
imf.csv,inflacion_ipc_imf_pct,2006,13.7,a1810ac89320236c7e5653b7db32d2f34bee7eb35357a65296deb4fd594d4370,33aeeb8b241ba2e4a5570972f2524b1607d4f1dac0d6a827c8eb21c8dab2b1b0,WEO_historico_segun_proveedor_revisable,2026-04-14T13:00:00Z,weo_apr2026.xlsx,b29239cb48f8b895d1e526070c4fde01147bc8f6bd3b86f636363bb6bd87fe7a,https://data.imf.org/-/media/iData/External-Storage/Documents/2F78EE59F79143A7921E5E203D3AAA80/en/WEOApr2026all.xlsx
imf.csv,inflacion_ipc_imf_pct,2007,18.7,a1810ac89320236c7e5653b7db32d2f34bee7eb35357a65296deb4fd594d4370,33aeeb8b241ba2e4a5570972f2524b1607d4f1dac0d6a827c8eb21c8dab2b1b0,WEO_historico_segun_proveedor_revisable,2026-04-14T13:00:00Z,weo_apr2026.xlsx,b29239cb48f8b895d1e526070c4fde01147bc8f6bd3b86f636363bb6bd87fe7a,https://data.imf.org/-/media/iData/External-Storage/Documents/2F78EE59F79143A7921E5E203D3AAA80/en/WEOApr2026all.xlsx
imf.csv,inflacion_ipc_imf_pct,2008,31.4,a1810ac89320236c7e5653b7db32d2f34bee7eb35357a65296deb4fd594d4370,33aeeb8b241ba2e4a5570972f2524b1607d4f1dac0d6a827c8eb21c8dab2b1b0,WEO_historico_segun_proveedor_revisable,2026-04-14T13:00:00Z,weo_apr2026.xlsx,b29239cb48f8b895d1e526070c4fde01147bc8f6bd3b86f636363bb6bd87fe7a,https://data.imf.org/-/media/iData/External-Storage/Documents/2F78EE59F79143A7921E5E203D3AAA80/en/WEOApr2026all.xlsx
imf.csv,inflacion_ipc_imf_pct,2009,26.0,a1810ac89320236c7e5653b7db32d2f34bee7eb35357a65296deb4fd594d4370,33aeeb8b241ba2e4a5570972f2524b1607d4f1dac0d6a827c8eb21c8dab2b1b0,WEO_historico_segun_proveedor_revisable,2026-04-14T13:00:00Z,weo_apr2026.xlsx,b29239cb48f8b895d1e526070c4fde01147bc8f6bd3b86f636363bb6bd87fe7a,https://data.imf.org/-/media/iData/External-Storage/Documents/2F78EE59F79143A7921E5E203D3AAA80/en/WEOApr2026all.xlsx
imf.csv,inflacion_ipc_imf_pct,2010,28.2,a1810ac89320236c7e5653b7db32d2f34bee7eb35357a65296deb4fd594d4370,33aeeb8b241ba2e4a5570972f2524b1607d4f1dac0d6a827c8eb21c8dab2b1b0,WEO_historico_segun_proveedor_revisable,2026-04-14T13:00:00Z,weo_apr2026.xlsx,b29239cb48f8b895d1e526070c4fde01147bc8f6bd3b86f636363bb6bd87fe7a,https://data.imf.org/-/media/iData/External-Storage/Documents/2F78EE59F79143A7921E5E203D3AAA80/en/WEOApr2026all.xlsx
imf.csv,inflacion_ipc_imf_pct,2011,26.1,a1810ac89320236c7e5653b7db32d2f34bee7eb35357a65296deb4fd594d4370,33aeeb8b241ba2e4a5570972f2524b1607d4f1dac0d6a827c8eb21c8dab2b1b0,WEO_historico_segun_proveedor_revisable,2026-04-14T13:00:00Z,weo_apr2026.xlsx,b29239cb48f8b895d1e526070c4fde01147bc8f6bd3b86f636363bb6bd87fe7a,https://data.imf.org/-/media/iData/External-Storage/Documents/2F78EE59F79143A7921E5E203D3AAA80/en/WEOApr2026all.xlsx
imf.csv,inflacion_ipc_imf_pct,2012,21.1,a1810ac89320236c7e5653b7db32d2f34bee7eb35357a65296deb4fd594d4370,33aeeb8b241ba2e4a5570972f2524b1607d4f1dac0d6a827c8eb21c8dab2b1b0,WEO_historico_segun_proveedor_revisable,2026-04-14T13:00:00Z,weo_apr2026.xlsx,b29239cb48f8b895d1e526070c4fde01147bc8f6bd3b86f636363bb6bd87fe7a,https://data.imf.org/-/media/iData/External-Storage/Documents/2F78EE59F79143A7921E5E203D3AAA80/en/WEOApr2026all.xlsx
imf.csv,inflacion_ipc_imf_pct,2013,40.6,a1810ac89320236c7e5653b7db32d2f34bee7eb35357a65296deb4fd594d4370,33aeeb8b241ba2e4a5570972f2524b1607d4f1dac0d6a827c8eb21c8dab2b1b0,WEO_historico_segun_proveedor_revisable,2026-04-14T13:00:00Z,weo_apr2026.xlsx,b29239cb48f8b895d1e526070c4fde01147bc8f6bd3b86f636363bb6bd87fe7a,https://data.imf.org/-/media/iData/External-Storage/Documents/2F78EE59F79143A7921E5E203D3AAA80/en/WEOApr2026all.xlsx
imf.csv,inflacion_ipc_imf_pct,2014,62.2,a1810ac89320236c7e5653b7db32d2f34bee7eb35357a65296deb4fd594d4370,33aeeb8b241ba2e4a5570972f2524b1607d4f1dac0d6a827c8eb21c8dab2b1b0,WEO_historico_segun_proveedor_revisable,2026-04-14T13:00:00Z,weo_apr2026.xlsx,b29239cb48f8b895d1e526070c4fde01147bc8f6bd3b86f636363bb6bd87fe7a,https://data.imf.org/-/media/iData/External-Storage/Documents/2F78EE59F79143A7921E5E203D3AAA80/en/WEOApr2026all.xlsx
imf.csv,inflacion_ipc_imf_pct,2015,121.7,a1810ac89320236c7e5653b7db32d2f34bee7eb35357a65296deb4fd594d4370,33aeeb8b241ba2e4a5570972f2524b1607d4f1dac0d6a827c8eb21c8dab2b1b0,WEO_historico_segun_proveedor_revisable,2026-04-14T13:00:00Z,weo_apr2026.xlsx,b29239cb48f8b895d1e526070c4fde01147bc8f6bd3b86f636363bb6bd87fe7a,https://data.imf.org/-/media/iData/External-Storage/Documents/2F78EE59F79143A7921E5E203D3AAA80/en/WEOApr2026all.xlsx
imf.csv,inflacion_ipc_imf_pct,2016,254.9,a1810ac89320236c7e5653b7db32d2f34bee7eb35357a65296deb4fd594d4370,33aeeb8b241ba2e4a5570972f2524b1607d4f1dac0d6a827c8eb21c8dab2b1b0,WEO_historico_segun_proveedor_revisable,2026-04-14T13:00:00Z,weo_apr2026.xlsx,b29239cb48f8b895d1e526070c4fde01147bc8f6bd3b86f636363bb6bd87fe7a,https://data.imf.org/-/media/iData/External-Storage/Documents/2F78EE59F79143A7921E5E203D3AAA80/en/WEOApr2026all.xlsx
imf.csv,inflacion_ipc_imf_pct,2017,438.1,a1810ac89320236c7e5653b7db32d2f34bee7eb35357a65296deb4fd594d4370,33aeeb8b241ba2e4a5570972f2524b1607d4f1dac0d6a827c8eb21c8dab2b1b0,WEO_historico_segun_proveedor_revisable,2026-04-14T13:00:00Z,weo_apr2026.xlsx,b29239cb48f8b895d1e526070c4fde01147bc8f6bd3b86f636363bb6bd87fe7a,https://data.imf.org/-/media/iData/External-Storage/Documents/2F78EE59F79143A7921E5E203D3AAA80/en/WEOApr2026all.xlsx
imf.csv,inflacion_ipc_imf_pct,2018,65374.1,a1810ac89320236c7e5653b7db32d2f34bee7eb35357a65296deb4fd594d4370,33aeeb8b241ba2e4a5570972f2524b1607d4f1dac0d6a827c8eb21c8dab2b1b0,WEO_historico_segun_proveedor_revisable,2026-04-14T13:00:00Z,weo_apr2026.xlsx,b29239cb48f8b895d1e526070c4fde01147bc8f6bd3b86f636363bb6bd87fe7a,https://data.imf.org/-/media/iData/External-Storage/Documents/2F78EE59F79143A7921E5E203D3AAA80/en/WEOApr2026all.xlsx
imf.csv,inflacion_ipc_imf_pct,2019,19906.0,a1810ac89320236c7e5653b7db32d2f34bee7eb35357a65296deb4fd594d4370,33aeeb8b241ba2e4a5570972f2524b1607d4f1dac0d6a827c8eb21c8dab2b1b0,WEO_historico_segun_proveedor_revisable,2026-04-14T13:00:00Z,weo_apr2026.xlsx,b29239cb48f8b895d1e526070c4fde01147bc8f6bd3b86f636363bb6bd87fe7a,https://data.imf.org/-/media/iData/External-Storage/Documents/2F78EE59F79143A7921E5E203D3AAA80/en/WEOApr2026all.xlsx
imf.csv,inflacion_ipc_imf_pct,2020,2355.1,a1810ac89320236c7e5653b7db32d2f34bee7eb35357a65296deb4fd594d4370,33aeeb8b241ba2e4a5570972f2524b1607d4f1dac0d6a827c8eb21c8dab2b1b0,WEO_historico_segun_proveedor_revisable,2026-04-14T13:00:00Z,weo_apr2026.xlsx,b29239cb48f8b895d1e526070c4fde01147bc8f6bd3b86f636363bb6bd87fe7a,https://data.imf.org/-/media/iData/External-Storage/Documents/2F78EE59F79143A7921E5E203D3AAA80/en/WEOApr2026all.xlsx
imf.csv,inflacion_ipc_imf_pct,2021,1588.5,a1810ac89320236c7e5653b7db32d2f34bee7eb35357a65296deb4fd594d4370,33aeeb8b241ba2e4a5570972f2524b1607d4f1dac0d6a827c8eb21c8dab2b1b0,WEO_historico_segun_proveedor_revisable,2026-04-14T13:00:00Z,weo_apr2026.xlsx,b29239cb48f8b895d1e526070c4fde01147bc8f6bd3b86f636363bb6bd87fe7a,https://data.imf.org/-/media/iData/External-Storage/Documents/2F78EE59F79143A7921E5E203D3AAA80/en/WEOApr2026all.xlsx
imf.csv,inflacion_ipc_imf_pct,2022,186.5,a1810ac89320236c7e5653b7db32d2f34bee7eb35357a65296deb4fd594d4370,33aeeb8b241ba2e4a5570972f2524b1607d4f1dac0d6a827c8eb21c8dab2b1b0,WEO_historico_segun_proveedor_revisable,2026-04-14T13:00:00Z,weo_apr2026.xlsx,b29239cb48f8b895d1e526070c4fde01147bc8f6bd3b86f636363bb6bd87fe7a,https://data.imf.org/-/media/iData/External-Storage/Documents/2F78EE59F79143A7921E5E203D3AAA80/en/WEOApr2026all.xlsx
imf.csv,inflacion_ipc_imf_pct,2023,337.5,a1810ac89320236c7e5653b7db32d2f34bee7eb35357a65296deb4fd594d4370,33aeeb8b241ba2e4a5570972f2524b1607d4f1dac0d6a827c8eb21c8dab2b1b0,WEO_historico_segun_proveedor_revisable,2026-04-14T13:00:00Z,weo_apr2026.xlsx,b29239cb48f8b895d1e526070c4fde01147bc8f6bd3b86f636363bb6bd87fe7a,https://data.imf.org/-/media/iData/External-Storage/Documents/2F78EE59F79143A7921E5E203D3AAA80/en/WEOApr2026all.xlsx
imf.csv,inflacion_ipc_imf_pct,2024,49.4,a1810ac89320236c7e5653b7db32d2f34bee7eb35357a65296deb4fd594d4370,33aeeb8b241ba2e4a5570972f2524b1607d4f1dac0d6a827c8eb21c8dab2b1b0,WEO_historico_segun_proveedor_revisable,2026-04-14T13:00:00Z,weo_apr2026.xlsx,b29239cb48f8b895d1e526070c4fde01147bc8f6bd3b86f636363bb6bd87fe7a,https://data.imf.org/-/media/iData/External-Storage/Documents/2F78EE59F79143A7921E5E203D3AAA80/en/WEOApr2026all.xlsx
imf.csv,inflacion_ipc_imf_pct,2025,252.0,a1810ac89320236c7e5653b7db32d2f34bee7eb35357a65296deb4fd594d4370,33aeeb8b241ba2e4a5570972f2524b1607d4f1dac0d6a827c8eb21c8dab2b1b0,WEO_historico_segun_proveedor_revisable,2026-04-14T13:00:00Z,weo_apr2026.xlsx,b29239cb48f8b895d1e526070c4fde01147bc8f6bd3b86f636363bb6bd87fe7a,https://data.imf.org/-/media/iData/External-Storage/Documents/2F78EE59F79143A7921E5E203D3AAA80/en/WEOApr2026all.xlsx
imf.csv,inflacion_ipc_imf_pct,2026,387.4,a1810ac89320236c7e5653b7db32d2f34bee7eb35357a65296deb4fd594d4370,33aeeb8b241ba2e4a5570972f2524b1607d4f1dac0d6a827c8eb21c8dab2b1b0,WEO_estimacion_o_proyeccion_del_FMI,2026-04-14T13:00:00Z,weo_apr2026.xlsx,b29239cb48f8b895d1e526070c4fde01147bc8f6bd3b86f636363bb6bd87fe7a,https://data.imf.org/-/media/iData/External-Storage/Documents/2F78EE59F79143A7921E5E203D3AAA80/en/WEOApr2026all.xlsx
imf.csv,desempleo_pct,2000,14.0,a1810ac89320236c7e5653b7db32d2f34bee7eb35357a65296deb4fd594d4370,33aeeb8b241ba2e4a5570972f2524b1607d4f1dac0d6a827c8eb21c8dab2b1b0,WEO_historico_segun_proveedor_revisable,2026-04-14T13:00:00Z,weo_apr2026.xlsx,b29239cb48f8b895d1e526070c4fde01147bc8f6bd3b86f636363bb6bd87fe7a,https://data.imf.org/-/media/iData/External-Storage/Documents/2F78EE59F79143A7921E5E203D3AAA80/en/WEOApr2026all.xlsx
imf.csv,desempleo_pct,2001,13.4,a1810ac89320236c7e5653b7db32d2f34bee7eb35357a65296deb4fd594d4370,33aeeb8b241ba2e4a5570972f2524b1607d4f1dac0d6a827c8eb21c8dab2b1b0,WEO_historico_segun_proveedor_revisable,2026-04-14T13:00:00Z,weo_apr2026.xlsx,b29239cb48f8b895d1e526070c4fde01147bc8f6bd3b86f636363bb6bd87fe7a,https://data.imf.org/-/media/iData/External-Storage/Documents/2F78EE59F79143A7921E5E203D3AAA80/en/WEOApr2026all.xlsx
imf.csv,desempleo_pct,2002,16.0,a1810ac89320236c7e5653b7db32d2f34bee7eb35357a65296deb4fd594d4370,33aeeb8b241ba2e4a5570972f2524b1607d4f1dac0d6a827c8eb21c8dab2b1b0,WEO_historico_segun_proveedor_revisable,2026-04-14T13:00:00Z,weo_apr2026.xlsx,b29239cb48f8b895d1e526070c4fde01147bc8f6bd3b86f636363bb6bd87fe7a,https://data.imf.org/-/media/iData/External-Storage/Documents/2F78EE59F79143A7921E5E203D3AAA80/en/WEOApr2026all.xlsx
imf.csv,desempleo_pct,2003,18.2,a1810ac89320236c7e5653b7db32d2f34bee7eb35357a65296deb4fd594d4370,33aeeb8b241ba2e4a5570972f2524b1607d4f1dac0d6a827c8eb21c8dab2b1b0,WEO_historico_segun_proveedor_revisable,2026-04-14T13:00:00Z,weo_apr2026.xlsx,b29239cb48f8b895d1e526070c4fde01147bc8f6bd3b86f636363bb6bd87fe7a,https://data.imf.org/-/media/iData/External-Storage/Documents/2F78EE59F79143A7921E5E203D3AAA80/en/WEOApr2026all.xlsx
imf.csv,desempleo_pct,2004,15.1,a1810ac89320236c7e5653b7db32d2f34bee7eb35357a65296deb4fd594d4370,33aeeb8b241ba2e4a5570972f2524b1607d4f1dac0d6a827c8eb21c8dab2b1b0,WEO_historico_segun_proveedor_revisable,2026-04-14T13:00:00Z,weo_apr2026.xlsx,b29239cb48f8b895d1e526070c4fde01147bc8f6bd3b86f636363bb6bd87fe7a,https://data.imf.org/-/media/iData/External-Storage/Documents/2F78EE59F79143A7921E5E203D3AAA80/en/WEOApr2026all.xlsx
imf.csv,desempleo_pct,2005,12.2,a1810ac89320236c7e5653b7db32d2f34bee7eb35357a65296deb4fd594d4370,33aeeb8b241ba2e4a5570972f2524b1607d4f1dac0d6a827c8eb21c8dab2b1b0,WEO_historico_segun_proveedor_revisable,2026-04-14T13:00:00Z,weo_apr2026.xlsx,b29239cb48f8b895d1e526070c4fde01147bc8f6bd3b86f636363bb6bd87fe7a,https://data.imf.org/-/media/iData/External-Storage/Documents/2F78EE59F79143A7921E5E203D3AAA80/en/WEOApr2026all.xlsx
imf.csv,desempleo_pct,2006,10.0,a1810ac89320236c7e5653b7db32d2f34bee7eb35357a65296deb4fd594d4370,33aeeb8b241ba2e4a5570972f2524b1607d4f1dac0d6a827c8eb21c8dab2b1b0,WEO_historico_segun_proveedor_revisable,2026-04-14T13:00:00Z,weo_apr2026.xlsx,b29239cb48f8b895d1e526070c4fde01147bc8f6bd3b86f636363bb6bd87fe7a,https://data.imf.org/-/media/iData/External-Storage/Documents/2F78EE59F79143A7921E5E203D3AAA80/en/WEOApr2026all.xlsx
imf.csv,desempleo_pct,2007,8.5,a1810ac89320236c7e5653b7db32d2f34bee7eb35357a65296deb4fd594d4370,33aeeb8b241ba2e4a5570972f2524b1607d4f1dac0d6a827c8eb21c8dab2b1b0,WEO_historico_segun_proveedor_revisable,2026-04-14T13:00:00Z,weo_apr2026.xlsx,b29239cb48f8b895d1e526070c4fde01147bc8f6bd3b86f636363bb6bd87fe7a,https://data.imf.org/-/media/iData/External-Storage/Documents/2F78EE59F79143A7921E5E203D3AAA80/en/WEOApr2026all.xlsx
imf.csv,desempleo_pct,2008,7.4,a1810ac89320236c7e5653b7db32d2f34bee7eb35357a65296deb4fd594d4370,33aeeb8b241ba2e4a5570972f2524b1607d4f1dac0d6a827c8eb21c8dab2b1b0,WEO_historico_segun_proveedor_revisable,2026-04-14T13:00:00Z,weo_apr2026.xlsx,b29239cb48f8b895d1e526070c4fde01147bc8f6bd3b86f636363bb6bd87fe7a,https://data.imf.org/-/media/iData/External-Storage/Documents/2F78EE59F79143A7921E5E203D3AAA80/en/WEOApr2026all.xlsx
imf.csv,desempleo_pct,2009,7.9,a1810ac89320236c7e5653b7db32d2f34bee7eb35357a65296deb4fd594d4370,33aeeb8b241ba2e4a5570972f2524b1607d4f1dac0d6a827c8eb21c8dab2b1b0,WEO_historico_segun_proveedor_revisable,2026-04-14T13:00:00Z,weo_apr2026.xlsx,b29239cb48f8b895d1e526070c4fde01147bc8f6bd3b86f636363bb6bd87fe7a,https://data.imf.org/-/media/iData/External-Storage/Documents/2F78EE59F79143A7921E5E203D3AAA80/en/WEOApr2026all.xlsx
imf.csv,desempleo_pct,2010,8.5,a1810ac89320236c7e5653b7db32d2f34bee7eb35357a65296deb4fd594d4370,33aeeb8b241ba2e4a5570972f2524b1607d4f1dac0d6a827c8eb21c8dab2b1b0,WEO_historico_segun_proveedor_revisable,2026-04-14T13:00:00Z,weo_apr2026.xlsx,b29239cb48f8b895d1e526070c4fde01147bc8f6bd3b86f636363bb6bd87fe7a,https://data.imf.org/-/media/iData/External-Storage/Documents/2F78EE59F79143A7921E5E203D3AAA80/en/WEOApr2026all.xlsx
imf.csv,desempleo_pct,2011,8.2,a1810ac89320236c7e5653b7db32d2f34bee7eb35357a65296deb4fd594d4370,33aeeb8b241ba2e4a5570972f2524b1607d4f1dac0d6a827c8eb21c8dab2b1b0,WEO_historico_segun_proveedor_revisable,2026-04-14T13:00:00Z,weo_apr2026.xlsx,b29239cb48f8b895d1e526070c4fde01147bc8f6bd3b86f636363bb6bd87fe7a,https://data.imf.org/-/media/iData/External-Storage/Documents/2F78EE59F79143A7921E5E203D3AAA80/en/WEOApr2026all.xlsx
imf.csv,desempleo_pct,2012,7.8,a1810ac89320236c7e5653b7db32d2f34bee7eb35357a65296deb4fd594d4370,33aeeb8b241ba2e4a5570972f2524b1607d4f1dac0d6a827c8eb21c8dab2b1b0,WEO_estimacion_o_proyeccion_del_FMI,2026-04-14T13:00:00Z,weo_apr2026.xlsx,b29239cb48f8b895d1e526070c4fde01147bc8f6bd3b86f636363bb6bd87fe7a,https://data.imf.org/-/media/iData/External-Storage/Documents/2F78EE59F79143A7921E5E203D3AAA80/en/WEOApr2026all.xlsx
imf.csv,desempleo_pct,2013,7.5,a1810ac89320236c7e5653b7db32d2f34bee7eb35357a65296deb4fd594d4370,33aeeb8b241ba2e4a5570972f2524b1607d4f1dac0d6a827c8eb21c8dab2b1b0,WEO_estimacion_o_proyeccion_del_FMI,2026-04-14T13:00:00Z,weo_apr2026.xlsx,b29239cb48f8b895d1e526070c4fde01147bc8f6bd3b86f636363bb6bd87fe7a,https://data.imf.org/-/media/iData/External-Storage/Documents/2F78EE59F79143A7921E5E203D3AAA80/en/WEOApr2026all.xlsx
imf.csv,desempleo_pct,2014,8.0,a1810ac89320236c7e5653b7db32d2f34bee7eb35357a65296deb4fd594d4370,33aeeb8b241ba2e4a5570972f2524b1607d4f1dac0d6a827c8eb21c8dab2b1b0,WEO_estimacion_o_proyeccion_del_FMI,2026-04-14T13:00:00Z,weo_apr2026.xlsx,b29239cb48f8b895d1e526070c4fde01147bc8f6bd3b86f636363bb6bd87fe7a,https://data.imf.org/-/media/iData/External-Storage/Documents/2F78EE59F79143A7921E5E203D3AAA80/en/WEOApr2026all.xlsx
imf.csv,desempleo_pct,2015,12.5,a1810ac89320236c7e5653b7db32d2f34bee7eb35357a65296deb4fd594d4370,33aeeb8b241ba2e4a5570972f2524b1607d4f1dac0d6a827c8eb21c8dab2b1b0,WEO_estimacion_o_proyeccion_del_FMI,2026-04-14T13:00:00Z,weo_apr2026.xlsx,b29239cb48f8b895d1e526070c4fde01147bc8f6bd3b86f636363bb6bd87fe7a,https://data.imf.org/-/media/iData/External-Storage/Documents/2F78EE59F79143A7921E5E203D3AAA80/en/WEOApr2026all.xlsx
imf.csv,desempleo_pct,2016,20.9,a1810ac89320236c7e5653b7db32d2f34bee7eb35357a65296deb4fd594d4370,33aeeb8b241ba2e4a5570972f2524b1607d4f1dac0d6a827c8eb21c8dab2b1b0,WEO_estimacion_o_proyeccion_del_FMI,2026-04-14T13:00:00Z,weo_apr2026.xlsx,b29239cb48f8b895d1e526070c4fde01147bc8f6bd3b86f636363bb6bd87fe7a,https://data.imf.org/-/media/iData/External-Storage/Documents/2F78EE59F79143A7921E5E203D3AAA80/en/WEOApr2026all.xlsx
imf.csv,desempleo_pct,2017,27.9,a1810ac89320236c7e5653b7db32d2f34bee7eb35357a65296deb4fd594d4370,33aeeb8b241ba2e4a5570972f2524b1607d4f1dac0d6a827c8eb21c8dab2b1b0,WEO_estimacion_o_proyeccion_del_FMI,2026-04-14T13:00:00Z,weo_apr2026.xlsx,b29239cb48f8b895d1e526070c4fde01147bc8f6bd3b86f636363bb6bd87fe7a,https://data.imf.org/-/media/iData/External-Storage/Documents/2F78EE59F79143A7921E5E203D3AAA80/en/WEOApr2026all.xlsx
imf.csv,desempleo_pct,2018,35.6,a1810ac89320236c7e5653b7db32d2f34bee7eb35357a65296deb4fd594d4370,33aeeb8b241ba2e4a5570972f2524b1607d4f1dac0d6a827c8eb21c8dab2b1b0,WEO_estimacion_o_proyeccion_del_FMI,2026-04-14T13:00:00Z,weo_apr2026.xlsx,b29239cb48f8b895d1e526070c4fde01147bc8f6bd3b86f636363bb6bd87fe7a,https://data.imf.org/-/media/iData/External-Storage/Documents/2F78EE59F79143A7921E5E203D3AAA80/en/WEOApr2026all.xlsx
imf.csv,cuenta_corriente_pct_pib,2000,10.1,a1810ac89320236c7e5653b7db32d2f34bee7eb35357a65296deb4fd594d4370,33aeeb8b241ba2e4a5570972f2524b1607d4f1dac0d6a827c8eb21c8dab2b1b0,WEO_historico_segun_proveedor_revisable,2026-04-14T13:00:00Z,weo_apr2026.xlsx,b29239cb48f8b895d1e526070c4fde01147bc8f6bd3b86f636363bb6bd87fe7a,https://data.imf.org/-/media/iData/External-Storage/Documents/2F78EE59F79143A7921E5E203D3AAA80/en/WEOApr2026all.xlsx
imf.csv,cuenta_corriente_pct_pib,2001,1.6,a1810ac89320236c7e5653b7db32d2f34bee7eb35357a65296deb4fd594d4370,33aeeb8b241ba2e4a5570972f2524b1607d4f1dac0d6a827c8eb21c8dab2b1b0,WEO_historico_segun_proveedor_revisable,2026-04-14T13:00:00Z,weo_apr2026.xlsx,b29239cb48f8b895d1e526070c4fde01147bc8f6bd3b86f636363bb6bd87fe7a,https://data.imf.org/-/media/iData/External-Storage/Documents/2F78EE59F79143A7921E5E203D3AAA80/en/WEOApr2026all.xlsx
imf.csv,cuenta_corriente_pct_pib,2002,8.0,a1810ac89320236c7e5653b7db32d2f34bee7eb35357a65296deb4fd594d4370,33aeeb8b241ba2e4a5570972f2524b1607d4f1dac0d6a827c8eb21c8dab2b1b0,WEO_historico_segun_proveedor_revisable,2026-04-14T13:00:00Z,weo_apr2026.xlsx,b29239cb48f8b895d1e526070c4fde01147bc8f6bd3b86f636363bb6bd87fe7a,https://data.imf.org/-/media/iData/External-Storage/Documents/2F78EE59F79143A7921E5E203D3AAA80/en/WEOApr2026all.xlsx
imf.csv,cuenta_corriente_pct_pib,2003,14.1,a1810ac89320236c7e5653b7db32d2f34bee7eb35357a65296deb4fd594d4370,33aeeb8b241ba2e4a5570972f2524b1607d4f1dac0d6a827c8eb21c8dab2b1b0,WEO_historico_segun_proveedor_revisable,2026-04-14T13:00:00Z,weo_apr2026.xlsx,b29239cb48f8b895d1e526070c4fde01147bc8f6bd3b86f636363bb6bd87fe7a,https://data.imf.org/-/media/iData/External-Storage/Documents/2F78EE59F79143A7921E5E203D3AAA80/en/WEOApr2026all.xlsx
imf.csv,cuenta_corriente_pct_pib,2004,13.8,a1810ac89320236c7e5653b7db32d2f34bee7eb35357a65296deb4fd594d4370,33aeeb8b241ba2e4a5570972f2524b1607d4f1dac0d6a827c8eb21c8dab2b1b0,WEO_historico_segun_proveedor_revisable,2026-04-14T13:00:00Z,weo_apr2026.xlsx,b29239cb48f8b895d1e526070c4fde01147bc8f6bd3b86f636363bb6bd87fe7a,https://data.imf.org/-/media/iData/External-Storage/Documents/2F78EE59F79143A7921E5E203D3AAA80/en/WEOApr2026all.xlsx
imf.csv,cuenta_corriente_pct_pib,2005,17.7,a1810ac89320236c7e5653b7db32d2f34bee7eb35357a65296deb4fd594d4370,33aeeb8b241ba2e4a5570972f2524b1607d4f1dac0d6a827c8eb21c8dab2b1b0,WEO_historico_segun_proveedor_revisable,2026-04-14T13:00:00Z,weo_apr2026.xlsx,b29239cb48f8b895d1e526070c4fde01147bc8f6bd3b86f636363bb6bd87fe7a,https://data.imf.org/-/media/iData/External-Storage/Documents/2F78EE59F79143A7921E5E203D3AAA80/en/WEOApr2026all.xlsx
imf.csv,cuenta_corriente_pct_pib,2006,14.8,a1810ac89320236c7e5653b7db32d2f34bee7eb35357a65296deb4fd594d4370,33aeeb8b241ba2e4a5570972f2524b1607d4f1dac0d6a827c8eb21c8dab2b1b0,WEO_historico_segun_proveedor_revisable,2026-04-14T13:00:00Z,weo_apr2026.xlsx,b29239cb48f8b895d1e526070c4fde01147bc8f6bd3b86f636363bb6bd87fe7a,https://data.imf.org/-/media/iData/External-Storage/Documents/2F78EE59F79143A7921E5E203D3AAA80/en/WEOApr2026all.xlsx
imf.csv,cuenta_corriente_pct_pib,2007,5.8,a1810ac89320236c7e5653b7db32d2f34bee7eb35357a65296deb4fd594d4370,33aeeb8b241ba2e4a5570972f2524b1607d4f1dac0d6a827c8eb21c8dab2b1b0,WEO_historico_segun_proveedor_revisable,2026-04-14T13:00:00Z,weo_apr2026.xlsx,b29239cb48f8b895d1e526070c4fde01147bc8f6bd3b86f636363bb6bd87fe7a,https://data.imf.org/-/media/iData/External-Storage/Documents/2F78EE59F79143A7921E5E203D3AAA80/en/WEOApr2026all.xlsx
imf.csv,cuenta_corriente_pct_pib,2008,10.2,a1810ac89320236c7e5653b7db32d2f34bee7eb35357a65296deb4fd594d4370,33aeeb8b241ba2e4a5570972f2524b1607d4f1dac0d6a827c8eb21c8dab2b1b0,WEO_historico_segun_proveedor_revisable,2026-04-14T13:00:00Z,weo_apr2026.xlsx,b29239cb48f8b895d1e526070c4fde01147bc8f6bd3b86f636363bb6bd87fe7a,https://data.imf.org/-/media/iData/External-Storage/Documents/2F78EE59F79143A7921E5E203D3AAA80/en/WEOApr2026all.xlsx
imf.csv,cuenta_corriente_pct_pib,2009,0.2,a1810ac89320236c7e5653b7db32d2f34bee7eb35357a65296deb4fd594d4370,33aeeb8b241ba2e4a5570972f2524b1607d4f1dac0d6a827c8eb21c8dab2b1b0,WEO_historico_segun_proveedor_revisable,2026-04-14T13:00:00Z,weo_apr2026.xlsx,b29239cb48f8b895d1e526070c4fde01147bc8f6bd3b86f636363bb6bd87fe7a,https://data.imf.org/-/media/iData/External-Storage/Documents/2F78EE59F79143A7921E5E203D3AAA80/en/WEOApr2026all.xlsx
imf.csv,cuenta_corriente_pct_pib,2010,1.8,a1810ac89320236c7e5653b7db32d2f34bee7eb35357a65296deb4fd594d4370,33aeeb8b241ba2e4a5570972f2524b1607d4f1dac0d6a827c8eb21c8dab2b1b0,WEO_historico_segun_proveedor_revisable,2026-04-14T13:00:00Z,weo_apr2026.xlsx,b29239cb48f8b895d1e526070c4fde01147bc8f6bd3b86f636363bb6bd87fe7a,https://data.imf.org/-/media/iData/External-Storage/Documents/2F78EE59F79143A7921E5E203D3AAA80/en/WEOApr2026all.xlsx
imf.csv,cuenta_corriente_pct_pib,2011,5.2,a1810ac89320236c7e5653b7db32d2f34bee7eb35357a65296deb4fd594d4370,33aeeb8b241ba2e4a5570972f2524b1607d4f1dac0d6a827c8eb21c8dab2b1b0,WEO_historico_segun_proveedor_revisable,2026-04-14T13:00:00Z,weo_apr2026.xlsx,b29239cb48f8b895d1e526070c4fde01147bc8f6bd3b86f636363bb6bd87fe7a,https://data.imf.org/-/media/iData/External-Storage/Documents/2F78EE59F79143A7921E5E203D3AAA80/en/WEOApr2026all.xlsx
imf.csv,cuenta_corriente_pct_pib,2012,0.7,a1810ac89320236c7e5653b7db32d2f34bee7eb35357a65296deb4fd594d4370,33aeeb8b241ba2e4a5570972f2524b1607d4f1dac0d6a827c8eb21c8dab2b1b0,WEO_historico_segun_proveedor_revisable,2026-04-14T13:00:00Z,weo_apr2026.xlsx,b29239cb48f8b895d1e526070c4fde01147bc8f6bd3b86f636363bb6bd87fe7a,https://data.imf.org/-/media/iData/External-Storage/Documents/2F78EE59F79143A7921E5E203D3AAA80/en/WEOApr2026all.xlsx
imf.csv,cuenta_corriente_pct_pib,2013,1.8,a1810ac89320236c7e5653b7db32d2f34bee7eb35357a65296deb4fd594d4370,33aeeb8b241ba2e4a5570972f2524b1607d4f1dac0d6a827c8eb21c8dab2b1b0,WEO_historico_segun_proveedor_revisable,2026-04-14T13:00:00Z,weo_apr2026.xlsx,b29239cb48f8b895d1e526070c4fde01147bc8f6bd3b86f636363bb6bd87fe7a,https://data.imf.org/-/media/iData/External-Storage/Documents/2F78EE59F79143A7921E5E203D3AAA80/en/WEOApr2026all.xlsx
imf.csv,cuenta_corriente_pct_pib,2014,2.3,a1810ac89320236c7e5653b7db32d2f34bee7eb35357a65296deb4fd594d4370,33aeeb8b241ba2e4a5570972f2524b1607d4f1dac0d6a827c8eb21c8dab2b1b0,WEO_historico_segun_proveedor_revisable,2026-04-14T13:00:00Z,weo_apr2026.xlsx,b29239cb48f8b895d1e526070c4fde01147bc8f6bd3b86f636363bb6bd87fe7a,https://data.imf.org/-/media/iData/External-Storage/Documents/2F78EE59F79143A7921E5E203D3AAA80/en/WEOApr2026all.xlsx
imf.csv,cuenta_corriente_pct_pib,2015,-12.8,a1810ac89320236c7e5653b7db32d2f34bee7eb35357a65296deb4fd594d4370,33aeeb8b241ba2e4a5570972f2524b1607d4f1dac0d6a827c8eb21c8dab2b1b0,WEO_historico_segun_proveedor_revisable,2026-04-14T13:00:00Z,weo_apr2026.xlsx,b29239cb48f8b895d1e526070c4fde01147bc8f6bd3b86f636363bb6bd87fe7a,https://data.imf.org/-/media/iData/External-Storage/Documents/2F78EE59F79143A7921E5E203D3AAA80/en/WEOApr2026all.xlsx
imf.csv,cuenta_corriente_pct_pib,2016,-3.4,a1810ac89320236c7e5653b7db32d2f34bee7eb35357a65296deb4fd594d4370,33aeeb8b241ba2e4a5570972f2524b1607d4f1dac0d6a827c8eb21c8dab2b1b0,WEO_historico_segun_proveedor_revisable,2026-04-14T13:00:00Z,weo_apr2026.xlsx,b29239cb48f8b895d1e526070c4fde01147bc8f6bd3b86f636363bb6bd87fe7a,https://data.imf.org/-/media/iData/External-Storage/Documents/2F78EE59F79143A7921E5E203D3AAA80/en/WEOApr2026all.xlsx
imf.csv,cuenta_corriente_pct_pib,2017,7.5,a1810ac89320236c7e5653b7db32d2f34bee7eb35357a65296deb4fd594d4370,33aeeb8b241ba2e4a5570972f2524b1607d4f1dac0d6a827c8eb21c8dab2b1b0,WEO_historico_segun_proveedor_revisable,2026-04-14T13:00:00Z,weo_apr2026.xlsx,b29239cb48f8b895d1e526070c4fde01147bc8f6bd3b86f636363bb6bd87fe7a,https://data.imf.org/-/media/iData/External-Storage/Documents/2F78EE59F79143A7921E5E203D3AAA80/en/WEOApr2026all.xlsx
imf.csv,cuenta_corriente_pct_pib,2018,8.4,a1810ac89320236c7e5653b7db32d2f34bee7eb35357a65296deb4fd594d4370,33aeeb8b241ba2e4a5570972f2524b1607d4f1dac0d6a827c8eb21c8dab2b1b0,WEO_historico_segun_proveedor_revisable,2026-04-14T13:00:00Z,weo_apr2026.xlsx,b29239cb48f8b895d1e526070c4fde01147bc8f6bd3b86f636363bb6bd87fe7a,https://data.imf.org/-/media/iData/External-Storage/Documents/2F78EE59F79143A7921E5E203D3AAA80/en/WEOApr2026all.xlsx
imf.csv,cuenta_corriente_pct_pib,2019,5.9,a1810ac89320236c7e5653b7db32d2f34bee7eb35357a65296deb4fd594d4370,33aeeb8b241ba2e4a5570972f2524b1607d4f1dac0d6a827c8eb21c8dab2b1b0,WEO_estimacion_o_proyeccion_del_FMI,2026-04-14T13:00:00Z,weo_apr2026.xlsx,b29239cb48f8b895d1e526070c4fde01147bc8f6bd3b86f636363bb6bd87fe7a,https://data.imf.org/-/media/iData/External-Storage/Documents/2F78EE59F79143A7921E5E203D3AAA80/en/WEOApr2026all.xlsx
imf.csv,cuenta_corriente_pct_pib,2020,-3.2,a1810ac89320236c7e5653b7db32d2f34bee7eb35357a65296deb4fd594d4370,33aeeb8b241ba2e4a5570972f2524b1607d4f1dac0d6a827c8eb21c8dab2b1b0,WEO_estimacion_o_proyeccion_del_FMI,2026-04-14T13:00:00Z,weo_apr2026.xlsx,b29239cb48f8b895d1e526070c4fde01147bc8f6bd3b86f636363bb6bd87fe7a,https://data.imf.org/-/media/iData/External-Storage/Documents/2F78EE59F79143A7921E5E203D3AAA80/en/WEOApr2026all.xlsx
imf.csv,cuenta_corriente_pct_pib,2021,-0.9,a1810ac89320236c7e5653b7db32d2f34bee7eb35357a65296deb4fd594d4370,33aeeb8b241ba2e4a5570972f2524b1607d4f1dac0d6a827c8eb21c8dab2b1b0,WEO_estimacion_o_proyeccion_del_FMI,2026-04-14T13:00:00Z,weo_apr2026.xlsx,b29239cb48f8b895d1e526070c4fde01147bc8f6bd3b86f636363bb6bd87fe7a,https://data.imf.org/-/media/iData/External-Storage/Documents/2F78EE59F79143A7921E5E203D3AAA80/en/WEOApr2026all.xlsx
imf.csv,cuenta_corriente_pct_pib,2022,4.0,a1810ac89320236c7e5653b7db32d2f34bee7eb35357a65296deb4fd594d4370,33aeeb8b241ba2e4a5570972f2524b1607d4f1dac0d6a827c8eb21c8dab2b1b0,WEO_estimacion_o_proyeccion_del_FMI,2026-04-14T13:00:00Z,weo_apr2026.xlsx,b29239cb48f8b895d1e526070c4fde01147bc8f6bd3b86f636363bb6bd87fe7a,https://data.imf.org/-/media/iData/External-Storage/Documents/2F78EE59F79143A7921E5E203D3AAA80/en/WEOApr2026all.xlsx
imf.csv,cuenta_corriente_pct_pib,2023,5.8,a1810ac89320236c7e5653b7db32d2f34bee7eb35357a65296deb4fd594d4370,33aeeb8b241ba2e4a5570972f2524b1607d4f1dac0d6a827c8eb21c8dab2b1b0,WEO_estimacion_o_proyeccion_del_FMI,2026-04-14T13:00:00Z,weo_apr2026.xlsx,b29239cb48f8b895d1e526070c4fde01147bc8f6bd3b86f636363bb6bd87fe7a,https://data.imf.org/-/media/iData/External-Storage/Documents/2F78EE59F79143A7921E5E203D3AAA80/en/WEOApr2026all.xlsx
imf.csv,cuenta_corriente_pct_pib,2024,4.1,a1810ac89320236c7e5653b7db32d2f34bee7eb35357a65296deb4fd594d4370,33aeeb8b241ba2e4a5570972f2524b1607d4f1dac0d6a827c8eb21c8dab2b1b0,WEO_estimacion_o_proyeccion_del_FMI,2026-04-14T13:00:00Z,weo_apr2026.xlsx,b29239cb48f8b895d1e526070c4fde01147bc8f6bd3b86f636363bb6bd87fe7a,https://data.imf.org/-/media/iData/External-Storage/Documents/2F78EE59F79143A7921E5E203D3AAA80/en/WEOApr2026all.xlsx
imf.csv,cuenta_corriente_pct_pib,2025,2.6,a1810ac89320236c7e5653b7db32d2f34bee7eb35357a65296deb4fd594d4370,33aeeb8b241ba2e4a5570972f2524b1607d4f1dac0d6a827c8eb21c8dab2b1b0,WEO_estimacion_o_proyeccion_del_FMI,2026-04-14T13:00:00Z,weo_apr2026.xlsx,b29239cb48f8b895d1e526070c4fde01147bc8f6bd3b86f636363bb6bd87fe7a,https://data.imf.org/-/media/iData/External-Storage/Documents/2F78EE59F79143A7921E5E203D3AAA80/en/WEOApr2026all.xlsx
imf.csv,cuenta_corriente_pct_pib,2026,7.1,a1810ac89320236c7e5653b7db32d2f34bee7eb35357a65296deb4fd594d4370,33aeeb8b241ba2e4a5570972f2524b1607d4f1dac0d6a827c8eb21c8dab2b1b0,WEO_estimacion_o_proyeccion_del_FMI,2026-04-14T13:00:00Z,weo_apr2026.xlsx,b29239cb48f8b895d1e526070c4fde01147bc8f6bd3b86f636363bb6bd87fe7a,https://data.imf.org/-/media/iData/External-Storage/Documents/2F78EE59F79143A7921E5E203D3AAA80/en/WEOApr2026all.xlsx
imf.csv,pib_crecimiento_imf_pct,2000,3.7,a1810ac89320236c7e5653b7db32d2f34bee7eb35357a65296deb4fd594d4370,33aeeb8b241ba2e4a5570972f2524b1607d4f1dac0d6a827c8eb21c8dab2b1b0,WEO_historico_segun_proveedor_revisable,2026-04-14T13:00:00Z,weo_apr2026.xlsx,b29239cb48f8b895d1e526070c4fde01147bc8f6bd3b86f636363bb6bd87fe7a,https://data.imf.org/-/media/iData/External-Storage/Documents/2F78EE59F79143A7921E5E203D3AAA80/en/WEOApr2026all.xlsx
imf.csv,pib_crecimiento_imf_pct,2001,3.4,a1810ac89320236c7e5653b7db32d2f34bee7eb35357a65296deb4fd594d4370,33aeeb8b241ba2e4a5570972f2524b1607d4f1dac0d6a827c8eb21c8dab2b1b0,WEO_historico_segun_proveedor_revisable,2026-04-14T13:00:00Z,weo_apr2026.xlsx,b29239cb48f8b895d1e526070c4fde01147bc8f6bd3b86f636363bb6bd87fe7a,https://data.imf.org/-/media/iData/External-Storage/Documents/2F78EE59F79143A7921E5E203D3AAA80/en/WEOApr2026all.xlsx
imf.csv,pib_crecimiento_imf_pct,2002,-8.9,a1810ac89320236c7e5653b7db32d2f34bee7eb35357a65296deb4fd594d4370,33aeeb8b241ba2e4a5570972f2524b1607d4f1dac0d6a827c8eb21c8dab2b1b0,WEO_historico_segun_proveedor_revisable,2026-04-14T13:00:00Z,weo_apr2026.xlsx,b29239cb48f8b895d1e526070c4fde01147bc8f6bd3b86f636363bb6bd87fe7a,https://data.imf.org/-/media/iData/External-Storage/Documents/2F78EE59F79143A7921E5E203D3AAA80/en/WEOApr2026all.xlsx
imf.csv,pib_crecimiento_imf_pct,2003,-7.8,a1810ac89320236c7e5653b7db32d2f34bee7eb35357a65296deb4fd594d4370,33aeeb8b241ba2e4a5570972f2524b1607d4f1dac0d6a827c8eb21c8dab2b1b0,WEO_historico_segun_proveedor_revisable,2026-04-14T13:00:00Z,weo_apr2026.xlsx,b29239cb48f8b895d1e526070c4fde01147bc8f6bd3b86f636363bb6bd87fe7a,https://data.imf.org/-/media/iData/External-Storage/Documents/2F78EE59F79143A7921E5E203D3AAA80/en/WEOApr2026all.xlsx
imf.csv,pib_crecimiento_imf_pct,2004,18.3,a1810ac89320236c7e5653b7db32d2f34bee7eb35357a65296deb4fd594d4370,33aeeb8b241ba2e4a5570972f2524b1607d4f1dac0d6a827c8eb21c8dab2b1b0,WEO_historico_segun_proveedor_revisable,2026-04-14T13:00:00Z,weo_apr2026.xlsx,b29239cb48f8b895d1e526070c4fde01147bc8f6bd3b86f636363bb6bd87fe7a,https://data.imf.org/-/media/iData/External-Storage/Documents/2F78EE59F79143A7921E5E203D3AAA80/en/WEOApr2026all.xlsx
imf.csv,pib_crecimiento_imf_pct,2005,10.3,a1810ac89320236c7e5653b7db32d2f34bee7eb35357a65296deb4fd594d4370,33aeeb8b241ba2e4a5570972f2524b1607d4f1dac0d6a827c8eb21c8dab2b1b0,WEO_historico_segun_proveedor_revisable,2026-04-14T13:00:00Z,weo_apr2026.xlsx,b29239cb48f8b895d1e526070c4fde01147bc8f6bd3b86f636363bb6bd87fe7a,https://data.imf.org/-/media/iData/External-Storage/Documents/2F78EE59F79143A7921E5E203D3AAA80/en/WEOApr2026all.xlsx
imf.csv,pib_crecimiento_imf_pct,2006,9.9,a1810ac89320236c7e5653b7db32d2f34bee7eb35357a65296deb4fd594d4370,33aeeb8b241ba2e4a5570972f2524b1607d4f1dac0d6a827c8eb21c8dab2b1b0,WEO_historico_segun_proveedor_revisable,2026-04-14T13:00:00Z,weo_apr2026.xlsx,b29239cb48f8b895d1e526070c4fde01147bc8f6bd3b86f636363bb6bd87fe7a,https://data.imf.org/-/media/iData/External-Storage/Documents/2F78EE59F79143A7921E5E203D3AAA80/en/WEOApr2026all.xlsx
imf.csv,pib_crecimiento_imf_pct,2007,8.8,a1810ac89320236c7e5653b7db32d2f34bee7eb35357a65296deb4fd594d4370,33aeeb8b241ba2e4a5570972f2524b1607d4f1dac0d6a827c8eb21c8dab2b1b0,WEO_historico_segun_proveedor_revisable,2026-04-14T13:00:00Z,weo_apr2026.xlsx,b29239cb48f8b895d1e526070c4fde01147bc8f6bd3b86f636363bb6bd87fe7a,https://data.imf.org/-/media/iData/External-Storage/Documents/2F78EE59F79143A7921E5E203D3AAA80/en/WEOApr2026all.xlsx
imf.csv,pib_crecimiento_imf_pct,2008,5.3,a1810ac89320236c7e5653b7db32d2f34bee7eb35357a65296deb4fd594d4370,33aeeb8b241ba2e4a5570972f2524b1607d4f1dac0d6a827c8eb21c8dab2b1b0,WEO_historico_segun_proveedor_revisable,2026-04-14T13:00:00Z,weo_apr2026.xlsx,b29239cb48f8b895d1e526070c4fde01147bc8f6bd3b86f636363bb6bd87fe7a,https://data.imf.org/-/media/iData/External-Storage/Documents/2F78EE59F79143A7921E5E203D3AAA80/en/WEOApr2026all.xlsx
imf.csv,pib_crecimiento_imf_pct,2009,-3.2,a1810ac89320236c7e5653b7db32d2f34bee7eb35357a65296deb4fd594d4370,33aeeb8b241ba2e4a5570972f2524b1607d4f1dac0d6a827c8eb21c8dab2b1b0,WEO_historico_segun_proveedor_revisable,2026-04-14T13:00:00Z,weo_apr2026.xlsx,b29239cb48f8b895d1e526070c4fde01147bc8f6bd3b86f636363bb6bd87fe7a,https://data.imf.org/-/media/iData/External-Storage/Documents/2F78EE59F79143A7921E5E203D3AAA80/en/WEOApr2026all.xlsx
imf.csv,pib_crecimiento_imf_pct,2010,-1.5,a1810ac89320236c7e5653b7db32d2f34bee7eb35357a65296deb4fd594d4370,33aeeb8b241ba2e4a5570972f2524b1607d4f1dac0d6a827c8eb21c8dab2b1b0,WEO_historico_segun_proveedor_revisable,2026-04-14T13:00:00Z,weo_apr2026.xlsx,b29239cb48f8b895d1e526070c4fde01147bc8f6bd3b86f636363bb6bd87fe7a,https://data.imf.org/-/media/iData/External-Storage/Documents/2F78EE59F79143A7921E5E203D3AAA80/en/WEOApr2026all.xlsx
imf.csv,pib_crecimiento_imf_pct,2011,4.2,a1810ac89320236c7e5653b7db32d2f34bee7eb35357a65296deb4fd594d4370,33aeeb8b241ba2e4a5570972f2524b1607d4f1dac0d6a827c8eb21c8dab2b1b0,WEO_historico_segun_proveedor_revisable,2026-04-14T13:00:00Z,weo_apr2026.xlsx,b29239cb48f8b895d1e526070c4fde01147bc8f6bd3b86f636363bb6bd87fe7a,https://data.imf.org/-/media/iData/External-Storage/Documents/2F78EE59F79143A7921E5E203D3AAA80/en/WEOApr2026all.xlsx
imf.csv,pib_crecimiento_imf_pct,2012,5.6,a1810ac89320236c7e5653b7db32d2f34bee7eb35357a65296deb4fd594d4370,33aeeb8b241ba2e4a5570972f2524b1607d4f1dac0d6a827c8eb21c8dab2b1b0,WEO_historico_segun_proveedor_revisable,2026-04-14T13:00:00Z,weo_apr2026.xlsx,b29239cb48f8b895d1e526070c4fde01147bc8f6bd3b86f636363bb6bd87fe7a,https://data.imf.org/-/media/iData/External-Storage/Documents/2F78EE59F79143A7921E5E203D3AAA80/en/WEOApr2026all.xlsx
imf.csv,pib_crecimiento_imf_pct,2013,1.3,a1810ac89320236c7e5653b7db32d2f34bee7eb35357a65296deb4fd594d4370,33aeeb8b241ba2e4a5570972f2524b1607d4f1dac0d6a827c8eb21c8dab2b1b0,WEO_historico_segun_proveedor_revisable,2026-04-14T13:00:00Z,weo_apr2026.xlsx,b29239cb48f8b895d1e526070c4fde01147bc8f6bd3b86f636363bb6bd87fe7a,https://data.imf.org/-/media/iData/External-Storage/Documents/2F78EE59F79143A7921E5E203D3AAA80/en/WEOApr2026all.xlsx
imf.csv,pib_crecimiento_imf_pct,2014,-3.9,a1810ac89320236c7e5653b7db32d2f34bee7eb35357a65296deb4fd594d4370,33aeeb8b241ba2e4a5570972f2524b1607d4f1dac0d6a827c8eb21c8dab2b1b0,WEO_historico_segun_proveedor_revisable,2026-04-14T13:00:00Z,weo_apr2026.xlsx,b29239cb48f8b895d1e526070c4fde01147bc8f6bd3b86f636363bb6bd87fe7a,https://data.imf.org/-/media/iData/External-Storage/Documents/2F78EE59F79143A7921E5E203D3AAA80/en/WEOApr2026all.xlsx
imf.csv,pib_crecimiento_imf_pct,2015,-6.2,a1810ac89320236c7e5653b7db32d2f34bee7eb35357a65296deb4fd594d4370,33aeeb8b241ba2e4a5570972f2524b1607d4f1dac0d6a827c8eb21c8dab2b1b0,WEO_historico_segun_proveedor_revisable,2026-04-14T13:00:00Z,weo_apr2026.xlsx,b29239cb48f8b895d1e526070c4fde01147bc8f6bd3b86f636363bb6bd87fe7a,https://data.imf.org/-/media/iData/External-Storage/Documents/2F78EE59F79143A7921E5E203D3AAA80/en/WEOApr2026all.xlsx
imf.csv,pib_crecimiento_imf_pct,2016,-17.0,a1810ac89320236c7e5653b7db32d2f34bee7eb35357a65296deb4fd594d4370,33aeeb8b241ba2e4a5570972f2524b1607d4f1dac0d6a827c8eb21c8dab2b1b0,WEO_historico_segun_proveedor_revisable,2026-04-14T13:00:00Z,weo_apr2026.xlsx,b29239cb48f8b895d1e526070c4fde01147bc8f6bd3b86f636363bb6bd87fe7a,https://data.imf.org/-/media/iData/External-Storage/Documents/2F78EE59F79143A7921E5E203D3AAA80/en/WEOApr2026all.xlsx
imf.csv,pib_crecimiento_imf_pct,2017,-15.7,a1810ac89320236c7e5653b7db32d2f34bee7eb35357a65296deb4fd594d4370,33aeeb8b241ba2e4a5570972f2524b1607d4f1dac0d6a827c8eb21c8dab2b1b0,WEO_historico_segun_proveedor_revisable,2026-04-14T13:00:00Z,weo_apr2026.xlsx,b29239cb48f8b895d1e526070c4fde01147bc8f6bd3b86f636363bb6bd87fe7a,https://data.imf.org/-/media/iData/External-Storage/Documents/2F78EE59F79143A7921E5E203D3AAA80/en/WEOApr2026all.xlsx
imf.csv,pib_crecimiento_imf_pct,2018,-19.7,a1810ac89320236c7e5653b7db32d2f34bee7eb35357a65296deb4fd594d4370,33aeeb8b241ba2e4a5570972f2524b1607d4f1dac0d6a827c8eb21c8dab2b1b0,WEO_historico_segun_proveedor_revisable,2026-04-14T13:00:00Z,weo_apr2026.xlsx,b29239cb48f8b895d1e526070c4fde01147bc8f6bd3b86f636363bb6bd87fe7a,https://data.imf.org/-/media/iData/External-Storage/Documents/2F78EE59F79143A7921E5E203D3AAA80/en/WEOApr2026all.xlsx
imf.csv,pib_crecimiento_imf_pct,2019,-27.7,a1810ac89320236c7e5653b7db32d2f34bee7eb35357a65296deb4fd594d4370,33aeeb8b241ba2e4a5570972f2524b1607d4f1dac0d6a827c8eb21c8dab2b1b0,WEO_estimacion_o_proyeccion_del_FMI,2026-04-14T13:00:00Z,weo_apr2026.xlsx,b29239cb48f8b895d1e526070c4fde01147bc8f6bd3b86f636363bb6bd87fe7a,https://data.imf.org/-/media/iData/External-Storage/Documents/2F78EE59F79143A7921E5E203D3AAA80/en/WEOApr2026all.xlsx
imf.csv,pib_crecimiento_imf_pct,2020,-30.0,a1810ac89320236c7e5653b7db32d2f34bee7eb35357a65296deb4fd594d4370,33aeeb8b241ba2e4a5570972f2524b1607d4f1dac0d6a827c8eb21c8dab2b1b0,WEO_estimacion_o_proyeccion_del_FMI,2026-04-14T13:00:00Z,weo_apr2026.xlsx,b29239cb48f8b895d1e526070c4fde01147bc8f6bd3b86f636363bb6bd87fe7a,https://data.imf.org/-/media/iData/External-Storage/Documents/2F78EE59F79143A7921E5E203D3AAA80/en/WEOApr2026all.xlsx
imf.csv,pib_crecimiento_imf_pct,2021,1.0,a1810ac89320236c7e5653b7db32d2f34bee7eb35357a65296deb4fd594d4370,33aeeb8b241ba2e4a5570972f2524b1607d4f1dac0d6a827c8eb21c8dab2b1b0,WEO_estimacion_o_proyeccion_del_FMI,2026-04-14T13:00:00Z,weo_apr2026.xlsx,b29239cb48f8b895d1e526070c4fde01147bc8f6bd3b86f636363bb6bd87fe7a,https://data.imf.org/-/media/iData/External-Storage/Documents/2F78EE59F79143A7921E5E203D3AAA80/en/WEOApr2026all.xlsx
imf.csv,pib_crecimiento_imf_pct,2022,8.0,a1810ac89320236c7e5653b7db32d2f34bee7eb35357a65296deb4fd594d4370,33aeeb8b241ba2e4a5570972f2524b1607d4f1dac0d6a827c8eb21c8dab2b1b0,WEO_estimacion_o_proyeccion_del_FMI,2026-04-14T13:00:00Z,weo_apr2026.xlsx,b29239cb48f8b895d1e526070c4fde01147bc8f6bd3b86f636363bb6bd87fe7a,https://data.imf.org/-/media/iData/External-Storage/Documents/2F78EE59F79143A7921E5E203D3AAA80/en/WEOApr2026all.xlsx
imf.csv,pib_crecimiento_imf_pct,2023,4.0,a1810ac89320236c7e5653b7db32d2f34bee7eb35357a65296deb4fd594d4370,33aeeb8b241ba2e4a5570972f2524b1607d4f1dac0d6a827c8eb21c8dab2b1b0,WEO_estimacion_o_proyeccion_del_FMI,2026-04-14T13:00:00Z,weo_apr2026.xlsx,b29239cb48f8b895d1e526070c4fde01147bc8f6bd3b86f636363bb6bd87fe7a,https://data.imf.org/-/media/iData/External-Storage/Documents/2F78EE59F79143A7921E5E203D3AAA80/en/WEOApr2026all.xlsx
imf.csv,pib_crecimiento_imf_pct,2024,5.3,a1810ac89320236c7e5653b7db32d2f34bee7eb35357a65296deb4fd594d4370,33aeeb8b241ba2e4a5570972f2524b1607d4f1dac0d6a827c8eb21c8dab2b1b0,WEO_estimacion_o_proyeccion_del_FMI,2026-04-14T13:00:00Z,weo_apr2026.xlsx,b29239cb48f8b895d1e526070c4fde01147bc8f6bd3b86f636363bb6bd87fe7a,https://data.imf.org/-/media/iData/External-Storage/Documents/2F78EE59F79143A7921E5E203D3AAA80/en/WEOApr2026all.xlsx
imf.csv,pib_crecimiento_imf_pct,2025,1.5,a1810ac89320236c7e5653b7db32d2f34bee7eb35357a65296deb4fd594d4370,33aeeb8b241ba2e4a5570972f2524b1607d4f1dac0d6a827c8eb21c8dab2b1b0,WEO_estimacion_o_proyeccion_del_FMI,2026-04-14T13:00:00Z,weo_apr2026.xlsx,b29239cb48f8b895d1e526070c4fde01147bc8f6bd3b86f636363bb6bd87fe7a,https://data.imf.org/-/media/iData/External-Storage/Documents/2F78EE59F79143A7921E5E203D3AAA80/en/WEOApr2026all.xlsx
imf.csv,pib_crecimiento_imf_pct,2026,4.0,a1810ac89320236c7e5653b7db32d2f34bee7eb35357a65296deb4fd594d4370,33aeeb8b241ba2e4a5570972f2524b1607d4f1dac0d6a827c8eb21c8dab2b1b0,WEO_estimacion_o_proyeccion_del_FMI,2026-04-14T13:00:00Z,weo_apr2026.xlsx,b29239cb48f8b895d1e526070c4fde01147bc8f6bd3b86f636363bb6bd87fe7a,https://data.imf.org/-/media/iData/External-Storage/Documents/2F78EE59F79143A7921E5E203D3AAA80/en/WEOApr2026all.xlsx
wjp.csv,wjp_rule_of_law,2013,0.3586,ad30d3c1df91f62312aa9e4808ffdb76afcba5e7b40dfaeb3314ab2a950432ab,f729f2f9f0d875823a063e186417b3e000852c7bf7a17a68828d18a67ca6a6d0,indice_publicado_verificado; no es medicion directa,,wjp2025.xlsx,caad9192f24070e340b04b8e6820830665008e17f3d0eed3782bd3ad80b417d7,https://worldjusticeproject.org/rule-of-law-index/downloads/2025_wjp_rule_of_law_index_HISTORICAL_DATA_FILE.xlsx
wjp.csv,wjp_rule_of_law,2014,0.3105,ad30d3c1df91f62312aa9e4808ffdb76afcba5e7b40dfaeb3314ab2a950432ab,f729f2f9f0d875823a063e186417b3e000852c7bf7a17a68828d18a67ca6a6d0,indice_publicado_verificado; no es medicion directa,,wjp2025.xlsx,caad9192f24070e340b04b8e6820830665008e17f3d0eed3782bd3ad80b417d7,https://worldjusticeproject.org/rule-of-law-index/downloads/2025_wjp_rule_of_law_index_HISTORICAL_DATA_FILE.xlsx
wjp.csv,wjp_rule_of_law,2015,0.3128,ad30d3c1df91f62312aa9e4808ffdb76afcba5e7b40dfaeb3314ab2a950432ab,f729f2f9f0d875823a063e186417b3e000852c7bf7a17a68828d18a67ca6a6d0,indice_publicado_verificado; no es medicion directa,,wjp2025.xlsx,caad9192f24070e340b04b8e6820830665008e17f3d0eed3782bd3ad80b417d7,https://worldjusticeproject.org/rule-of-law-index/downloads/2025_wjp_rule_of_law_index_HISTORICAL_DATA_FILE.xlsx
wjp.csv,wjp_rule_of_law,2016,0.2775,ad30d3c1df91f62312aa9e4808ffdb76afcba5e7b40dfaeb3314ab2a950432ab,f729f2f9f0d875823a063e186417b3e000852c7bf7a17a68828d18a67ca6a6d0,indice_publicado_verificado; no es medicion directa,,wjp2025.xlsx,caad9192f24070e340b04b8e6820830665008e17f3d0eed3782bd3ad80b417d7,https://worldjusticeproject.org/rule-of-law-index/downloads/2025_wjp_rule_of_law_index_HISTORICAL_DATA_FILE.xlsx
wjp.csv,wjp_rule_of_law,2018,0.2861,ad30d3c1df91f62312aa9e4808ffdb76afcba5e7b40dfaeb3314ab2a950432ab,f729f2f9f0d875823a063e186417b3e000852c7bf7a17a68828d18a67ca6a6d0,indice_publicado_verificado; no es medicion directa,,wjp2025.xlsx,caad9192f24070e340b04b8e6820830665008e17f3d0eed3782bd3ad80b417d7,https://worldjusticeproject.org/rule-of-law-index/downloads/2025_wjp_rule_of_law_index_HISTORICAL_DATA_FILE.xlsx
wjp.csv,wjp_rule_of_law,2019,0.2763,ad30d3c1df91f62312aa9e4808ffdb76afcba5e7b40dfaeb3314ab2a950432ab,f729f2f9f0d875823a063e186417b3e000852c7bf7a17a68828d18a67ca6a6d0,indice_publicado_verificado; no es medicion directa,,wjp2025.xlsx,caad9192f24070e340b04b8e6820830665008e17f3d0eed3782bd3ad80b417d7,https://worldjusticeproject.org/rule-of-law-index/downloads/2025_wjp_rule_of_law_index_HISTORICAL_DATA_FILE.xlsx
wjp.csv,wjp_rule_of_law,2020,0.2691,ad30d3c1df91f62312aa9e4808ffdb76afcba5e7b40dfaeb3314ab2a950432ab,f729f2f9f0d875823a063e186417b3e000852c7bf7a17a68828d18a67ca6a6d0,indice_publicado_verificado; no es medicion directa,,wjp2025.xlsx,caad9192f24070e340b04b8e6820830665008e17f3d0eed3782bd3ad80b417d7,https://worldjusticeproject.org/rule-of-law-index/downloads/2025_wjp_rule_of_law_index_HISTORICAL_DATA_FILE.xlsx
wjp.csv,wjp_rule_of_law,2021,0.2651,ad30d3c1df91f62312aa9e4808ffdb76afcba5e7b40dfaeb3314ab2a950432ab,f729f2f9f0d875823a063e186417b3e000852c7bf7a17a68828d18a67ca6a6d0,indice_publicado_verificado; no es medicion directa,,wjp2025.xlsx,caad9192f24070e340b04b8e6820830665008e17f3d0eed3782bd3ad80b417d7,https://worldjusticeproject.org/rule-of-law-index/downloads/2025_wjp_rule_of_law_index_HISTORICAL_DATA_FILE.xlsx
wjp.csv,wjp_rule_of_law,2022,0.2614,ad30d3c1df91f62312aa9e4808ffdb76afcba5e7b40dfaeb3314ab2a950432ab,f729f2f9f0d875823a063e186417b3e000852c7bf7a17a68828d18a67ca6a6d0,indice_publicado_verificado; no es medicion directa,,wjp2025.xlsx,caad9192f24070e340b04b8e6820830665008e17f3d0eed3782bd3ad80b417d7,https://worldjusticeproject.org/rule-of-law-index/downloads/2025_wjp_rule_of_law_index_HISTORICAL_DATA_FILE.xlsx
wjp.csv,wjp_rule_of_law,2023,0.2638,ad30d3c1df91f62312aa9e4808ffdb76afcba5e7b40dfaeb3314ab2a950432ab,f729f2f9f0d875823a063e186417b3e000852c7bf7a17a68828d18a67ca6a6d0,indice_publicado_verificado; no es medicion directa,,wjp2025.xlsx,caad9192f24070e340b04b8e6820830665008e17f3d0eed3782bd3ad80b417d7,https://worldjusticeproject.org/rule-of-law-index/downloads/2025_wjp_rule_of_law_index_HISTORICAL_DATA_FILE.xlsx
wjp.csv,wjp_rule_of_law,2024,0.2607,ad30d3c1df91f62312aa9e4808ffdb76afcba5e7b40dfaeb3314ab2a950432ab,f729f2f9f0d875823a063e186417b3e000852c7bf7a17a68828d18a67ca6a6d0,indice_publicado_verificado; no es medicion directa,,wjp2025.xlsx,caad9192f24070e340b04b8e6820830665008e17f3d0eed3782bd3ad80b417d7,https://worldjusticeproject.org/rule-of-law-index/downloads/2025_wjp_rule_of_law_index_HISTORICAL_DATA_FILE.xlsx
wjp.csv,wjp_rule_of_law,2025,0.2597,ad30d3c1df91f62312aa9e4808ffdb76afcba5e7b40dfaeb3314ab2a950432ab,f729f2f9f0d875823a063e186417b3e000852c7bf7a17a68828d18a67ca6a6d0,indice_publicado_verificado; no es medicion directa,,wjp2025.xlsx,caad9192f24070e340b04b8e6820830665008e17f3d0eed3782bd3ad80b417d7,https://worldjusticeproject.org/rule-of-law-index/downloads/2025_wjp_rule_of_law_index_HISTORICAL_DATA_FILE.xlsx
freedom_house.csv,freedom_house_score,2023,15.0,72957b6f19eec4597e9bfe91e6f915370fcc96277813d1e148601113ce1888e8,3e55a529b8fe289767d22bfe63070084876a79091652407ac5992751b704e200,indice_publicado_verificado; no es medicion directa,,fh2013_2024.xlsx,69030b4738ca1b282ab38551dbe4da8abbf2b9250b679bd9dc5da3e31f9b6981,https://freedomhouse.org/sites/default/files/2024-02/All_data_FIW_2013-2024.xlsx
freedom_house.csv,freedom_house_score,2022,15.0,72957b6f19eec4597e9bfe91e6f915370fcc96277813d1e148601113ce1888e8,3e55a529b8fe289767d22bfe63070084876a79091652407ac5992751b704e200,indice_publicado_verificado; no es medicion directa,,fh2013_2024.xlsx,69030b4738ca1b282ab38551dbe4da8abbf2b9250b679bd9dc5da3e31f9b6981,https://freedomhouse.org/sites/default/files/2024-02/All_data_FIW_2013-2024.xlsx
freedom_house.csv,freedom_house_score,2021,14.0,72957b6f19eec4597e9bfe91e6f915370fcc96277813d1e148601113ce1888e8,3e55a529b8fe289767d22bfe63070084876a79091652407ac5992751b704e200,indice_publicado_verificado; no es medicion directa,,fh2013_2024.xlsx,69030b4738ca1b282ab38551dbe4da8abbf2b9250b679bd9dc5da3e31f9b6981,https://freedomhouse.org/sites/default/files/2024-02/All_data_FIW_2013-2024.xlsx
freedom_house.csv,freedom_house_score,2020,14.0,72957b6f19eec4597e9bfe91e6f915370fcc96277813d1e148601113ce1888e8,3e55a529b8fe289767d22bfe63070084876a79091652407ac5992751b704e200,indice_publicado_verificado; no es medicion directa,,fh2013_2024.xlsx,69030b4738ca1b282ab38551dbe4da8abbf2b9250b679bd9dc5da3e31f9b6981,https://freedomhouse.org/sites/default/files/2024-02/All_data_FIW_2013-2024.xlsx
freedom_house.csv,freedom_house_score,2019,16.0,72957b6f19eec4597e9bfe91e6f915370fcc96277813d1e148601113ce1888e8,3e55a529b8fe289767d22bfe63070084876a79091652407ac5992751b704e200,indice_publicado_verificado; no es medicion directa,,fh2013_2024.xlsx,69030b4738ca1b282ab38551dbe4da8abbf2b9250b679bd9dc5da3e31f9b6981,https://freedomhouse.org/sites/default/files/2024-02/All_data_FIW_2013-2024.xlsx
freedom_house.csv,freedom_house_score,2018,19.0,72957b6f19eec4597e9bfe91e6f915370fcc96277813d1e148601113ce1888e8,3e55a529b8fe289767d22bfe63070084876a79091652407ac5992751b704e200,indice_publicado_verificado; no es medicion directa,,fh2013_2024.xlsx,69030b4738ca1b282ab38551dbe4da8abbf2b9250b679bd9dc5da3e31f9b6981,https://freedomhouse.org/sites/default/files/2024-02/All_data_FIW_2013-2024.xlsx
freedom_house.csv,freedom_house_score,2017,26.0,72957b6f19eec4597e9bfe91e6f915370fcc96277813d1e148601113ce1888e8,3e55a529b8fe289767d22bfe63070084876a79091652407ac5992751b704e200,indice_publicado_verificado; no es medicion directa,,fh2013_2024.xlsx,69030b4738ca1b282ab38551dbe4da8abbf2b9250b679bd9dc5da3e31f9b6981,https://freedomhouse.org/sites/default/files/2024-02/All_data_FIW_2013-2024.xlsx
freedom_house.csv,freedom_house_score,2016,30.0,72957b6f19eec4597e9bfe91e6f915370fcc96277813d1e148601113ce1888e8,3e55a529b8fe289767d22bfe63070084876a79091652407ac5992751b704e200,indice_publicado_verificado; no es medicion directa,,fh2013_2024.xlsx,69030b4738ca1b282ab38551dbe4da8abbf2b9250b679bd9dc5da3e31f9b6981,https://freedomhouse.org/sites/default/files/2024-02/All_data_FIW_2013-2024.xlsx
freedom_house.csv,freedom_house_score,2015,35.0,72957b6f19eec4597e9bfe91e6f915370fcc96277813d1e148601113ce1888e8,3e55a529b8fe289767d22bfe63070084876a79091652407ac5992751b704e200,indice_publicado_verificado; no es medicion directa,,fh2013_2024.xlsx,69030b4738ca1b282ab38551dbe4da8abbf2b9250b679bd9dc5da3e31f9b6981,https://freedomhouse.org/sites/default/files/2024-02/All_data_FIW_2013-2024.xlsx
freedom_house.csv,freedom_house_score,2014,35.0,72957b6f19eec4597e9bfe91e6f915370fcc96277813d1e148601113ce1888e8,3e55a529b8fe289767d22bfe63070084876a79091652407ac5992751b704e200,indice_publicado_verificado; no es medicion directa,,fh2013_2024.xlsx,69030b4738ca1b282ab38551dbe4da8abbf2b9250b679bd9dc5da3e31f9b6981,https://freedomhouse.org/sites/default/files/2024-02/All_data_FIW_2013-2024.xlsx
freedom_house.csv,freedom_house_score,2013,38.0,72957b6f19eec4597e9bfe91e6f915370fcc96277813d1e148601113ce1888e8,3e55a529b8fe289767d22bfe63070084876a79091652407ac5992751b704e200,indice_publicado_verificado; no es medicion directa,,fh2013_2024.xlsx,69030b4738ca1b282ab38551dbe4da8abbf2b9250b679bd9dc5da3e31f9b6981,https://freedomhouse.org/sites/default/files/2024-02/All_data_FIW_2013-2024.xlsx
freedom_house.csv,freedom_house_score,2012,39.0,72957b6f19eec4597e9bfe91e6f915370fcc96277813d1e148601113ce1888e8,3e55a529b8fe289767d22bfe63070084876a79091652407ac5992751b704e200,indice_publicado_verificado; no es medicion directa,,fh2013_2024.xlsx,69030b4738ca1b282ab38551dbe4da8abbf2b9250b679bd9dc5da3e31f9b6981,https://freedomhouse.org/sites/default/files/2024-02/All_data_FIW_2013-2024.xlsx
freedom_house.csv,freedom_house_score,2024,13.0,72957b6f19eec4597e9bfe91e6f915370fcc96277813d1e148601113ce1888e8,3e55a529b8fe289767d22bfe63070084876a79091652407ac5992751b704e200,indice_publicado_verificado; no es medicion directa,,fh2025.html,21ef21959995473f82fcb39bc6aa7c0fb43679fd3fd4b780ac5eadfee6bdd9ab,https://freedomhouse.org/country/venezuela/freedom-world/2025
freedom_house.csv,freedom_house_score,2025,13.0,72957b6f19eec4597e9bfe91e6f915370fcc96277813d1e148601113ce1888e8,3e55a529b8fe289767d22bfe63070084876a79091652407ac5992751b704e200,indice_publicado_verificado; no es medicion directa,,fh2026.html,650a2a5ef941f2b7e7b774f92323255ffbf389824b92ca4ddbcdd72916c60e61,https://freedomhouse.org/country/venezuela/freedom-world/2026
hdi.csv,hdi,2000,0.703,054802c9409f9493a985a6b8d04104878bed90d835af93218141ed3750803725,7cb168aab2752b1f95db1fe55602c68fa92521fc8c2a1a8973e3f787dd98d7e9,indice_publicado_verificado; no es medicion directa,,hdi_owid.csv,59fe1fb0551b57271f9c1ecb75399cf523b970902816901eb23643e2807e02dc,https://ourworldindata.org/grapher/human-development-index.csv
hdi.csv,hdi,2001,0.708,054802c9409f9493a985a6b8d04104878bed90d835af93218141ed3750803725,7cb168aab2752b1f95db1fe55602c68fa92521fc8c2a1a8973e3f787dd98d7e9,indice_publicado_verificado; no es medicion directa,,hdi_owid.csv,59fe1fb0551b57271f9c1ecb75399cf523b970902816901eb23643e2807e02dc,https://ourworldindata.org/grapher/human-development-index.csv
hdi.csv,hdi,2002,0.716,054802c9409f9493a985a6b8d04104878bed90d835af93218141ed3750803725,7cb168aab2752b1f95db1fe55602c68fa92521fc8c2a1a8973e3f787dd98d7e9,indice_publicado_verificado; no es medicion directa,,hdi_owid.csv,59fe1fb0551b57271f9c1ecb75399cf523b970902816901eb23643e2807e02dc,https://ourworldindata.org/grapher/human-development-index.csv
hdi.csv,hdi,2003,0.707,054802c9409f9493a985a6b8d04104878bed90d835af93218141ed3750803725,7cb168aab2752b1f95db1fe55602c68fa92521fc8c2a1a8973e3f787dd98d7e9,indice_publicado_verificado; no es medicion directa,,hdi_owid.csv,59fe1fb0551b57271f9c1ecb75399cf523b970902816901eb23643e2807e02dc,https://ourworldindata.org/grapher/human-development-index.csv
hdi.csv,hdi,2004,0.718,054802c9409f9493a985a6b8d04104878bed90d835af93218141ed3750803725,7cb168aab2752b1f95db1fe55602c68fa92521fc8c2a1a8973e3f787dd98d7e9,indice_publicado_verificado; no es medicion directa,,hdi_owid.csv,59fe1fb0551b57271f9c1ecb75399cf523b970902816901eb23643e2807e02dc,https://ourworldindata.org/grapher/human-development-index.csv
hdi.csv,hdi,2005,0.728,054802c9409f9493a985a6b8d04104878bed90d835af93218141ed3750803725,7cb168aab2752b1f95db1fe55602c68fa92521fc8c2a1a8973e3f787dd98d7e9,indice_publicado_verificado; no es medicion directa,,hdi_owid.csv,59fe1fb0551b57271f9c1ecb75399cf523b970902816901eb23643e2807e02dc,https://ourworldindata.org/grapher/human-development-index.csv
hdi.csv,hdi,2006,0.736,054802c9409f9493a985a6b8d04104878bed90d835af93218141ed3750803725,7cb168aab2752b1f95db1fe55602c68fa92521fc8c2a1a8973e3f787dd98d7e9,indice_publicado_verificado; no es medicion directa,,hdi_owid.csv,59fe1fb0551b57271f9c1ecb75399cf523b970902816901eb23643e2807e02dc,https://ourworldindata.org/grapher/human-development-index.csv
hdi.csv,hdi,2007,0.753,054802c9409f9493a985a6b8d04104878bed90d835af93218141ed3750803725,7cb168aab2752b1f95db1fe55602c68fa92521fc8c2a1a8973e3f787dd98d7e9,indice_publicado_verificado; no es medicion directa,,hdi_owid.csv,59fe1fb0551b57271f9c1ecb75399cf523b970902816901eb23643e2807e02dc,https://ourworldindata.org/grapher/human-development-index.csv
hdi.csv,hdi,2008,0.759,054802c9409f9493a985a6b8d04104878bed90d835af93218141ed3750803725,7cb168aab2752b1f95db1fe55602c68fa92521fc8c2a1a8973e3f787dd98d7e9,indice_publicado_verificado; no es medicion directa,,hdi_owid.csv,59fe1fb0551b57271f9c1ecb75399cf523b970902816901eb23643e2807e02dc,https://ourworldindata.org/grapher/human-development-index.csv
hdi.csv,hdi,2009,0.76,054802c9409f9493a985a6b8d04104878bed90d835af93218141ed3750803725,7cb168aab2752b1f95db1fe55602c68fa92521fc8c2a1a8973e3f787dd98d7e9,indice_publicado_verificado; no es medicion directa,,hdi_owid.csv,59fe1fb0551b57271f9c1ecb75399cf523b970902816901eb23643e2807e02dc,https://ourworldindata.org/grapher/human-development-index.csv
hdi.csv,hdi,2010,0.764,054802c9409f9493a985a6b8d04104878bed90d835af93218141ed3750803725,7cb168aab2752b1f95db1fe55602c68fa92521fc8c2a1a8973e3f787dd98d7e9,indice_publicado_verificado; no es medicion directa,,hdi_owid.csv,59fe1fb0551b57271f9c1ecb75399cf523b970902816901eb23643e2807e02dc,https://ourworldindata.org/grapher/human-development-index.csv
hdi.csv,hdi,2011,0.77,054802c9409f9493a985a6b8d04104878bed90d835af93218141ed3750803725,7cb168aab2752b1f95db1fe55602c68fa92521fc8c2a1a8973e3f787dd98d7e9,indice_publicado_verificado; no es medicion directa,,hdi_owid.csv,59fe1fb0551b57271f9c1ecb75399cf523b970902816901eb23643e2807e02dc,https://ourworldindata.org/grapher/human-development-index.csv
hdi.csv,hdi,2012,0.772,054802c9409f9493a985a6b8d04104878bed90d835af93218141ed3750803725,7cb168aab2752b1f95db1fe55602c68fa92521fc8c2a1a8973e3f787dd98d7e9,indice_publicado_verificado; no es medicion directa,,hdi_owid.csv,59fe1fb0551b57271f9c1ecb75399cf523b970902816901eb23643e2807e02dc,https://ourworldindata.org/grapher/human-development-index.csv
hdi.csv,hdi,2013,0.773,054802c9409f9493a985a6b8d04104878bed90d835af93218141ed3750803725,7cb168aab2752b1f95db1fe55602c68fa92521fc8c2a1a8973e3f787dd98d7e9,indice_publicado_verificado; no es medicion directa,,hdi_owid.csv,59fe1fb0551b57271f9c1ecb75399cf523b970902816901eb23643e2807e02dc,https://ourworldindata.org/grapher/human-development-index.csv
hdi.csv,hdi,2014,0.77,054802c9409f9493a985a6b8d04104878bed90d835af93218141ed3750803725,7cb168aab2752b1f95db1fe55602c68fa92521fc8c2a1a8973e3f787dd98d7e9,indice_publicado_verificado; no es medicion directa,,hdi_owid.csv,59fe1fb0551b57271f9c1ecb75399cf523b970902816901eb23643e2807e02dc,https://ourworldindata.org/grapher/human-development-index.csv
hdi.csv,hdi,2015,0.768,054802c9409f9493a985a6b8d04104878bed90d835af93218141ed3750803725,7cb168aab2752b1f95db1fe55602c68fa92521fc8c2a1a8973e3f787dd98d7e9,indice_publicado_verificado; no es medicion directa,,hdi_owid.csv,59fe1fb0551b57271f9c1ecb75399cf523b970902816901eb23643e2807e02dc,https://ourworldindata.org/grapher/human-development-index.csv
hdi.csv,hdi,2016,0.761,054802c9409f9493a985a6b8d04104878bed90d835af93218141ed3750803725,7cb168aab2752b1f95db1fe55602c68fa92521fc8c2a1a8973e3f787dd98d7e9,indice_publicado_verificado; no es medicion directa,,hdi_owid.csv,59fe1fb0551b57271f9c1ecb75399cf523b970902816901eb23643e2807e02dc,https://ourworldindata.org/grapher/human-development-index.csv
hdi.csv,hdi,2017,0.749,054802c9409f9493a985a6b8d04104878bed90d835af93218141ed3750803725,7cb168aab2752b1f95db1fe55602c68fa92521fc8c2a1a8973e3f787dd98d7e9,indice_publicado_verificado; no es medicion directa,,hdi_owid.csv,59fe1fb0551b57271f9c1ecb75399cf523b970902816901eb23643e2807e02dc,https://ourworldindata.org/grapher/human-development-index.csv
hdi.csv,hdi,2018,0.741,054802c9409f9493a985a6b8d04104878bed90d835af93218141ed3750803725,7cb168aab2752b1f95db1fe55602c68fa92521fc8c2a1a8973e3f787dd98d7e9,indice_publicado_verificado; no es medicion directa,,hdi_owid.csv,59fe1fb0551b57271f9c1ecb75399cf523b970902816901eb23643e2807e02dc,https://ourworldindata.org/grapher/human-development-index.csv
hdi.csv,hdi,2019,0.724,054802c9409f9493a985a6b8d04104878bed90d835af93218141ed3750803725,7cb168aab2752b1f95db1fe55602c68fa92521fc8c2a1a8973e3f787dd98d7e9,indice_publicado_verificado; no es medicion directa,,hdi_owid.csv,59fe1fb0551b57271f9c1ecb75399cf523b970902816901eb23643e2807e02dc,https://ourworldindata.org/grapher/human-development-index.csv
hdi.csv,hdi,2020,0.699,054802c9409f9493a985a6b8d04104878bed90d835af93218141ed3750803725,7cb168aab2752b1f95db1fe55602c68fa92521fc8c2a1a8973e3f787dd98d7e9,indice_publicado_verificado; no es medicion directa,,hdi_owid.csv,59fe1fb0551b57271f9c1ecb75399cf523b970902816901eb23643e2807e02dc,https://ourworldindata.org/grapher/human-development-index.csv
hdi.csv,hdi,2021,0.696,054802c9409f9493a985a6b8d04104878bed90d835af93218141ed3750803725,7cb168aab2752b1f95db1fe55602c68fa92521fc8c2a1a8973e3f787dd98d7e9,indice_publicado_verificado; no es medicion directa,,hdi_owid.csv,59fe1fb0551b57271f9c1ecb75399cf523b970902816901eb23643e2807e02dc,https://ourworldindata.org/grapher/human-development-index.csv
hdi.csv,hdi,2022,0.706,054802c9409f9493a985a6b8d04104878bed90d835af93218141ed3750803725,7cb168aab2752b1f95db1fe55602c68fa92521fc8c2a1a8973e3f787dd98d7e9,indice_publicado_verificado; no es medicion directa,,hdi_owid.csv,59fe1fb0551b57271f9c1ecb75399cf523b970902816901eb23643e2807e02dc,https://ourworldindata.org/grapher/human-development-index.csv
hdi.csv,hdi,2023,0.709,054802c9409f9493a985a6b8d04104878bed90d835af93218141ed3750803725,7cb168aab2752b1f95db1fe55602c68fa92521fc8c2a1a8973e3f787dd98d7e9,indice_publicado_verificado; no es medicion directa,,hdi_owid.csv,59fe1fb0551b57271f9c1ecb75399cf523b970902816901eb23643e2807e02dc,https://ourworldindata.org/grapher/human-development-index.csv
