año,año_previo,delta_publicado,delta_canasta_comun,efecto_composicion_neto,cobertura_comun_pct,n_variables_comunes,cambio_signo
2001,2000,2.0600000000000023,2.0600000000000023,0.0,58.2,14,False
2002,2001,-6.5,-6.5,0.0,58.2,14,False
2003,2002,-4.090000000000003,-4.090000000000003,0.0,58.2,15,False
2004,2003,16.0,16.0,0.0,58.2,15,False
2005,2004,1.5300000000000011,1.5300000000000011,0.0,58.2,15,False
2006,2005,5.420000000000002,2.4099999999999966,3.010000000000005,58.2,15,False
2007,2006,-0.6000000000000085,-0.6000000000000085,0.0,67.8,16,False
2008,2007,-1.3499999999999943,-1.3499999999999943,0.0,67.8,16,False
2009,2008,-2.780000000000001,-2.780000000000001,0.0,67.8,16,False
2010,2009,-1.6200000000000045,-1.6200000000000045,0.0,67.8,16,False
2011,2010,0.010000000000005116,0.010000000000005116,0.0,67.8,16,False
2012,2011,0.269999999999996,5.819999999999993,-5.549999999999997,67.8,16,False
2013,2012,-1.3299999999999983,-2.0799999999999983,0.75,91.6,19,False
2014,2013,-4.299999999999997,-4.299999999999997,0.0,95.1,20,False
2015,2014,-4.239999999999995,-4.239999999999995,0.0,95.1,20,False
2016,2015,-13.770000000000003,-13.770000000000003,0.0,95.1,20,False
2017,2016,-6.880000000000003,-8.14,1.259999999999998,91.6,19,False
2018,2017,-8.119999999999997,-7.770000000000003,-0.3499999999999943,91.6,19,False
2019,2018,-10.810000000000002,-10.810000000000002,0.0,95.1,20,False
2020,2019,-11.66,-11.66,0.0,95.1,20,False
2021,2020,9.14,9.14,0.0,95.1,20,False
2022,2021,6.23,6.23,0.0,95.1,20,False
2023,2022,-3.9200000000000017,-3.9200000000000017,0.0,95.1,20,False
2024,2023,0.3400000000000034,-0.29999999999999716,0.6400000000000006,92.6,19,True
2025,2024,-6.410000000000004,-4.440000000000001,-1.9700000000000024,82.9,15,False
2026,2025,16.75,3.210000000000001,13.54,41.1,7,False
