origin_date,target_date,horizon,model,model_spec,aic,y_true,y_pred,absolute_error,squared_error,bias_error,n_train_observed,n_train_calendar,lower_80,upper_80,inside_80,lower_95,upper_95,inside_95,common_sample
2015-12-01,2016-01-01,1,naive,naive,,12.48,13.7,1.2199999999999989,1.4883999999999973,1.2199999999999989,60,72,6.309999999999999,21.09,True,2.1199999999999974,25.28,True,False
2015-12-01,2016-01-01,1,seasonal_naive,seasonal_naive,,12.48,22.44,9.96,99.20160000000001,9.96,60,72,,,,,,,False
2015-12-01,2016-03-01,3,naive,naive,,32.57,13.7,18.87,356.0769,-18.87,60,72,2.320000000000004,25.079999999999995,False,0.0,47.42,True,False
2015-12-01,2016-03-01,3,seasonal_naive,seasonal_naive,,32.57,24.16,8.41,70.7281,-8.41,60,72,,,,,,,False
2015-12-01,2016-06-01,6,naive,naive,,20.15,13.7,6.449999999999999,41.60249999999999,-6.449999999999999,60,72,0.029999999999997584,27.37,True,0.0,55.05000000000001,True,False
2015-12-01,2016-06-01,6,seasonal_naive,seasonal_naive,,20.15,35.8,15.649999999999999,244.92249999999996,15.649999999999999,60,72,,,,,,,False
2016-06-01,2016-07-01,1,naive,naive,,34.81,20.15,14.660000000000004,214.9156000000001,-14.660000000000004,66,78,12.759999999999998,27.54,False,8.569999999999997,31.73,False,True
2016-06-01,2016-07-01,1,seasonal_naive,seasonal_naive,,34.81,30.85,3.960000000000001,15.681600000000007,-3.960000000000001,66,78,,,,,,,True
2016-06-01,2016-07-01,1,sarima,"SARIMA(1, 1, 1)x(1, 1, 1, 12)",376.7602192525,34.81,19.181186444568915,15.628813555431087,244.25981315042648,-15.628813555431087,66,78,8.738759916288709,29.623612972849124,False,3.2108732266708913,35.15149966246694,True,True
2016-06-01,2016-09-01,3,naive,naive,,35.18,20.15,15.030000000000001,225.90090000000004,-15.030000000000001,66,78,7.729999999999997,32.57,False,1.2799999999999976,39.019999999999996,True,True
2016-06-01,2016-09-01,3,seasonal_naive,seasonal_naive,,35.18,18.0,17.18,295.1524,-17.18,66,78,,,,,,,True
2016-06-01,2016-09-01,3,sarima,"SARIMA(1, 1, 1)x(1, 1, 1, 12)",376.7602192525,35.18,14.829030912242976,20.350969087757022,414.1619428108419,-20.350969087757022,66,78,0.0,30.345169918917478,False,0.0,38.55891775396035,True,True
2016-06-01,2016-12-01,6,naive,naive,,35.95,20.15,15.800000000000004,249.64000000000013,-15.800000000000004,66,78,5.810000000000002,34.489999999999995,False,0.0,61.50000000000001,True,True
2016-06-01,2016-12-01,6,seasonal_naive,seasonal_naive,,35.95,13.7,22.250000000000004,495.06250000000017,-22.250000000000004,66,78,,,,,,,True
2016-06-01,2016-12-01,6,sarima,"SARIMA(1, 1, 1)x(1, 1, 1, 12)",376.7602192525,35.95,12.368441847200744,23.58155815279926,556.0898849138533,-23.58155815279926,66,78,0.0,31.791363525143808,False,0.0,42.0732371802964,True,True
2016-12-01,2017-01-01,1,naive,naive,,31.42,35.95,4.530000000000001,20.52090000000001,4.530000000000001,72,84,28.480000000000004,43.42,True,21.370000000000005,50.53,True,True
2016-12-01,2017-01-01,1,seasonal_naive,seasonal_naive,,31.42,12.48,18.94,358.72360000000003,-18.94,72,84,,,,,,,True
2016-12-01,2017-01-01,1,sarima,"SARIMA(1, 1, 1)x(1, 1, 1, 12)",421.44453140169554,31.42,27.44197525105728,3.9780247489427225,15.824680903200811,-3.9780247489427225,72,84,16.923006448351842,37.96094405376272,True,11.354600726223484,43.52934977589108,True,True
2016-12-01,2017-03-01,3,naive,naive,,32.21,35.95,3.740000000000002,13.987600000000015,3.740000000000002,72,84,23.53,48.370000000000005,True,17.080000000000002,54.82000000000001,True,True
2016-12-01,2017-03-01,3,seasonal_naive,seasonal_naive,,32.21,32.57,0.35999999999999943,0.1295999999999996,0.35999999999999943,72,84,,,,,,,True
2016-12-01,2017-03-01,3,sarima,"SARIMA(1, 1, 1)x(1, 1, 1, 12)",421.44453140169554,32.21,28.237802752212293,3.972197247787708,15.778350975332243,-3.972197247787708,72,84,12.960154884748007,43.51545061967658,True,4.8726566326408225,51.60294887178377,True,True
2016-12-01,2017-06-01,6,naive,naive,,32.61,35.95,3.3400000000000034,11.155600000000023,3.3400000000000034,72,84,21.610000000000007,50.29,True,8.510000000000005,63.39,True,True
2016-12-01,2017-06-01,6,seasonal_naive,seasonal_naive,,32.61,20.15,12.46,155.25160000000002,-12.46,72,84,,,,,,,True
2016-12-01,2017-06-01,6,sarima,"SARIMA(1, 1, 1)x(1, 1, 1, 12)",421.44453140169554,32.61,27.22870121900493,5.3812987809950705,28.95837657033903,-5.3812987809950705,72,84,7.718963659609347,46.73843877840051,True,0.0,57.06626998510773,True,True
2017-06-01,2017-07-01,1,naive,naive,,23.74,32.61,8.870000000000001,78.67690000000002,8.870000000000001,78,90,25.22,40.0,False,18.03,47.19,True,True
2017-06-01,2017-07-01,1,seasonal_naive,seasonal_naive,,23.74,34.81,11.070000000000004,122.54490000000008,11.070000000000004,78,90,,,,,,,True
2017-06-01,2017-07-01,1,sarima,"SARIMA(1, 1, 1)x(1, 1, 1, 12)",459.60110185232423,23.74,33.1769625673348,9.436962567334799,89.0562624972782,9.436962567334799,78,90,23.123254973235923,43.23067016143367,True,17.801143657420738,48.55278147724886,True,True
2017-06-01,2017-09-01,3,naive,naive,,38.78,32.61,6.170000000000002,38.06890000000002,-6.170000000000002,78,90,20.970000000000002,44.25,True,13.739999999999998,51.480000000000004,True,True
2017-06-01,2017-09-01,3,seasonal_naive,seasonal_naive,,38.78,35.18,3.6000000000000014,12.96000000000001,-3.6000000000000014,78,90,,,,,,,True
2017-06-01,2017-09-01,3,sarima,"SARIMA(1, 1, 1)x(1, 1, 1, 12)",459.60110185232423,38.78,29.530609329900333,9.249390670099668,85.5512277681268,-9.249390670099668,78,90,14.784884030869195,44.27633462893147,True,6.978968577356351,52.08225008244432,True,True
2017-06-01,2017-12-01,6,naive,naive,,45.94,32.61,13.329999999999998,177.68889999999996,-13.329999999999998,78,90,18.87,46.349999999999994,True,5.170000000000002,60.05,True,True
2017-06-01,2017-12-01,6,seasonal_naive,seasonal_naive,,45.94,35.95,9.989999999999995,99.8000999999999,-9.989999999999995,78,90,,,,,,,True
2017-06-01,2017-12-01,6,sarima,"SARIMA(1, 1, 1)x(1, 1, 1, 12)",459.60110185232423,45.94,27.72099108657399,18.21900891342601,331.93228578749637,-18.21900891342601,78,90,8.917254161510733,46.524728011637244,True,0.0,56.47882505810708,True,True
2017-12-01,2018-01-01,1,naive,naive,,43.56,45.94,2.3799999999999955,5.664399999999978,2.3799999999999955,84,96,38.47,53.41,True,31.36,60.519999999999996,True,True
2017-12-01,2018-01-01,1,seasonal_naive,seasonal_naive,,43.56,31.42,12.14,147.3796,-12.14,84,96,,,,,,,True
2017-12-01,2018-01-01,1,sarima,"SARIMA(1, 1, 1)x(1, 1, 1, 12)",504.91459707328175,43.56,37.89962341907287,5.660376580927135,32.03986303790836,-5.660376580927135,84,96,27.58520818079448,48.21403865735125,True,22.125086574723618,53.67416026342212,True,True
2017-12-01,2018-03-01,3,naive,naive,,45.03,45.94,0.9099999999999966,0.8280999999999938,0.9099999999999966,84,96,34.3,57.58,True,26.189999999999994,65.69,True,True
2017-12-01,2018-03-01,3,seasonal_naive,seasonal_naive,,45.03,32.21,12.82,164.35240000000002,-12.82,84,96,,,,,,,True
2017-12-01,2018-03-01,3,sarima,"SARIMA(1, 1, 1)x(1, 1, 1, 12)",504.91459707328175,45.03,38.374935730216094,6.655064269783907,44.289880434954405,-6.655064269783907,84,96,23.072212719448864,53.677658740983325,True,14.971440488297706,61.77843097213449,True,True
2017-12-01,2018-06-01,6,naive,naive,,43.97,45.94,1.9699999999999989,3.8808999999999956,1.9699999999999989,84,96,31.399999999999995,60.480000000000004,True,18.5,73.38,True,True
2017-12-01,2018-06-01,6,seasonal_naive,seasonal_naive,,43.97,32.61,11.36,129.0496,-11.36,84,96,,,,,,,True
2017-12-01,2018-06-01,6,sarima,"SARIMA(1, 1, 1)x(1, 1, 1, 12)",504.91459707328175,43.97,37.36596960769005,6.6040303923099515,43.61321742255353,-6.6040303923099515,84,96,17.847985322681133,56.88395389269896,True,7.515788563137377,67.21615065224272,True,True
2018-06-01,2018-07-01,1,naive,naive,,42.37,43.97,1.6000000000000014,2.5600000000000045,1.6000000000000014,90,102,36.58,51.36,True,29.39,58.55,True,True
2018-06-01,2018-07-01,1,seasonal_naive,seasonal_naive,,42.37,23.74,18.63,347.07689999999997,-18.63,90,102,,,,,,,True
2018-06-01,2018-07-01,1,sarima,"SARIMA(1, 1, 1)x(1, 1, 1, 12)",542.5195580697931,42.37,43.481032304255415,1.111032304255417,1.2343927810991018,1.111032304255417,90,102,33.55745038320774,53.40461422530309,True,28.30422343771484,58.65784117079599,True,True
2018-06-01,2018-09-01,3,naive,naive,,40.96,43.97,3.009999999999998,9.060099999999988,3.009999999999998,90,102,32.519999999999996,55.42,True,24.219999999999995,63.72,True,True
2018-06-01,2018-09-01,3,seasonal_naive,seasonal_naive,,40.96,38.78,2.1799999999999997,4.752399999999999,-2.1799999999999997,90,102,,,,,,,True
2018-06-01,2018-09-01,3,sarima,"SARIMA(1, 1, 1)x(1, 1, 1, 12)",542.5195580697931,40.96,42.63159800429504,1.671598004295042,2.794239887963167,1.671598004295042,90,102,27.89072462608454,57.372471382505545,True,20.087377624305674,65.17581838428441,True,True
2018-06-01,2018-12-01,6,naive,naive,,34.79,43.97,9.18,84.27239999999999,9.18,90,102,29.4,58.54,True,21.4,66.53999999999999,True,True
2018-06-01,2018-12-01,6,seasonal_naive,seasonal_naive,,34.79,45.94,11.149999999999999,124.32249999999996,11.149999999999999,90,102,,,,,,,True
2018-06-01,2018-12-01,6,sarima,"SARIMA(1, 1, 1)x(1, 1, 1, 12)",542.5195580697931,34.79,42.12205947069713,7.332059470697132,53.75909608183951,7.332059470697132,90,102,23.145884677231365,61.0982342641629,True,13.100504537225103,71.14361440416916,True,True
2018-12-01,2019-01-01,1,naive,naive,,25.8,34.79,8.989999999999998,80.82009999999997,8.989999999999998,96,108,27.24,42.34,False,20.21,49.37,True,True
2018-12-01,2019-01-01,1,seasonal_naive,seasonal_naive,,25.8,43.56,17.76,315.41760000000005,17.76,96,108,,,,,,,True
2018-12-01,2019-01-01,1,sarima,"SARIMA(1, 1, 1)x(1, 1, 1, 12)",581.9213031231318,25.8,29.957386055729575,4.1573860557295745,17.28385881637471,4.1573860557295745,96,108,20.16919037929903,39.74558173216012,True,14.987632582499641,44.92713952895951,True,True
2018-12-01,2019-03-01,3,naive,naive,,29.95,34.79,4.84,23.4256,4.84,96,108,23.410000000000004,46.169999999999995,True,15.039999999999996,54.540000000000006,True,True
2018-12-01,2019-03-01,3,seasonal_naive,seasonal_naive,,29.95,45.03,15.080000000000002,227.40640000000005,15.080000000000002,96,108,,,,,,,True
2018-12-01,2019-03-01,3,sarima,"SARIMA(1, 1, 1)x(1, 1, 1, 12)",581.9213031231318,29.95,31.949248886555978,1.9992488865559785,3.9969961103953198,1.9992488865559785,96,108,17.726818310945355,46.1716794621666,True,10.19791835076727,53.70057942234469,True,True
2018-12-01,2019-06-01,6,naive,naive,,39.14,34.79,4.350000000000001,18.922500000000014,-4.350000000000001,96,108,20.249999999999996,49.33,True,12.219999999999999,57.36,True,True
2018-12-01,2019-06-01,6,seasonal_naive,seasonal_naive,,39.14,43.97,4.829999999999998,23.328899999999983,4.829999999999998,96,108,,,,,,,True
2018-12-01,2019-06-01,6,sarima,"SARIMA(1, 1, 1)x(1, 1, 1, 12)",581.9213031231318,39.14,31.238754366008067,7.901245633991934,62.4296825686766,-7.901245633991934,96,108,13.01643921160641,49.46106952040972,True,3.3701282585689825,59.10738047344715,True,True
2019-06-01,2019-07-01,1,naive,naive,,39.17,39.14,0.030000000000001137,0.0009000000000000682,-0.030000000000001137,102,114,31.59,46.69,True,27.56,50.72,True,True
2019-06-01,2019-07-01,1,seasonal_naive,seasonal_naive,,39.17,42.37,3.1999999999999957,10.239999999999974,3.1999999999999957,102,114,,,,,,,True
2019-06-01,2019-07-01,1,sarima,"SARIMA(1, 1, 1)x(1, 1, 1, 12)",619.7572469670422,39.17,37.25345113253724,1.9165488674627582,3.673159561372781,-1.9165488674627582,102,114,27.731589035348197,46.775313229726294,True,22.6910197189274,51.81588254614709,True,True
2019-06-01,2019-09-01,3,naive,naive,,42.32,39.14,3.1799999999999997,10.112399999999997,-3.1799999999999997,102,114,27.69,50.59,True,19.389999999999997,58.89,True,True
2019-06-01,2019-09-01,3,seasonal_naive,seasonal_naive,,42.32,40.96,1.3599999999999994,1.8495999999999984,-1.3599999999999994,102,114,,,,,,,True
2019-06-01,2019-09-01,3,sarima,"SARIMA(1, 1, 1)x(1, 1, 1, 12)",619.7572469670422,42.32,35.7482533402567,6.571746659743297,43.187854159847184,-6.571746659743297,102,114,21.83792697493117,49.658579705582234,True,14.474245003611927,57.02226167690148,True,True
2019-06-01,2019-12-01,6,naive,naive,,44.17,39.14,5.030000000000001,25.300900000000013,-5.030000000000001,102,114,24.800000000000004,53.48,True,16.57,61.71,True,True
2019-06-01,2019-12-01,6,seasonal_naive,seasonal_naive,,44.17,34.79,9.380000000000003,87.98440000000005,-9.380000000000003,102,114,,,,,,,True
2019-06-01,2019-12-01,6,sarima,"SARIMA(1, 1, 1)x(1, 1, 1, 12)",619.7572469670422,44.17,34.454722075110794,9.715277924889207,94.38662515783955,-9.715277924889207,102,114,16.64468209942702,52.26476205079457,True,7.2166164427986565,61.692827707422936,True,True
2019-12-01,2020-01-01,1,naive,naive,,44.29,44.17,0.11999999999999744,0.014399999999999386,-0.11999999999999744,108,120,36.7,51.64,True,32.59,55.75,True,True
2019-12-01,2020-01-01,1,seasonal_naive,seasonal_naive,,44.29,25.8,18.49,341.88009999999997,-18.49,108,120,,,,,,,True
2019-12-01,2020-01-01,1,sarima,"SARIMA(1, 1, 1)x(1, 1, 1, 12)",655.2659259033652,44.29,37.487247640795815,6.8027523592041845,46.277439660658096,-6.8027523592041845,108,120,28.24996558527402,46.72452969631761,True,23.360043842978158,51.61445143861347,True,True
2019-12-01,2020-03-01,3,naive,naive,,27.65,44.17,16.520000000000003,272.9104000000001,16.520000000000003,108,120,32.790000000000006,55.55,False,25.3,63.040000000000006,True,True
2019-12-01,2020-03-01,3,seasonal_naive,seasonal_naive,,27.65,29.95,2.3000000000000007,5.290000000000004,2.3000000000000007,108,120,,,,,,,True
2019-12-01,2020-03-01,3,sarima,"SARIMA(1, 1, 1)x(1, 1, 1, 12)",655.2659259033652,27.65,39.09097450497823,11.440974504978229,130.89589762356184,11.440974504978229,108,120,25.517462232585103,52.66448677737135,True,18.33207887185741,59.84987013809905,True,True
2019-12-01,2020-06-01,6,naive,naive,,40.35,44.17,3.8200000000000003,14.592400000000001,3.8200000000000003,108,120,29.830000000000005,58.51,True,21.84,66.5,True,True
2019-12-01,2020-06-01,6,seasonal_naive,seasonal_naive,,40.35,39.14,1.2100000000000009,1.464100000000002,-1.2100000000000009,108,120,,,,,,,True
2019-12-01,2020-06-01,6,sarima,"SARIMA(1, 1, 1)x(1, 1, 1, 12)",655.2659259033652,40.35,39.40629911161082,0.9437008883891806,0.8905713667465288,-0.9437008883891806,108,120,21.863977489276902,56.948620733944736,True,12.577633368159574,66.23496485506206,True,True
2020-06-01,2020-07-01,1,naive,naive,,42.77,40.35,2.4200000000000017,5.856400000000008,-2.4200000000000017,114,126,32.8,47.900000000000006,True,25.770000000000003,54.93,True,True
2020-06-01,2020-07-01,1,seasonal_naive,seasonal_naive,,42.77,39.17,3.6000000000000014,12.96000000000001,-3.6000000000000014,114,126,,,,,,,True
2020-06-01,2020-07-01,1,sarima,"SARIMA(1, 1, 1)x(1, 1, 1, 12)",695.9603235798725,42.77,39.125759339094046,3.6442406609059574,13.28048999460029,-3.6442406609059574,114,126,29.94221488180182,48.309303796386274,True,25.080740105657057,53.170778572531034,True,True
2020-06-01,2020-09-01,3,naive,naive,,43.75,40.35,3.3999999999999986,11.55999999999999,-3.3999999999999986,114,126,28.900000000000002,51.8,True,21.48,59.22,True,True
2020-06-01,2020-09-01,3,seasonal_naive,seasonal_naive,,43.75,42.32,1.4299999999999997,2.0448999999999993,-1.4299999999999997,114,126,,,,,,,True
2020-06-01,2020-09-01,3,sarima,"SARIMA(1, 1, 1)x(1, 1, 1, 12)",695.9603235798725,43.75,38.27968347282299,5.470316527177012,29.924362907505962,-5.470316527177012,114,126,24.80511459202109,51.754252353624885,True,17.672108698917576,58.8872582467284,True,True
2020-06-01,2020-12-01,6,naive,naive,,49.53,40.35,9.18,84.27239999999999,-9.18,114,126,26.010000000000005,54.69,True,18.02,62.68000000000001,True,True
2020-06-01,2020-12-01,6,seasonal_naive,seasonal_naive,,49.53,44.17,5.359999999999999,28.729599999999994,-5.359999999999999,114,126,,,,,,,True
2020-06-01,2020-12-01,6,sarima,"SARIMA(1, 1, 1)x(1, 1, 1, 12)",695.9603235798725,49.53,37.333537865331245,12.196462134668757,148.75368860240877,-12.196462134668757,114,126,20.16547464702113,54.50160108364136,True,11.077250957441237,63.58982477322125,True,True
2020-12-01,2021-01-01,1,naive,naive,,47.07,49.53,2.460000000000001,6.051600000000004,2.460000000000001,120,132,42.06,57.0,True,34.95,64.11,True,True
2020-12-01,2021-01-01,1,seasonal_naive,seasonal_naive,,47.07,44.29,2.780000000000001,7.728400000000006,-2.780000000000001,120,132,,,,,,,True
2020-12-01,2021-01-01,1,sarima,"SARIMA(1, 1, 1)x(1, 1, 1, 12)",732.1506488032632,47.07,42.850781711114486,4.219218288885514,17.801802969266006,-4.219218288885514,120,132,33.86290717277929,51.838656249449684,True,29.105013794849956,56.59654962737902,True,True
2020-12-01,2021-03-01,3,naive,naive,,48.11,49.53,1.4200000000000017,2.016400000000005,1.4200000000000017,120,132,38.08,60.980000000000004,True,30.66,68.4,True,True
2020-12-01,2021-03-01,3,seasonal_naive,seasonal_naive,,48.11,27.65,20.46,418.6116,-20.46,120,132,,,,,,,True
2020-12-01,2021-03-01,3,sarima,"SARIMA(1, 1, 1)x(1, 1, 1, 12)",732.1506488032632,48.11,42.132983670567334,5.977016329432665,35.72472420230473,-5.977016329432665,120,132,28.903542779564795,55.362424561569874,True,21.9002998058742,62.36566753526047,True,True
2020-12-01,2021-06-01,6,naive,naive,,55.25,49.53,5.719999999999999,32.71839999999999,-5.719999999999999,120,132,34.989999999999995,64.07000000000001,True,27.2,71.86,True,True
2020-12-01,2021-06-01,6,seasonal_naive,seasonal_naive,,55.25,40.35,14.899999999999999,222.00999999999996,-14.899999999999999,120,132,,,,,,,True
2020-12-01,2021-06-01,6,sarima,"SARIMA(1, 1, 1)x(1, 1, 1, 12)",732.1506488032632,55.25,43.58112384312558,11.668876156874418,136.1626707644723,-11.668876156874418,120,132,26.655250377088766,60.5069973091624,True,17.695234197930677,69.46701348832049,True,True
2021-06-01,2021-07-01,1,naive,naive,,52.46,55.25,2.789999999999999,7.784099999999995,2.789999999999999,126,138,47.86,62.64,True,43.67,66.83,True,True
2021-06-01,2021-07-01,1,seasonal_naive,seasonal_naive,,52.46,42.77,9.689999999999998,93.89609999999996,-9.689999999999998,126,138,,,,,,,True
2021-06-01,2021-07-01,1,sarima,"SARIMA(1, 1, 1)x(1, 1, 1, 12)",767.6241000795864,52.46,54.81154926093828,2.3515492609382775,5.529783926619359,2.3515492609382775,126,138,46.0602995059,63.56279901597656,True,41.42766772176577,68.19543080011078,True,True
2021-06-01,2021-09-01,3,naive,naive,,52.56,55.25,2.6899999999999977,7.236099999999988,2.6899999999999977,126,138,43.870000000000005,66.63,True,37.45,73.05,True,True
2021-06-01,2021-09-01,3,seasonal_naive,seasonal_naive,,52.56,43.75,8.810000000000002,77.61610000000005,-8.810000000000002,126,138,,,,,,,True
2021-06-01,2021-09-01,3,sarima,"SARIMA(1, 1, 1)x(1, 1, 1, 12)",767.6241000795864,52.56,54.43228252461706,1.8722825246170558,3.5054418519864163,1.8722825246170558,126,138,41.41528063000034,67.44928441923378,True,34.52449606789604,74.34006898133808,True,True
2021-06-01,2021-12-01,6,naive,naive,,61.52,55.25,6.270000000000003,39.31290000000004,-6.270000000000003,126,138,40.910000000000004,69.59,True,32.92,77.58,True,True
2021-06-01,2021-12-01,6,seasonal_naive,seasonal_naive,,61.52,49.53,11.990000000000002,143.76010000000005,-11.990000000000002,126,138,,,,,,,True
2021-06-01,2021-12-01,6,sarima,"SARIMA(1, 1, 1)x(1, 1, 1, 12)",767.6241000795864,61.52,54.22493550599249,7.295064494007512,53.21796597172908,-7.295064494007512,126,138,37.38819860426564,71.06167240771934,True,28.475368471959094,79.9745025400259,True,True
2021-12-01,2022-01-01,1,naive,naive,,56.43,61.52,5.090000000000003,25.908100000000033,5.090000000000003,132,144,54.660000000000004,68.38,True,49.94,73.10000000000001,True,True
2021-12-01,2022-01-01,1,seasonal_naive,seasonal_naive,,56.43,47.07,9.36,87.60959999999999,-9.36,132,144,,,,,,,True
2021-12-01,2022-01-01,1,sarima,"SARIMA(1, 1, 1)x(1, 1, 1, 12)",803.106840818418,56.43,55.10684212169905,1.3231578783009468,1.7507467709098632,-1.3231578783009468,132,144,46.52782063535433,63.685863608043775,True,41.986360989372926,68.22732325402518,True,True
2021-12-01,2022-03-01,3,naive,naive,,59.74,61.52,1.7800000000000011,3.168400000000004,1.7800000000000011,132,144,50.39,72.65,True,43.720000000000006,79.32,True,True
2021-12-01,2022-03-01,3,seasonal_naive,seasonal_naive,,59.74,48.11,11.630000000000003,135.25690000000006,-11.630000000000003,132,144,,,,,,,True
2021-12-01,2022-03-01,3,sarima,"SARIMA(1, 1, 1)x(1, 1, 1, 12)",803.106840818418,59.74,54.57207536283384,5.167924637166159,26.707445055428977,-5.167924637166159,132,144,41.86315388534688,67.28099684032081,True,35.13545724467265,74.00869348099503,True,True
2021-12-01,2022-06-01,6,naive,naive,,60.95,61.52,0.5700000000000003,0.3249000000000003,0.5700000000000003,132,144,47.85,75.19,True,39.25,83.79,True,True
2021-12-01,2022-06-01,6,seasonal_naive,seasonal_naive,,60.95,55.25,5.700000000000003,32.49000000000003,-5.700000000000003,132,144,,,,,,,True
2021-12-01,2022-06-01,6,sarima,"SARIMA(1, 1, 1)x(1, 1, 1, 12)",803.106840818418,60.95,56.56376050831135,4.386239491688656,19.239096878449157,-4.386239491688656,132,144,40.11931136486018,73.00820965176251,True,31.414145827712574,81.71337518891012,True,True
2022-06-01,2022-07-01,1,naive,naive,,52.2,60.95,8.75,76.5625,8.75,138,150,54.150000000000006,67.75,False,49.370000000000005,72.53,True,True
2022-06-01,2022-07-01,1,seasonal_naive,seasonal_naive,,52.2,52.46,0.259999999999998,0.06759999999999897,0.259999999999998,138,150,,,,,,,True
2022-06-01,2022-07-01,1,sarima,"SARIMA(1, 1, 1)x(1, 1, 1, 12)",838.0729630841317,52.2,60.972596417313476,8.772596417313473,76.95844790106118,8.772596417313473,138,150,52.593773029357536,69.35141980526942,False,48.158291854986444,73.7869009796405,True,True
2022-06-01,2022-09-01,3,naive,naive,,48.45,60.95,12.5,156.25,12.5,138,150,49.84,72.06,False,43.150000000000006,78.75,True,True
2022-06-01,2022-09-01,3,seasonal_naive,seasonal_naive,,48.45,52.56,4.109999999999999,16.892099999999996,4.109999999999999,138,150,,,,,,,True
2022-06-01,2022-09-01,3,sarima,"SARIMA(1, 1, 1)x(1, 1, 1, 12)",838.0729630841317,48.45,61.002034262467696,12.552034262467693,157.55356412616288,12.552034262467693,138,150,48.551670697071465,73.45239782786392,False,41.96084634722648,80.04322217770891,True,True
2022-06-01,2022-12-01,6,naive,naive,,47.12,60.95,13.830000000000005,191.26890000000014,13.830000000000005,138,150,47.58,74.32000000000001,False,38.68,83.22,True,True
2022-06-01,2022-12-01,6,seasonal_naive,seasonal_naive,,47.12,61.52,14.400000000000006,207.36000000000016,14.400000000000006,138,150,,,,,,,True
2022-06-01,2022-12-01,6,sarima,"SARIMA(1, 1, 1)x(1, 1, 1, 12)",838.0729630841317,47.12,61.694303400244785,14.574303400244787,212.41031960238675,14.574303400244787,138,150,45.53983428156441,77.84877251892516,True,36.988174896923056,86.40043190356651,True,True
2022-12-01,2023-01-01,1,naive,naive,,49.05,47.12,1.9299999999999997,3.724899999999999,-1.9299999999999997,144,156,40.26,53.98,True,36.33,57.91,True,True
2022-12-01,2023-01-01,1,seasonal_naive,seasonal_naive,,49.05,56.43,7.380000000000003,54.46440000000004,7.380000000000003,144,156,,,,,,,True
2022-12-01,2023-01-01,1,sarima,"SARIMA(1, 1, 1)x(1, 1, 1, 12)",876.1900295545502,49.05,42.84484381786567,6.205156182134324,38.503963244679824,-6.205156182134324,144,156,34.5135419927566,51.176145642974745,True,30.10321721417337,55.586470421557976,True,True
2022-12-01,2023-03-01,3,naive,naive,,45.85,47.12,1.269999999999996,1.6128999999999898,1.269999999999996,144,156,36.00999999999999,58.230000000000004,True,30.309999999999995,63.93,True,True
2022-12-01,2023-03-01,3,seasonal_naive,seasonal_naive,,45.85,59.74,13.89,192.93210000000002,13.89,144,156,,,,,,,True
2022-12-01,2023-03-01,3,sarima,"SARIMA(1, 1, 1)x(1, 1, 1, 12)",876.1900295545502,45.85,43.602767415401395,2.2472325845986063,5.050054289281732,-2.2472325845986063,144,156,31.279504354619966,55.926030476182824,True,24.75596294766197,62.44957188314082,True,True
2022-12-01,2023-06-01,6,naive,naive,,49.96,47.12,2.8400000000000034,8.06560000000002,-2.8400000000000034,144,156,33.449999999999996,60.79,True,24.849999999999994,69.39,True,True
2022-12-01,2023-06-01,6,seasonal_naive,seasonal_naive,,49.96,60.95,10.990000000000002,120.78010000000005,10.990000000000002,144,156,,,,,,,True
2022-12-01,2023-06-01,6,sarima,"SARIMA(1, 1, 1)x(1, 1, 1, 12)",876.1900295545502,49.96,45.65013572844671,4.3098642715532876,18.57493003921155,-4.3098642715532876,144,156,29.60526356023634,61.69500789665709,True,21.111621296623802,70.18865016026962,True,True
2023-06-01,2023-07-01,1,naive,naive,,57.01,49.96,7.049999999999997,49.70249999999996,-7.049999999999997,150,162,43.160000000000004,56.76,False,39.17,60.75,True,True
2023-06-01,2023-07-01,1,seasonal_naive,seasonal_naive,,57.01,52.2,4.809999999999995,23.136099999999953,-4.809999999999995,150,162,,,,,,,True
2023-06-01,2023-07-01,1,sarima,"SARIMA(1, 1, 1)x(1, 1, 1, 12)",911.0176577958074,57.01,49.36487620573861,7.645123794261387,58.44791782958163,-7.645123794261387,150,162,41.20210823875124,57.527644172725985,True,36.88099989549918,61.84875251597804,True,True
2023-06-01,2023-09-01,3,naive,naive,,53.69,49.96,3.729999999999997,13.912899999999977,-3.729999999999997,150,162,39.230000000000004,60.69,True,33.15,66.77000000000001,True,True
2023-06-01,2023-09-01,3,seasonal_naive,seasonal_naive,,53.69,48.45,5.239999999999995,27.457599999999946,-5.239999999999995,150,162,,,,,,,True
2023-06-01,2023-09-01,3,sarima,"SARIMA(1, 1, 1)x(1, 1, 1, 12)",911.0176577958074,53.69,49.118374161764464,4.5716258382355335,20.899762804822743,-4.5716258382355335,150,162,37.08961832365142,61.14712999987751,True,30.72197962300176,67.51476870052717,True,True
2023-06-01,2023-12-01,6,naive,naive,,53.22,49.96,3.259999999999998,10.627599999999987,-3.259999999999998,150,162,36.59,63.33,True,27.860000000000003,72.06,True,True
2023-06-01,2023-12-01,6,seasonal_naive,seasonal_naive,,53.22,47.12,6.100000000000001,37.210000000000015,-6.100000000000001,150,162,,,,,,,True
2023-06-01,2023-12-01,6,sarima,"SARIMA(1, 1, 1)x(1, 1, 1, 12)",911.0176577958074,53.22,49.61911189972003,3.600888100279967,12.966395110737869,-3.600888100279967,150,162,33.98807896717378,65.25014483226629,True,25.713509961704247,73.52471383773582,True,True
2023-12-01,2024-01-01,1,naive,naive,,54.06,53.22,0.8400000000000034,0.7056000000000058,-0.8400000000000034,156,168,46.42,60.019999999999996,True,42.43,64.00999999999999,True,True
2023-12-01,2024-01-01,1,seasonal_naive,seasonal_naive,,54.06,49.05,5.010000000000005,25.10010000000005,-5.010000000000005,156,168,,,,,,,True
2023-12-01,2024-01-01,1,sarima,"SARIMA(1, 1, 1)x(1, 1, 1, 12)",946.6601324227045,54.06,48.31715310455493,5.742846895445069,32.98029046452307,-5.742846895445069,156,168,40.25976074644342,56.37454546266645,True,35.99443488096486,60.639871328145006,True,True
2023-12-01,2024-03-01,3,naive,naive,,54.57,53.22,1.3500000000000014,1.8225000000000038,-1.3500000000000014,156,168,42.540000000000006,63.89999999999999,True,36.41,70.03,True,True
2023-12-01,2024-03-01,3,seasonal_naive,seasonal_naive,,54.57,45.85,8.719999999999999,76.03839999999998,-8.719999999999999,156,168,,,,,,,True
2023-12-01,2024-03-01,3,sarima,"SARIMA(1, 1, 1)x(1, 1, 1, 12)",946.6601324227045,54.57,48.256769991171815,6.313230008828185,39.85687314436873,-6.313230008828185,156,168,36.439979369106894,60.07356061323674,True,30.184548275882687,66.32899170646094,True,True
2023-12-01,2024-06-01,6,naive,naive,,55.07,53.22,1.8500000000000014,3.422500000000005,-1.8500000000000014,156,168,39.89,66.55,True,31.12,75.32,True,True
2023-12-01,2024-06-01,6,seasonal_naive,seasonal_naive,,55.07,49.96,5.109999999999999,26.112099999999995,-5.109999999999999,156,168,,,,,,,True
2023-12-01,2024-06-01,6,sarima,"SARIMA(1, 1, 1)x(1, 1, 1, 12)",946.6601324227045,55.07,50.411511145237256,4.658488854762744,21.701518409948704,-4.658488854762744,156,168,35.076644838454406,65.74637745202011,True,26.958856974229466,73.86416531624505,True,True
2024-06-01,2024-07-01,1,naive,naive,,52.2,55.07,2.8699999999999974,8.236899999999986,2.8699999999999974,162,174,48.49999999999999,61.64000000000001,True,44.510000000000005,65.63,True,True
2024-06-01,2024-07-01,1,seasonal_naive,seasonal_naive,,52.2,57.01,4.809999999999995,23.136099999999953,4.809999999999995,162,174,,,,,,,True
2024-06-01,2024-07-01,1,sarima,"SARIMA(1, 1, 1)x(1, 1, 1, 12)",981.8405934682116,52.2,55.237429615882064,3.0374296158820613,9.225978671437446,3.0374296158820613,162,174,47.3077757009355,63.16708353082863,True,43.11007048261321,67.36478874915092,True,True
2024-06-01,2024-09-01,3,naive,naive,,49.2,55.07,5.869999999999997,34.45689999999997,5.869999999999997,162,174,44.55,65.59,True,38.26,71.88,True,True
2024-06-01,2024-09-01,3,seasonal_naive,seasonal_naive,,49.2,53.69,4.489999999999995,20.160099999999954,4.489999999999995,162,174,,,,,,,True
2024-06-01,2024-09-01,3,sarima,"SARIMA(1, 1, 1)x(1, 1, 1, 12)",981.8405934682116,49.2,54.803081297377126,5.603081297377123,31.394520025017307,5.603081297377123,162,174,43.187892749815376,66.41826984493888,True,37.03918334826191,72.56697924649234,True,True
2024-06-01,2024-12-01,6,naive,naive,,54.07,55.07,1.0,1.0,1.0,162,174,42.089999999999996,68.05000000000001,True,32.97,77.17,True,True
2024-06-01,2024-12-01,6,seasonal_naive,seasonal_naive,,54.07,53.22,0.8500000000000014,0.7225000000000024,-0.8500000000000014,162,174,,,,,,,True
2024-06-01,2024-12-01,6,sarima,"SARIMA(1, 1, 1)x(1, 1, 1, 12)",981.8405934682116,54.07,55.23231408954214,1.1623140895421429,1.3509740427481804,1.1623140895421429,162,174,40.13916008856656,70.32546809051772,True,32.149326989871476,78.31530118921282,True,True
2024-12-01,2025-01-01,1,naive,naive,,50.56,54.07,3.509999999999998,12.320099999999986,3.509999999999998,168,180,47.529999999999994,60.61000000000001,True,43.510000000000005,64.63,True,True
2024-12-01,2025-01-01,1,seasonal_naive,seasonal_naive,,50.56,54.06,3.5,12.25,3.5,168,180,,,,,,,True
2024-12-01,2025-01-01,1,sarima,"SARIMA(1, 1, 1)x(1, 1, 1, 12)",1015.9346810599275,50.56,49.63591396048618,0.9240860395138242,0.853935008424345,-0.9240860395138242,168,180,41.83079902211817,57.441028898854185,True,37.69902075564973,61.57280716532263,True,True
2024-12-01,2025-03-01,3,naive,naive,,48.1,54.07,5.969999999999999,35.64089999999999,5.969999999999999,168,180,43.720000000000006,64.41999999999999,True,37.55,70.59,True,True
2024-12-01,2025-03-01,3,seasonal_naive,seasonal_naive,,48.1,54.57,6.469999999999999,41.86089999999999,6.469999999999999,168,180,,,,,,,True
2024-12-01,2025-03-01,3,sarima,"SARIMA(1, 1, 1)x(1, 1, 1, 12)",1015.9346810599275,48.1,49.62741906382567,1.5274190638256684,2.3330089965380814,1.5274190638256684,168,180,38.19503174383736,61.05980638381398,True,32.14309146677927,67.11174666087207,True,True
2024-12-01,2025-06-01,6,naive,naive,,49.92,54.07,4.149999999999999,17.22249999999999,4.149999999999999,168,180,41.09000000000001,67.04999999999998,True,33.209999999999994,74.93,True,True
2024-12-01,2025-06-01,6,seasonal_naive,seasonal_naive,,49.92,55.07,5.149999999999999,26.522499999999987,5.149999999999999,168,180,,,,,,,True
2024-12-01,2025-06-01,6,sarima,"SARIMA(1, 1, 1)x(1, 1, 1, 12)",1015.9346810599275,49.92,51.65792995421613,1.7379299542161277,3.020400525761672,1.7379299542161277,168,180,36.871669034381426,66.44419087405083,True,29.044295319411003,74.27156458902125,True,True
2025-06-01,2025-07-01,1,naive,naive,,55.09,49.92,5.170000000000002,26.728900000000017,-5.170000000000002,174,186,43.58,56.260000000000005,True,39.36,60.480000000000004,True,True
2025-06-01,2025-07-01,1,seasonal_naive,seasonal_naive,,55.09,52.2,2.8900000000000006,8.352100000000004,-2.8900000000000006,174,186,,,,,,,True
2025-06-01,2025-07-01,1,sarima,"SARIMA(1, 1, 1)x(1, 1, 1, 12)",1049.9283263822767,55.09,49.68615025012724,5.403849749872762,29.201592119199915,-5.403849749872762,174,186,42.01406220531156,57.35823829494292,True,37.95270412252721,61.419596377727274,True,True
2025-06-01,2025-09-01,3,naive,naive,,47.54,49.92,2.3800000000000026,5.664400000000012,2.3800000000000026,174,186,39.83,60.010000000000005,True,33.4,66.44,True,True
2025-06-01,2025-09-01,3,seasonal_naive,seasonal_naive,,47.54,49.2,1.6600000000000037,2.7556000000000123,1.6600000000000037,174,186,,,,,,,True
2025-06-01,2025-09-01,3,sarima,"SARIMA(1, 1, 1)x(1, 1, 1, 12)",1049.9283263822767,47.54,49.01376977734576,1.4737697773457583,2.171997356617766,1.4737697773457583,174,186,37.78612852346951,60.24141103122201,True,31.842574266705387,66.18496528798613,True,True
2025-06-01,2025-12-01,6,naive,naive,,41.94,49.92,7.980000000000004,63.68040000000006,7.980000000000004,174,186,37.21,62.63,True,29.06,70.78,True,True
2025-06-01,2025-12-01,6,seasonal_naive,seasonal_naive,,41.94,54.07,12.130000000000003,147.13690000000005,12.130000000000003,174,186,,,,,,,True
2025-06-01,2025-12-01,6,sarima,"SARIMA(1, 1, 1)x(1, 1, 1, 12)",1049.9283263822767,41.94,49.76901554244997,7.829015542449973,61.29348436392325,7.829015542449973,174,186,35.25974504630527,64.27828603859467,True,27.579001204393638,71.95902988050631,True,True
2025-12-01,2026-01-01,1,naive,naive,,39.42,41.94,2.519999999999996,6.35039999999998,2.519999999999996,180,192,35.69,48.19,True,31.38,52.5,True,True
2025-12-01,2026-01-01,1,seasonal_naive,seasonal_naive,,39.42,50.56,11.14,124.09960000000001,11.14,180,192,,,,,,,True
2025-12-01,2026-01-01,1,sarima,"SARIMA(1, 1, 1)x(1, 1, 1, 12)",1084.9979826178733,39.42,38.39454110365209,1.0254588963479137,1.051565948099081,-1.0254588963479137,180,192,30.8029346539415,45.98614755336268,True,26.78418095406908,50.0049012532351,True,True
2025-12-01,2026-03-01,3,naive,naive,,53.13,41.94,11.190000000000005,125.21610000000011,-11.190000000000005,180,192,31.849999999999994,52.03,False,25.419999999999995,58.46,True,True
2025-12-01,2026-03-01,3,seasonal_naive,seasonal_naive,,53.13,48.1,5.030000000000001,25.300900000000013,-5.030000000000001,180,192,,,,,,,True
2025-12-01,2026-03-01,3,sarima,"SARIMA(1, 1, 1)x(1, 1, 1, 12)",1084.9979826178733,53.13,38.602617586882815,14.527382413117188,211.04483977694656,-14.527382413117188,180,192,27.45487729403783,49.7503578797278,False,21.55362005107373,55.6516151226919,True,True
