origin_date,target_date,horizon,model,model_spec,aic,y_true,y_pred,lower_80,upper_80,lower_95,upper_95,coverage_pct_target,absolute_error,squared_error,bias_error,inside_80,inside_95
2014-12-01,2015-01-01,1,naive,,,74.11,81.33,,,,,83.0,7.22,52.1284,7.22,,
2014-12-01,2015-01-01,1,seasonal_naive,,,74.11,86.42,,,,,83.0,12.31,151.5361,12.31,,
2014-12-01,2015-01-01,1,ets,,,74.11,84.8116,,,,,83.0,10.7016,114.5249,10.7016,,
2014-12-01,2015-01-01,1,sarima,"SARIMA(1, 1, 1)x(1, 1, 1, 12)",1202.6283489030004,74.11,82.0027,0.0,100.0,0.0,100.0,83.0,7.8927,62.294,7.8927,True,True
2014-12-01,2015-03-01,3,naive,,,75.0,81.33,,,,,83.0,6.33,40.0689,6.33,,
2014-12-01,2015-03-01,3,seasonal_naive,,,75.0,87.14,,,,,83.0,12.14,147.3796,12.14,,
2014-12-01,2015-03-01,3,ets,,,75.0,84.3491,,,,,83.0,9.3491,87.406,9.3491,,
2014-12-01,2015-03-01,3,sarima,"SARIMA(1, 1, 1)x(1, 1, 1, 12)",1202.6283489030004,75.0,79.6743,0.0,100.0,0.0,100.0,83.0,4.6743,21.8487,4.6743,True,True
2014-12-01,2015-06-01,6,naive,,,82.35,81.33,,,,,83.0,1.02,1.0404,-1.02,,
2014-12-01,2015-06-01,6,seasonal_naive,,,82.35,91.01,,,,,83.0,8.66,74.9956,8.66,,
2014-12-01,2015-06-01,6,ets,,,82.35,82.343,,,,,83.0,0.007,0.0,-0.007,,
2014-12-01,2015-06-01,6,sarima,"SARIMA(1, 1, 1)x(1, 1, 1, 12)",1202.6283489030004,82.35,83.8857,0.0,100.0,0.0,100.0,83.0,1.5357,2.3583,1.5357,True,True
2015-03-01,2015-04-01,1,naive,,,80.51,75.0,,,,,83.0,5.51,30.3601,-5.51,,
2015-03-01,2015-04-01,1,seasonal_naive,,,80.51,86.08,,,,,83.0,5.57,31.0249,5.57,,
2015-03-01,2015-04-01,1,ets,,,80.51,75.185,,,,,83.0,5.325,28.3558,-5.325,,
2015-03-01,2015-06-01,3,naive,,,82.35,75.0,,,,,83.0,7.35,54.0225,-7.35,,
2015-03-01,2015-06-01,3,seasonal_naive,,,82.35,91.01,,,,,83.0,8.66,74.9956,8.66,,
2015-03-01,2015-06-01,3,ets,,,82.35,72.782,,,,,83.0,9.568,91.5475,-9.568,,
2015-03-01,2015-09-01,6,naive,,,72.34,75.0,,,,,83.0,2.66,7.0756,2.66,,
2015-03-01,2015-09-01,6,seasonal_naive,,,72.34,83.34,,,,,83.0,11.0,121.0,11.0,,
2015-03-01,2015-09-01,6,ets,,,72.34,69.7367,,,,,83.0,2.6033,6.7773,-2.6033,,
2015-06-01,2015-07-01,1,naive,,,79.41,82.35,,,,,83.0,2.94,8.6436,2.94,,
2015-06-01,2015-07-01,1,seasonal_naive,,,79.41,89.01,,,,,83.0,9.6,92.16,9.6,,
2015-06-01,2015-07-01,1,ets,,,79.41,82.8889,,,,,83.0,3.4789,12.1029,3.4789,,
2015-06-01,2015-09-01,3,naive,,,72.34,82.35,,,,,83.0,10.01,100.2001,10.01,,
2015-06-01,2015-09-01,3,seasonal_naive,,,72.34,83.34,,,,,83.0,11.0,121.0,11.0,,
2015-06-01,2015-09-01,3,ets,,,72.34,81.1331,,,,,83.0,8.7931,77.3178,8.7931,,
2015-06-01,2015-12-01,6,naive,,,70.56,82.35,,,,,83.0,11.79,139.0041,11.79,,
2015-06-01,2015-12-01,6,seasonal_naive,,,70.56,81.33,,,,,83.0,10.77,115.9929,10.77,,
2015-06-01,2015-12-01,6,ets,,,70.56,81.8473,,,,,83.0,11.2873,127.4024,11.2873,,
2015-09-01,2015-10-01,1,naive,,,76.52,72.34,,,,,83.0,4.18,17.4724,-4.18,,
2015-09-01,2015-10-01,1,seasonal_naive,,,76.52,82.41,,,,,83.0,5.89,34.6921,5.89,,
2015-09-01,2015-10-01,1,ets,,,76.52,74.9269,,,,,83.0,1.5931,2.5381,-1.5931,,
2015-09-01,2015-12-01,3,naive,,,70.56,72.34,,,,,83.0,1.78,3.1684,1.78,,
2015-09-01,2015-12-01,3,seasonal_naive,,,70.56,81.33,,,,,83.0,10.77,115.9929,10.77,,
2015-09-01,2015-12-01,3,ets,,,70.56,74.8388,,,,,83.0,4.2788,18.3085,4.2788,,
2015-09-01,2016-03-01,6,naive,,,77.73,72.34,,,,,83.0,5.39,29.0521,-5.39,,
2015-09-01,2016-03-01,6,seasonal_naive,,,77.73,75.0,,,,,83.0,2.73,7.4529,-2.73,,
2015-09-01,2016-03-01,6,ets,,,77.73,74.2702,,,,,83.0,3.4598,11.9704,-3.4598,,
2015-12-01,2016-01-01,1,naive,,,66.42,70.56,,,,,83.0,4.14,17.1396,4.14,,
2015-12-01,2016-01-01,1,seasonal_naive,,,66.42,74.11,,,,,83.0,7.69,59.1361,7.69,,
2015-12-01,2016-01-01,1,ets,,,66.42,71.4277,,,,,83.0,5.0077,25.0771,5.0077,,
2015-12-01,2016-01-01,1,sarima,"SARIMA(1, 1, 1)x(1, 1, 1, 12)",244.27223299948847,66.42,65.9329,61.779,70.0868,59.58,72.2858,83.0,0.4871,0.2373,-0.4871,True,True
2015-12-01,2016-03-01,3,naive,,,77.73,70.56,,,,,83.0,7.17,51.4089,-7.17,,
2015-12-01,2016-03-01,3,seasonal_naive,,,77.73,75.0,,,,,83.0,2.73,7.4529,-2.73,,
2015-12-01,2016-03-01,3,ets,,,77.73,72.1125,,,,,83.0,5.6175,31.5558,-5.6175,,
2015-12-01,2016-03-01,3,sarima,"SARIMA(1, 1, 1)x(1, 1, 1, 12)",244.27223299948847,77.73,67.4101,62.3964,72.4238,59.7423,75.0779,83.0,10.3199,106.5005,-10.3199,False,False
2015-12-01,2016-06-01,6,naive,,,67.26,70.56,,,,,83.0,3.3,10.89,3.3,,
2015-12-01,2016-06-01,6,seasonal_naive,,,67.26,82.35,,,,,83.0,15.09,227.7081,15.09,,
2015-12-01,2016-06-01,6,ets,,,67.26,72.9607,,,,,83.0,5.7007,32.498,5.7007,,
2015-12-01,2016-06-01,6,sarima,"SARIMA(1, 1, 1)x(1, 1, 1, 12)",244.27223299948847,67.26,73.4557,67.4595,79.4518,64.2854,82.626,83.0,6.1957,38.3866,6.1957,False,True
2016-03-01,2016-04-01,1,naive,,,73.51,77.73,,,,,83.0,4.22,17.8084,4.22,,
2016-03-01,2016-04-01,1,seasonal_naive,,,73.51,80.51,,,,,83.0,7.0,49.0,7.0,,
2016-03-01,2016-04-01,1,ets,,,73.51,75.1428,,,,,83.0,1.6328,2.666,1.6328,,
2016-03-01,2016-06-01,3,naive,,,67.26,77.73,,,,,83.0,10.47,109.6209,10.47,,
2016-03-01,2016-06-01,3,seasonal_naive,,,67.26,82.35,,,,,83.0,15.09,227.7081,15.09,,
2016-03-01,2016-06-01,3,ets,,,67.26,74.8462,,,,,83.0,7.5862,57.551,7.5862,,
2016-03-01,2016-09-01,6,naive,,,73.71,77.73,,,,,83.0,4.02,16.1604,4.02,,
2016-03-01,2016-09-01,6,seasonal_naive,,,73.71,72.34,,,,,83.0,1.37,1.8769,-1.37,,
2016-03-01,2016-09-01,6,ets,,,73.71,72.619,,,,,83.0,1.091,1.1903,-1.091,,
2016-06-01,2016-07-01,1,naive,,,73.56,67.26,,,,,83.0,6.3,39.69,-6.3,,
2016-06-01,2016-07-01,1,seasonal_naive,,,73.56,79.41,,,,,83.0,5.85,34.2225,5.85,,
2016-06-01,2016-07-01,1,ets,,,73.56,69.0325,,,,,83.0,4.5275,20.4984,-4.5275,,
2016-06-01,2016-09-01,3,naive,,,73.71,67.26,,,,,83.0,6.45,41.6025,-6.45,,
2016-06-01,2016-09-01,3,seasonal_naive,,,73.71,72.34,,,,,83.0,1.37,1.8769,-1.37,,
2016-06-01,2016-09-01,3,ets,,,73.71,65.4576,,,,,83.0,8.2524,68.102,-8.2524,,
2016-06-01,2016-12-01,6,naive,,,73.34,67.26,,,,,83.0,6.08,36.9664,-6.08,,
2016-06-01,2016-12-01,6,seasonal_naive,,,73.34,70.56,,,,,83.0,2.78,7.7284,-2.78,,
2016-06-01,2016-12-01,6,ets,,,73.34,64.4398,,,,,83.0,8.9002,79.2139,-8.9002,,
2016-09-01,2016-10-01,1,naive,,,75.09,73.71,,,,,83.0,1.38,1.9044,-1.38,,
2016-09-01,2016-10-01,1,seasonal_naive,,,75.09,76.52,,,,,83.0,1.43,2.0449,1.43,,
2016-09-01,2016-10-01,1,ets,,,75.09,72.9361,,,,,83.0,2.1539,4.6393,-2.1539,,
2016-09-01,2016-12-01,3,naive,,,73.34,73.71,,,,,83.0,0.37,0.1369,0.37,,
2016-09-01,2016-12-01,3,seasonal_naive,,,73.34,70.56,,,,,83.0,2.78,7.7284,-2.78,,
2016-09-01,2016-12-01,3,ets,,,73.34,71.8695,,,,,83.0,1.4705,2.1624,-1.4705,,
2016-09-01,2017-03-01,6,naive,,,66.69,73.71,,,,,83.0,7.02,49.2804,7.02,,
2016-09-01,2017-03-01,6,seasonal_naive,,,66.69,77.73,,,,,83.0,11.04,121.8816,11.04,,
2016-09-01,2017-03-01,6,ets,,,66.69,72.3573,,,,,83.0,5.6673,32.1184,5.6673,,
2016-12-01,2017-01-01,1,naive,,,67.96,73.34,,,,,83.0,5.38,28.9444,5.38,,
2016-12-01,2017-01-01,1,seasonal_naive,,,67.96,66.42,,,,,83.0,1.54,2.3716,-1.54,,
2016-12-01,2017-01-01,1,ets,,,67.96,69.404,,,,,83.0,1.444,2.0852,1.444,,
2016-12-01,2017-01-01,1,sarima,"SARIMA(1, 1, 1)x(1, 1, 1, 12)",328.21914282409796,67.96,66.0773,61.104,71.0505,58.4714,73.6832,83.0,1.8827,3.5447,-1.8827,True,True
2016-12-01,2017-03-01,3,naive,,,66.69,73.34,,,,,83.0,6.65,44.2225,6.65,,
2016-12-01,2017-03-01,3,seasonal_naive,,,66.69,77.73,,,,,83.0,11.04,121.8816,11.04,,
2016-12-01,2017-03-01,3,ets,,,66.69,71.607,,,,,83.0,4.917,24.1765,4.917,,
2016-12-01,2017-03-01,3,sarima,"SARIMA(1, 1, 1)x(1, 1, 1, 12)",328.21914282409796,66.69,68.8584,62.6665,75.0502,59.3888,78.328,83.0,2.1684,4.7019,2.1684,True,True
2016-12-01,2017-06-01,6,naive,,,68.02,73.34,,,,,83.0,5.32,28.3024,5.32,,
2016-12-01,2017-06-01,6,seasonal_naive,,,68.02,67.26,,,,,83.0,0.76,0.5776,-0.76,,
2016-12-01,2017-06-01,6,ets,,,68.02,70.8383,,,,,83.0,2.8183,7.9426,2.8183,,
2016-12-01,2017-06-01,6,sarima,"SARIMA(1, 1, 1)x(1, 1, 1, 12)",328.21914282409796,68.02,69.4893,62.3731,76.6055,58.6061,80.3726,83.0,1.4693,2.1589,1.4693,True,True
2017-03-01,2017-04-01,1,naive,,,68.75,66.69,,,,,83.0,2.06,4.2436,-2.06,,
2017-03-01,2017-04-01,1,seasonal_naive,,,68.75,73.51,,,,,83.0,4.76,22.6576,4.76,,
2017-03-01,2017-04-01,1,ets,,,68.75,69.4714,,,,,83.0,0.7214,0.5205,0.7214,,
2017-03-01,2017-06-01,3,naive,,,68.02,66.69,,,,,83.0,1.33,1.7689,-1.33,,
2017-03-01,2017-06-01,3,seasonal_naive,,,68.02,67.26,,,,,83.0,0.76,0.5776,-0.76,,
2017-03-01,2017-06-01,3,ets,,,68.02,68.3242,,,,,83.0,0.3042,0.0926,0.3042,,
2017-03-01,2017-09-01,6,naive,,,62.96,66.69,,,,,83.0,3.73,13.9129,3.73,,
2017-03-01,2017-09-01,6,seasonal_naive,,,62.96,73.71,,,,,83.0,10.75,115.5625,10.75,,
2017-03-01,2017-09-01,6,ets,,,62.96,67.3373,,,,,83.0,4.3773,19.1607,4.3773,,
2017-06-01,2017-07-01,1,naive,,,63.78,68.02,,,,,83.0,4.24,17.9776,4.24,,
2017-06-01,2017-07-01,1,seasonal_naive,,,63.78,73.56,,,,,83.0,9.78,95.6484,9.78,,
2017-06-01,2017-07-01,1,ets,,,63.78,68.4773,,,,,83.0,4.6973,22.0649,4.6973,,
2017-06-01,2017-09-01,3,naive,,,62.96,68.02,,,,,83.0,5.06,25.6036,5.06,,
2017-06-01,2017-09-01,3,seasonal_naive,,,62.96,73.71,,,,,83.0,10.75,115.5625,10.75,,
2017-06-01,2017-09-01,3,ets,,,62.96,66.2346,,,,,83.0,3.2746,10.7233,3.2746,,
2017-06-01,2017-12-01,6,naive,,,67.57,68.02,,,,,83.0,0.45,0.2025,0.45,,
2017-06-01,2017-12-01,6,seasonal_naive,,,67.57,73.34,,,,,83.0,5.77,33.2929,5.77,,
2017-06-01,2017-12-01,6,ets,,,67.57,66.4377,,,,,83.0,1.1323,1.2821,-1.1323,,
2017-09-01,2017-10-01,1,naive,,,66.96,62.96,,,,,83.0,4.0,16.0,-4.0,,
2017-09-01,2017-10-01,1,seasonal_naive,,,66.96,75.09,,,,,83.0,8.13,66.0969,8.13,,
2017-09-01,2017-10-01,1,ets,,,66.96,62.9516,,,,,83.0,4.0084,16.0669,-4.0084,,
2017-09-01,2017-12-01,3,naive,,,67.57,62.96,,,,,83.0,4.61,21.2521,-4.61,,
2017-09-01,2017-12-01,3,seasonal_naive,,,67.57,73.34,,,,,83.0,5.77,33.2929,5.77,,
2017-09-01,2017-12-01,3,ets,,,67.57,61.7876,,,,,83.0,5.7824,33.436,-5.7824,,
2017-09-01,2018-03-01,6,naive,,,64.04,62.96,,,,,83.0,1.08,1.1664,-1.08,,
2017-09-01,2018-03-01,6,seasonal_naive,,,64.04,66.69,,,,,83.0,2.65,7.0225,2.65,,
2017-09-01,2018-03-01,6,ets,,,64.04,61.3003,,,,,83.0,2.7397,7.5058,-2.7397,,
2017-12-01,2018-01-01,1,naive,,,62.37,67.57,,,,,83.0,5.2,27.04,5.2,,
2017-12-01,2018-01-01,1,seasonal_naive,,,62.37,67.96,,,,,83.0,5.59,31.2481,5.59,,
2017-12-01,2018-01-01,1,ets,,,62.37,64.7862,,,,,83.0,2.4162,5.8381,2.4162,,
2017-12-01,2018-01-01,1,sarima,"SARIMA(1, 1, 1)x(1, 1, 1, 12)",393.11717071208767,62.37,62.554,57.7977,67.3104,55.2798,69.8283,83.0,0.184,0.0339,0.184,True,True
2017-12-01,2018-03-01,3,naive,,,64.04,67.57,,,,,83.0,3.53,12.4609,3.53,,
2017-12-01,2018-03-01,3,seasonal_naive,,,64.04,66.69,,,,,83.0,2.65,7.0225,2.65,,
2017-12-01,2018-03-01,3,ets,,,64.04,66.5547,,,,,83.0,2.5147,6.3238,2.5147,,
2017-12-01,2018-03-01,3,sarima,"SARIMA(1, 1, 1)x(1, 1, 1, 12)",393.11717071208767,64.04,64.883,58.7505,71.0155,55.5041,74.2619,83.0,0.843,0.7107,0.843,True,True
2017-12-01,2018-06-01,6,naive,,,62.73,67.57,,,,,83.0,4.84,23.4256,4.84,,
2017-12-01,2018-06-01,6,seasonal_naive,,,62.73,68.02,,,,,83.0,5.29,27.9841,5.29,,
2017-12-01,2018-06-01,6,ets,,,62.73,66.0485,,,,,83.0,3.3185,11.0121,3.3185,,
2017-12-01,2018-06-01,6,sarima,"SARIMA(1, 1, 1)x(1, 1, 1, 12)",393.11717071208767,62.73,64.0677,56.9826,71.1528,53.232,74.9034,83.0,1.3377,1.7894,1.3377,True,True
2018-03-01,2018-04-01,1,naive,,,59.36,64.04,,,,,83.0,4.68,21.9024,4.68,,
2018-03-01,2018-04-01,1,seasonal_naive,,,59.36,68.75,,,,,83.0,9.39,88.1721,9.39,,
2018-03-01,2018-04-01,1,ets,,,59.36,63.3255,,,,,83.0,3.9655,15.7252,3.9655,,
2018-03-01,2018-06-01,3,naive,,,62.73,64.04,,,,,83.0,1.31,1.7161,1.31,,
2018-03-01,2018-06-01,3,seasonal_naive,,,62.73,68.02,,,,,83.0,5.29,27.9841,5.29,,
2018-03-01,2018-06-01,3,ets,,,62.73,62.2304,,,,,83.0,0.4996,0.2496,-0.4996,,
2018-03-01,2018-09-01,6,naive,,,60.35,64.04,,,,,83.0,3.69,13.6161,3.69,,
2018-03-01,2018-09-01,6,seasonal_naive,,,60.35,62.96,,,,,83.0,2.61,6.8121,2.61,,
2018-03-01,2018-09-01,6,ets,,,60.35,60.7349,,,,,83.0,0.3849,0.1482,0.3849,,
2018-06-01,2018-07-01,1,naive,,,59.1,62.73,,,,,83.0,3.63,13.1769,3.63,,
2018-06-01,2018-07-01,1,seasonal_naive,,,59.1,63.78,,,,,83.0,4.68,21.9024,4.68,,
2018-06-01,2018-07-01,1,ets,,,59.1,61.8482,,,,,83.0,2.7482,7.5524,2.7482,,
2018-06-01,2018-09-01,3,naive,,,60.35,62.73,,,,,83.0,2.38,5.6644,2.38,,
2018-06-01,2018-09-01,3,seasonal_naive,,,60.35,62.96,,,,,83.0,2.61,6.8121,2.61,,
2018-06-01,2018-09-01,3,ets,,,60.35,59.7832,,,,,83.0,0.5668,0.3213,-0.5668,,
2018-06-01,2018-12-01,6,naive,,,49.04,62.73,,,,,83.0,13.69,187.4161,13.69,,
2018-06-01,2018-12-01,6,seasonal_naive,,,49.04,67.57,,,,,83.0,18.53,343.3609,18.53,,
2018-06-01,2018-12-01,6,ets,,,49.04,60.5369,,,,,83.0,11.4969,132.1779,11.4969,,
2018-09-01,2018-10-01,1,naive,,,54.92,60.35,,,,,83.0,5.43,29.4849,5.43,,
2018-09-01,2018-10-01,1,seasonal_naive,,,54.92,66.96,,,,,83.0,12.04,144.9616,12.04,,
2018-09-01,2018-10-01,1,ets,,,54.92,58.9614,,,,,83.0,4.0414,16.3327,4.0414,,
2018-09-01,2018-12-01,3,naive,,,49.04,60.35,,,,,83.0,11.31,127.9161,11.31,,
2018-09-01,2018-12-01,3,seasonal_naive,,,49.04,67.57,,,,,83.0,18.53,343.3609,18.53,,
2018-09-01,2018-12-01,3,ets,,,49.04,57.4562,,,,,83.0,8.4162,70.8325,8.4162,,
2018-09-01,2019-03-01,6,naive,,,46.64,60.35,,,,,83.0,13.71,187.9641,13.71,,
2018-09-01,2019-03-01,6,seasonal_naive,,,46.64,64.04,,,,,83.0,17.4,302.76,17.4,,
2018-09-01,2019-03-01,6,ets,,,46.64,55.7306,,,,,83.0,9.0906,82.6381,9.0906,,
2018-12-01,2019-01-01,1,naive,,,49.51,49.04,,,,,83.0,0.47,0.2209,-0.47,,
2018-12-01,2019-01-01,1,seasonal_naive,,,49.51,62.37,,,,,83.0,12.86,165.3796,12.86,,
2018-12-01,2019-01-01,1,ets,,,49.51,51.5757,,,,,83.0,2.0657,4.267,2.0657,,
2018-12-01,2019-01-01,1,sarima,"SARIMA(1, 1, 1)x(1, 1, 1, 12)",465.46456120129454,49.51,49.218,44.2806,54.1554,41.6669,56.769,83.0,0.292,0.0853,-0.292,True,True
2018-12-01,2019-03-01,3,naive,,,46.64,49.04,,,,,83.0,2.4,5.76,2.4,,
2018-12-01,2019-03-01,3,seasonal_naive,,,46.64,64.04,,,,,83.0,17.4,302.76,17.4,,
2018-12-01,2019-03-01,3,ets,,,46.64,52.3698,,,,,83.0,5.7298,32.831,5.7298,,
2018-12-01,2019-03-01,3,sarima,"SARIMA(1, 1, 1)x(1, 1, 1, 12)",465.46456120129454,46.64,52.2963,46.4073,58.1853,43.2898,61.3028,83.0,5.6563,31.9936,5.6563,True,True
2018-12-01,2019-06-01,6,naive,,,47.13,49.04,,,,,83.0,1.91,3.6481,1.91,,
2018-12-01,2019-06-01,6,seasonal_naive,,,47.13,62.73,,,,,83.0,15.6,243.36,15.6,,
2018-12-01,2019-06-01,6,ets,,,47.13,50.395,,,,,83.0,3.265,10.6604,3.265,,
2018-12-01,2019-06-01,6,sarima,"SARIMA(1, 1, 1)x(1, 1, 1, 12)",465.46456120129454,47.13,51.9762,45.2628,58.6895,41.709,62.2434,83.0,4.8462,23.4855,4.8462,True,True
2019-03-01,2019-04-01,1,naive,,,46.74,46.64,,,,,83.0,0.1,0.01,-0.1,,
2019-03-01,2019-04-01,1,seasonal_naive,,,46.74,59.36,,,,,83.0,12.62,159.2644,12.62,,
2019-03-01,2019-04-01,1,ets,,,46.74,47.9572,,,,,83.0,1.2172,1.4816,1.2172,,
2019-03-01,2019-06-01,3,naive,,,47.13,46.64,,,,,83.0,0.49,0.2401,-0.49,,
2019-03-01,2019-06-01,3,seasonal_naive,,,47.13,62.73,,,,,83.0,15.6,243.36,15.6,,
2019-03-01,2019-06-01,3,ets,,,47.13,46.1556,,,,,83.0,0.9744,0.9495,-0.9744,,
2019-03-01,2019-09-01,6,naive,,,48.31,46.64,,,,,83.0,1.67,2.7889,-1.67,,
2019-03-01,2019-09-01,6,seasonal_naive,,,48.31,60.35,,,,,83.0,12.04,144.9616,12.04,,
2019-03-01,2019-09-01,6,ets,,,48.31,42.832,,,,,83.0,5.478,30.0085,-5.478,,
2019-06-01,2019-07-01,1,naive,,,46.23,47.13,,,,,83.0,0.9,0.81,0.9,,
2019-06-01,2019-07-01,1,seasonal_naive,,,46.23,59.1,,,,,83.0,12.87,165.6369,12.87,,
2019-06-01,2019-07-01,1,ets,,,46.23,44.8716,,,,,83.0,1.3584,1.8453,-1.3584,,
2019-06-01,2019-09-01,3,naive,,,48.31,47.13,,,,,83.0,1.18,1.3924,-1.18,,
2019-06-01,2019-09-01,3,seasonal_naive,,,48.31,60.35,,,,,83.0,12.04,144.9616,12.04,,
2019-06-01,2019-09-01,3,ets,,,48.31,41.9715,,,,,83.0,6.3385,40.1769,-6.3385,,
2019-06-01,2019-12-01,6,naive,,,47.22,47.13,,,,,83.0,0.09,0.0081,-0.09,,
2019-06-01,2019-12-01,6,seasonal_naive,,,47.22,49.04,,,,,83.0,1.82,3.3124,1.82,,
2019-06-01,2019-12-01,6,ets,,,47.22,39.6567,,,,,83.0,7.5633,57.2029,-7.5633,,
2019-09-01,2019-10-01,1,naive,,,46.86,48.31,,,,,83.0,1.45,2.1025,1.45,,
2019-09-01,2019-10-01,1,seasonal_naive,,,46.86,54.92,,,,,83.0,8.06,64.9636,8.06,,
2019-09-01,2019-10-01,1,ets,,,46.86,46.3564,,,,,83.0,0.5036,0.2536,-0.5036,,
2019-09-01,2019-12-01,3,naive,,,47.22,48.31,,,,,83.0,1.09,1.1881,1.09,,
2019-09-01,2019-12-01,3,seasonal_naive,,,47.22,49.04,,,,,83.0,1.82,3.3124,1.82,,
2019-09-01,2019-12-01,3,ets,,,47.22,44.1552,,,,,83.0,3.0648,9.3928,-3.0648,,
2019-09-01,2020-03-01,6,naive,,,30.94,48.31,,,,,83.0,17.37,301.7169,17.37,,
2019-09-01,2020-03-01,6,seasonal_naive,,,30.94,46.64,,,,,83.0,15.7,246.49,15.7,,
2019-09-01,2020-03-01,6,ets,,,30.94,42.0595,,,,,83.0,11.1195,123.6436,11.1195,,
2019-12-01,2020-01-01,1,naive,,,45.6,47.22,,,,,83.0,1.62,2.6244,1.62,,
2019-12-01,2020-01-01,1,seasonal_naive,,,45.6,49.51,,,,,83.0,3.91,15.2881,3.91,,
2019-12-01,2020-01-01,1,ets,,,45.6,43.8049,,,,,83.0,1.7951,3.2225,-1.7951,,
2019-12-01,2020-01-01,1,sarima,"SARIMA(1, 1, 1)x(1, 1, 1, 12)",522.3453347328182,45.6,43.6693,39.0118,48.3267,36.5463,50.7923,83.0,1.9307,3.7277,-1.9307,True,True
2019-12-01,2020-03-01,3,naive,,,30.94,47.22,,,,,83.0,16.28,265.0384,16.28,,
2019-12-01,2020-03-01,3,seasonal_naive,,,30.94,46.64,,,,,83.0,15.7,246.49,15.7,,
2019-12-01,2020-03-01,3,ets,,,30.94,44.5179,,,,,83.0,13.5779,184.3591,13.5779,,
2019-12-01,2020-03-01,3,sarima,"SARIMA(1, 1, 1)x(1, 1, 1, 12)",522.3453347328182,30.94,44.2596,38.6143,49.9049,35.6259,52.8934,83.0,13.3196,177.4122,13.3196,False,False
2019-12-01,2020-06-01,6,naive,,,38.53,47.22,,,,,83.0,8.69,75.5161,8.69,,
2019-12-01,2020-06-01,6,seasonal_naive,,,38.53,47.13,,,,,83.0,8.6,73.96,8.6,,
2019-12-01,2020-06-01,6,ets,,,38.53,43.2006,,,,,83.0,4.6706,21.8149,4.6706,,
2019-12-01,2020-06-01,6,sarima,"SARIMA(1, 1, 1)x(1, 1, 1, 12)",522.3453347328182,38.53,44.0895,37.485,50.694,33.9888,54.1902,83.0,5.5595,30.9079,5.5595,True,True
2020-03-01,2020-04-01,1,naive,,,36.43,30.94,,,,,83.0,5.49,30.1401,-5.49,,
2020-03-01,2020-04-01,1,seasonal_naive,,,36.43,46.74,,,,,83.0,10.31,106.2961,10.31,,
2020-03-01,2020-04-01,1,ets,,,36.43,39.0674,,,,,83.0,2.6374,6.9561,2.6374,,
2020-03-01,2020-06-01,3,naive,,,38.53,30.94,,,,,83.0,7.59,57.6081,-7.59,,
2020-03-01,2020-06-01,3,seasonal_naive,,,38.53,47.13,,,,,83.0,8.6,73.96,8.6,,
2020-03-01,2020-06-01,3,ets,,,38.53,37.6297,,,,,83.0,0.9003,0.8105,-0.9003,,
2020-03-01,2020-09-01,6,naive,,,37.6,30.94,,,,,83.0,6.66,44.3556,-6.66,,
2020-03-01,2020-09-01,6,seasonal_naive,,,37.6,48.31,,,,,83.0,10.71,114.7041,10.71,,
2020-03-01,2020-09-01,6,ets,,,37.6,34.9652,,,,,83.0,2.6348,6.942,-2.6348,,
2020-06-01,2020-07-01,1,naive,,,39.67,38.53,,,,,83.0,1.14,1.2996,-1.14,,
2020-06-01,2020-07-01,1,seasonal_naive,,,39.67,46.23,,,,,83.0,6.56,43.0336,6.56,,
2020-06-01,2020-07-01,1,ets,,,39.67,36.5899,,,,,83.0,3.0801,9.487,-3.0801,,
2020-06-01,2020-09-01,3,naive,,,37.6,38.53,,,,,83.0,0.93,0.8649,0.93,,
2020-06-01,2020-09-01,3,seasonal_naive,,,37.6,48.31,,,,,83.0,10.71,114.7041,10.71,,
2020-06-01,2020-09-01,3,ets,,,37.6,34.3783,,,,,83.0,3.2217,10.3796,-3.2217,,
2020-06-01,2020-12-01,6,naive,,,44.16,38.53,,,,,83.0,5.63,31.6969,-5.63,,
2020-06-01,2020-12-01,6,seasonal_naive,,,44.16,47.22,,,,,83.0,3.06,9.3636,3.06,,
2020-06-01,2020-12-01,6,ets,,,44.16,32.4601,,,,,83.0,11.6999,136.8869,-11.6999,,
2020-09-01,2020-10-01,1,naive,,,39.85,37.6,,,,,83.0,2.25,5.0625,-2.25,,
2020-09-01,2020-10-01,1,seasonal_naive,,,39.85,46.86,,,,,83.0,7.01,49.1401,7.01,,
2020-09-01,2020-10-01,1,ets,,,39.85,38.0204,,,,,83.0,1.8296,3.3474,-1.8296,,
2020-09-01,2020-12-01,3,naive,,,44.16,37.6,,,,,83.0,6.56,43.0336,-6.56,,
2020-09-01,2020-12-01,3,seasonal_naive,,,44.16,47.22,,,,,83.0,3.06,9.3636,3.06,,
2020-09-01,2020-12-01,3,ets,,,44.16,36.1105,,,,,83.0,8.0495,64.7938,-8.0495,,
2020-09-01,2021-03-01,6,naive,,,42.69,37.6,,,,,83.0,5.09,25.9081,-5.09,,
2020-09-01,2021-03-01,6,seasonal_naive,,,42.69,30.94,,,,,83.0,11.75,138.0625,-11.75,,
2020-09-01,2021-03-01,6,ets,,,42.69,32.752,,,,,83.0,9.938,98.7631,-9.938,,
2020-12-01,2021-01-01,1,naive,,,41.41,44.16,,,,,83.0,2.75,7.5625,2.75,,
2020-12-01,2021-01-01,1,seasonal_naive,,,41.41,45.6,,,,,83.0,4.19,17.5561,4.19,,
2020-12-01,2021-01-01,1,ets,,,41.41,38.0672,,,,,83.0,3.3428,11.1744,-3.3428,,
2020-12-01,2021-01-01,1,sarima,"SARIMA(1, 1, 1)x(1, 1, 1, 12)",598.9448828120505,41.41,38.1488,33.3095,42.988,30.7478,45.5497,83.0,3.2612,10.6357,-3.2612,True,True
2020-12-01,2021-03-01,3,naive,,,42.69,44.16,,,,,83.0,1.47,2.1609,1.47,,
2020-12-01,2021-03-01,3,seasonal_naive,,,42.69,30.94,,,,,83.0,11.75,138.0625,-11.75,,
2020-12-01,2021-03-01,3,ets,,,42.69,37.9116,,,,,83.0,4.7784,22.8328,-4.7784,,
2020-12-01,2021-03-01,3,sarima,"SARIMA(1, 1, 1)x(1, 1, 1, 12)",598.9448828120505,42.69,36.2955,30.4359,42.1551,27.334,45.2571,83.0,6.3945,40.8896,-6.3945,False,True
2020-12-01,2021-06-01,6,naive,,,48.33,44.16,,,,,83.0,4.17,17.3889,-4.17,,
2020-12-01,2021-06-01,6,seasonal_naive,,,48.33,38.53,,,,,83.0,9.8,96.04,-9.8,,
2020-12-01,2021-06-01,6,ets,,,48.33,38.1588,,,,,83.0,10.1712,103.453,-10.1712,,
2020-12-01,2021-06-01,6,sarima,"SARIMA(1, 1, 1)x(1, 1, 1, 12)",598.9448828120505,48.33,37.0552,30.275,43.8354,26.6858,47.4246,83.0,11.2748,127.1207,-11.2748,False,False
2021-03-01,2021-04-01,1,naive,,,46.0,42.69,,,,,83.0,3.31,10.9561,-3.31,,
2021-03-01,2021-04-01,1,seasonal_naive,,,46.0,36.43,,,,,83.0,9.57,91.5849,-9.57,,
2021-03-01,2021-04-01,1,ets,,,46.0,43.6842,,,,,83.0,2.3158,5.3629,-2.3158,,
2021-03-01,2021-06-01,3,naive,,,48.33,42.69,,,,,83.0,5.64,31.8096,-5.64,,
2021-03-01,2021-06-01,3,seasonal_naive,,,48.33,38.53,,,,,83.0,9.8,96.04,-9.8,,
2021-03-01,2021-06-01,3,ets,,,48.33,43.4205,,,,,83.0,4.9095,24.1032,-4.9095,,
2021-03-01,2021-09-01,6,naive,,,44.55,42.69,,,,,83.0,1.86,3.4596,-1.86,,
2021-03-01,2021-09-01,6,seasonal_naive,,,44.55,37.6,,,,,83.0,6.95,48.3025,-6.95,,
2021-03-01,2021-09-01,6,ets,,,44.55,42.139,,,,,83.0,2.411,5.8127,-2.411,,
2021-06-01,2021-07-01,1,naive,,,46.63,48.33,,,,,83.0,1.7,2.89,1.7,,
2021-06-01,2021-07-01,1,seasonal_naive,,,46.63,39.67,,,,,83.0,6.96,48.4416,-6.96,,
2021-06-01,2021-07-01,1,ets,,,46.63,47.2776,,,,,83.0,0.6476,0.4194,0.6476,,
2021-06-01,2021-09-01,3,naive,,,44.55,48.33,,,,,83.0,3.78,14.2884,3.78,,
2021-06-01,2021-09-01,3,seasonal_naive,,,44.55,37.6,,,,,83.0,6.95,48.3025,-6.95,,
2021-06-01,2021-09-01,3,ets,,,44.55,45.8903,,,,,83.0,1.3403,1.7965,1.3403,,
2021-06-01,2021-12-01,6,naive,,,54.57,48.33,,,,,83.0,6.24,38.9376,-6.24,,
2021-06-01,2021-12-01,6,seasonal_naive,,,54.57,44.16,,,,,83.0,10.41,108.3681,-10.41,,
2021-06-01,2021-12-01,6,ets,,,54.57,45.9077,,,,,83.0,8.6623,75.0358,-8.6623,,
2021-09-01,2021-10-01,1,naive,,,49.64,44.55,,,,,83.0,5.09,25.9081,-5.09,,
2021-09-01,2021-10-01,1,seasonal_naive,,,49.64,39.85,,,,,83.0,9.79,95.8441,-9.79,,
2021-09-01,2021-10-01,1,ets,,,49.64,46.2576,,,,,83.0,3.3824,11.4404,-3.3824,,
2021-09-01,2021-12-01,3,naive,,,54.57,44.55,,,,,83.0,10.02,100.4004,-10.02,,
2021-09-01,2021-12-01,3,seasonal_naive,,,54.57,44.16,,,,,83.0,10.41,108.3681,-10.41,,
2021-09-01,2021-12-01,3,ets,,,54.57,45.4622,,,,,83.0,9.1078,82.9516,-9.1078,,
2021-09-01,2022-03-01,6,naive,,,53.51,44.55,,,,,83.0,8.96,80.2816,-8.96,,
2021-09-01,2022-03-01,6,seasonal_naive,,,53.51,42.69,,,,,83.0,10.82,117.0724,-10.82,,
2021-09-01,2022-03-01,6,ets,,,53.51,43.1244,,,,,83.0,10.3856,107.8607,-10.3856,,
2021-12-01,2022-01-01,1,naive,,,49.14,54.57,,,,,83.0,5.43,29.4849,5.43,,
2021-12-01,2022-01-01,1,seasonal_naive,,,49.14,41.41,,,,,83.0,7.73,59.7529,-7.73,,
2021-12-01,2022-01-01,1,ets,,,49.14,48.9298,,,,,83.0,0.2102,0.0442,-0.2102,,
2021-12-01,2022-01-01,1,sarima,"SARIMA(1, 1, 1)x(1, 1, 1, 12)",665.5435617509295,49.14,48.9249,44.0905,53.7592,41.5314,56.3184,83.0,0.2151,0.0463,-0.2151,True,True
2021-12-01,2022-03-01,3,naive,,,53.51,54.57,,,,,83.0,1.06,1.1236,1.06,,
2021-12-01,2022-03-01,3,seasonal_naive,,,53.51,42.69,,,,,83.0,10.82,117.0724,-10.82,,
2021-12-01,2022-03-01,3,ets,,,53.51,48.8939,,,,,83.0,4.6161,21.3086,-4.6161,,
2021-12-01,2022-03-01,3,sarima,"SARIMA(1, 1, 1)x(1, 1, 1, 12)",665.5435617509295,53.51,48.261,42.1257,54.3963,38.8778,57.6442,83.0,5.249,27.5522,-5.249,True,True
2021-12-01,2022-06-01,6,naive,,,54.82,54.57,,,,,83.0,0.25,0.0625,-0.25,,
2021-12-01,2022-06-01,6,seasonal_naive,,,54.82,48.33,,,,,83.0,6.49,42.1201,-6.49,,
2021-12-01,2022-06-01,6,ets,,,54.82,49.5903,,,,,83.0,5.2297,27.35,-5.2297,,
2021-12-01,2022-06-01,6,sarima,"SARIMA(1, 1, 1)x(1, 1, 1, 12)",665.5435617509295,54.82,49.3201,41.7154,56.9248,37.6897,60.9504,83.0,5.4999,30.2493,-5.4999,True,True
2022-03-01,2022-04-01,1,naive,,,55.81,53.51,,,,,83.0,2.3,5.29,-2.3,,
2022-03-01,2022-04-01,1,seasonal_naive,,,55.81,46.0,,,,,83.0,9.81,96.2361,-9.81,,
2022-03-01,2022-04-01,1,ets,,,55.81,52.0888,,,,,83.0,3.7212,13.8474,-3.7212,,
2022-03-01,2022-06-01,3,naive,,,54.82,53.51,,,,,83.0,1.31,1.7161,-1.31,,
2022-03-01,2022-06-01,3,seasonal_naive,,,54.82,48.33,,,,,83.0,6.49,42.1201,-6.49,,
2022-03-01,2022-06-01,3,ets,,,54.82,52.0412,,,,,83.0,2.7788,7.7218,-2.7788,,
2022-03-01,2022-09-01,6,naive,,,43.99,53.51,,,,,83.0,9.52,90.6304,9.52,,
2022-03-01,2022-09-01,6,seasonal_naive,,,43.99,44.55,,,,,83.0,0.56,0.3136,0.56,,
2022-03-01,2022-09-01,6,ets,,,43.99,50.5511,,,,,83.0,6.5611,43.0485,6.5611,,
2022-06-01,2022-07-01,1,naive,,,43.5,54.82,,,,,83.0,11.32,128.1424,11.32,,
2022-06-01,2022-07-01,1,seasonal_naive,,,43.5,46.63,,,,,83.0,3.13,9.7969,3.13,,
2022-06-01,2022-07-01,1,ets,,,43.5,54.6404,,,,,83.0,11.1404,124.1075,11.1404,,
2022-06-01,2022-09-01,3,naive,,,43.99,54.82,,,,,83.0,10.83,117.2889,10.83,,
2022-06-01,2022-09-01,3,seasonal_naive,,,43.99,44.55,,,,,83.0,0.56,0.3136,0.56,,
2022-06-01,2022-09-01,3,ets,,,43.99,54.1145,,,,,83.0,10.1245,102.506,10.1245,,
2022-06-01,2022-12-01,6,naive,,,41.65,54.82,,,,,83.0,13.17,173.4489,13.17,,
2022-06-01,2022-12-01,6,seasonal_naive,,,41.65,54.57,,,,,83.0,12.92,166.9264,12.92,,
2022-06-01,2022-12-01,6,ets,,,41.65,56.3399,,,,,83.0,14.6899,215.793,14.6899,,
2022-09-01,2022-10-01,1,naive,,,44.4,43.99,,,,,83.0,0.41,0.1681,-0.41,,
2022-09-01,2022-10-01,1,seasonal_naive,,,44.4,49.64,,,,,83.0,5.24,27.4576,5.24,,
2022-09-01,2022-10-01,1,ets,,,44.4,47.0395,,,,,83.0,2.6395,6.967,2.6395,,
2022-09-01,2022-12-01,3,naive,,,41.65,43.99,,,,,83.0,2.34,5.4756,2.34,,
2022-09-01,2022-12-01,3,seasonal_naive,,,41.65,54.57,,,,,83.0,12.92,166.9264,12.92,,
2022-09-01,2022-12-01,3,ets,,,41.65,46.7215,,,,,83.0,5.0715,25.7205,5.0715,,
2022-09-01,2023-03-01,6,naive,,,37.09,43.99,,,,,83.0,6.9,47.61,6.9,,
2022-09-01,2023-03-01,6,seasonal_naive,,,37.09,53.51,,,,,83.0,16.42,269.6164,16.42,,
2022-09-01,2023-03-01,6,ets,,,37.09,44.4641,,,,,83.0,7.3741,54.3781,7.3741,,
2022-12-01,2023-01-01,1,naive,,,41.17,41.65,,,,,83.0,0.48,0.2304,0.48,,
2022-12-01,2023-01-01,1,seasonal_naive,,,41.17,49.14,,,,,83.0,7.97,63.5209,7.97,,
2022-12-01,2023-01-01,1,ets,,,41.17,41.0851,,,,,83.0,0.0849,0.0072,-0.0849,,
2022-12-01,2023-01-01,1,sarima,"SARIMA(1, 1, 1)x(1, 1, 1, 12)",733.5529060917339,41.17,40.9646,36.1127,45.8165,33.5443,48.3849,83.0,0.2054,0.0422,-0.2054,True,True
2022-12-01,2023-03-01,3,naive,,,37.09,41.65,,,,,83.0,4.56,20.7936,4.56,,
2022-12-01,2023-03-01,3,seasonal_naive,,,37.09,53.51,,,,,83.0,16.42,269.6164,16.42,,
2022-12-01,2023-03-01,3,ets,,,37.09,41.3879,,,,,83.0,4.2979,18.4722,4.2979,,
2022-12-01,2023-03-01,3,sarima,"SARIMA(1, 1, 1)x(1, 1, 1, 12)",733.5529060917339,37.09,40.7562,34.5545,46.9579,31.2715,50.2409,83.0,3.6662,13.4411,3.6662,True,True
2022-12-01,2023-06-01,6,naive,,,41.18,41.65,,,,,83.0,0.47,0.2209,0.47,,
2022-12-01,2023-06-01,6,seasonal_naive,,,41.18,54.82,,,,,83.0,13.64,186.0496,13.64,,
2022-12-01,2023-06-01,6,ets,,,41.18,42.1319,,,,,83.0,0.9519,0.9061,0.9519,,
2022-12-01,2023-06-01,6,sarima,"SARIMA(1, 1, 1)x(1, 1, 1, 12)",733.5529060917339,41.18,41.8393,33.942,49.7366,29.7614,53.9171,83.0,0.6593,0.4346,0.6593,True,True
2023-03-01,2023-04-01,1,naive,,,44.27,37.09,,,,,83.0,7.18,51.5524,-7.18,,
2023-03-01,2023-04-01,1,seasonal_naive,,,44.27,55.81,,,,,83.0,11.54,133.1716,11.54,,
2023-03-01,2023-04-01,1,ets,,,44.27,38.957,,,,,83.0,5.313,28.2275,-5.313,,
2023-03-01,2023-06-01,3,naive,,,41.18,37.09,,,,,83.0,4.09,16.7281,-4.09,,
2023-03-01,2023-06-01,3,seasonal_naive,,,41.18,54.82,,,,,83.0,13.64,186.0496,13.64,,
2023-03-01,2023-06-01,3,ets,,,41.18,38.8371,,,,,83.0,2.3429,5.4892,-2.3429,,
2023-03-01,2023-09-01,6,naive,,,43.88,37.09,,,,,83.0,6.79,46.1041,-6.79,,
2023-03-01,2023-09-01,6,seasonal_naive,,,43.88,43.99,,,,,83.0,0.11,0.0121,0.11,,
2023-03-01,2023-09-01,6,ets,,,43.88,36.6287,,,,,83.0,7.2513,52.582,-7.2513,,
2023-06-01,2023-07-01,1,naive,,,50.03,41.18,,,,,83.0,8.85,78.3225,-8.85,,
2023-06-01,2023-07-01,1,seasonal_naive,,,50.03,43.5,,,,,83.0,6.53,42.6409,-6.53,,
2023-06-01,2023-07-01,1,ets,,,50.03,41.4072,,,,,83.0,8.6228,74.352,-8.6228,,
2023-06-01,2023-09-01,3,naive,,,43.88,41.18,,,,,83.0,2.7,7.29,-2.7,,
2023-06-01,2023-09-01,3,seasonal_naive,,,43.88,43.99,,,,,83.0,0.11,0.0121,0.11,,
2023-06-01,2023-09-01,3,ets,,,43.88,40.1111,,,,,83.0,3.7689,14.2044,-3.7689,,
2023-06-01,2023-12-01,6,naive,,,43.71,41.18,,,,,83.0,2.53,6.4009,-2.53,,
2023-06-01,2023-12-01,6,seasonal_naive,,,43.71,41.65,,,,,83.0,2.06,4.2436,-2.06,,
2023-06-01,2023-12-01,6,ets,,,43.71,40.7165,,,,,83.0,2.9935,8.9611,-2.9935,,
2023-09-01,2023-10-01,1,naive,,,41.94,43.88,,,,,83.0,1.94,3.7636,1.94,,
2023-09-01,2023-10-01,1,seasonal_naive,,,41.94,44.4,,,,,83.0,2.46,6.0516,2.46,,
2023-09-01,2023-10-01,1,ets,,,41.94,45.3284,,,,,83.0,3.3884,11.4815,3.3884,,
2023-09-01,2023-12-01,3,naive,,,43.71,43.88,,,,,83.0,0.17,0.0289,0.17,,
2023-09-01,2023-12-01,3,seasonal_naive,,,43.71,41.65,,,,,83.0,2.06,4.2436,-2.06,,
2023-09-01,2023-12-01,3,ets,,,43.71,44.8231,,,,,83.0,1.1131,1.2391,1.1131,,
2023-09-01,2024-03-01,6,naive,,,45.34,43.88,,,,,83.0,1.46,2.1316,-1.46,,
2023-09-01,2024-03-01,6,seasonal_naive,,,45.34,37.09,,,,,83.0,8.25,68.0625,-8.25,,
2023-09-01,2024-03-01,6,ets,,,45.34,42.405,,,,,83.0,2.935,8.614,-2.935,,
2023-12-01,2024-01-01,1,naive,,,43.66,43.71,,,,,83.0,0.05,0.0025,0.05,,
2023-12-01,2024-01-01,1,seasonal_naive,,,43.66,41.17,,,,,83.0,2.49,6.2001,-2.49,,
2023-12-01,2024-01-01,1,ets,,,43.66,41.0668,,,,,83.0,2.5932,6.7247,-2.5932,,
2023-12-01,2024-01-01,1,sarima,"SARIMA(1, 1, 1)x(1, 1, 1, 12)",798.2159254587887,43.66,40.927,36.1104,45.7436,33.5606,48.2934,83.0,2.733,7.4693,-2.733,True,True
2023-12-01,2024-03-01,3,naive,,,45.34,43.71,,,,,83.0,1.63,2.6569,-1.63,,
2023-12-01,2024-03-01,3,seasonal_naive,,,45.34,37.09,,,,,83.0,8.25,68.0625,-8.25,,
2023-12-01,2024-03-01,3,ets,,,45.34,41.0569,,,,,83.0,4.2831,18.3448,-4.2831,,
2023-12-01,2024-03-01,3,sarima,"SARIMA(1, 1, 1)x(1, 1, 1, 12)",798.2159254587887,45.34,40.5819,34.4718,46.692,31.2373,49.9265,83.0,4.7581,22.6396,-4.7581,True,True
2023-12-01,2024-06-01,6,naive,,,42.5,43.71,,,,,83.0,1.21,1.4641,1.21,,
2023-12-01,2024-06-01,6,seasonal_naive,,,42.5,41.18,,,,,83.0,1.32,1.7424,-1.32,,
2023-12-01,2024-06-01,6,ets,,,42.5,42.0401,,,,,83.0,0.4599,0.2115,-0.4599,,
2023-12-01,2024-06-01,6,sarima,"SARIMA(1, 1, 1)x(1, 1, 1, 12)",798.2159254587887,42.5,41.8931,34.1488,49.6375,30.0492,53.737,83.0,0.6069,0.3683,-0.6069,True,True
2024-03-01,2024-04-01,1,naive,,,41.05,45.34,,,,,83.0,4.29,18.4041,4.29,,
2024-03-01,2024-04-01,1,seasonal_naive,,,41.05,44.27,,,,,83.0,3.22,10.3684,3.22,,
2024-03-01,2024-04-01,1,ets,,,41.05,45.6194,,,,,83.0,4.5694,20.8798,4.5694,,
2024-03-01,2024-06-01,3,naive,,,42.5,45.34,,,,,83.0,2.84,8.0656,2.84,,
2024-03-01,2024-06-01,3,seasonal_naive,,,42.5,41.18,,,,,83.0,1.32,1.7424,-1.32,,
2024-03-01,2024-06-01,3,ets,,,42.5,45.2871,,,,,83.0,2.7871,7.7677,2.7871,,
2024-03-01,2024-09-01,6,naive,,,43.79,45.34,,,,,83.0,1.55,2.4025,1.55,,
2024-03-01,2024-09-01,6,seasonal_naive,,,43.79,43.88,,,,,83.0,0.09,0.0081,0.09,,
2024-03-01,2024-09-01,6,ets,,,43.79,43.4295,,,,,83.0,0.3605,0.13,-0.3605,,
2024-06-01,2024-07-01,1,naive,,,43.65,42.5,,,,,83.0,1.15,1.3225,-1.15,,
2024-06-01,2024-07-01,1,seasonal_naive,,,43.65,50.03,,,,,83.0,6.38,40.7044,6.38,,
2024-06-01,2024-07-01,1,ets,,,43.65,43.3703,,,,,83.0,0.2797,0.0782,-0.2797,,
2024-06-01,2024-09-01,3,naive,,,43.79,42.5,,,,,83.0,1.29,1.6641,-1.29,,
2024-06-01,2024-09-01,3,seasonal_naive,,,43.79,43.88,,,,,83.0,0.09,0.0081,0.09,,
2024-06-01,2024-09-01,3,ets,,,43.79,41.7273,,,,,83.0,2.0627,4.2547,-2.0627,,
2024-06-01,2024-12-01,6,naive,,,43.44,42.5,,,,,83.0,0.94,0.8836,-0.94,,
2024-06-01,2024-12-01,6,seasonal_naive,,,43.44,43.71,,,,,83.0,0.27,0.0729,0.27,,
2024-06-01,2024-12-01,6,ets,,,43.44,42.2778,,,,,83.0,1.1622,1.3508,-1.1622,,
2024-09-01,2024-10-01,1,naive,,,44.27,43.79,,,,,83.0,0.48,0.2304,-0.48,,
2024-09-01,2024-10-01,1,seasonal_naive,,,44.27,41.94,,,,,83.0,2.33,5.4289,-2.33,,
2024-09-01,2024-10-01,1,ets,,,44.27,43.6944,,,,,83.0,0.5756,0.3313,-0.5756,,
2024-09-01,2024-12-01,3,naive,,,43.44,43.79,,,,,83.0,0.35,0.1225,0.35,,
2024-09-01,2024-12-01,3,seasonal_naive,,,43.44,43.71,,,,,83.0,0.27,0.0729,0.27,,
2024-09-01,2024-12-01,3,ets,,,43.44,43.3518,,,,,83.0,0.0882,0.0078,-0.0882,,
2024-09-01,2025-03-01,6,naive,,,40.73,43.79,,,,,83.0,3.06,9.3636,3.06,,
2024-09-01,2025-03-01,6,seasonal_naive,,,40.73,45.34,,,,,83.0,4.61,21.2521,4.61,,
2024-09-01,2025-03-01,6,ets,,,40.73,41.2132,,,,,83.0,0.4832,0.2334,0.4832,,
2024-12-01,2025-01-01,1,naive,,,42.97,43.44,,,,,83.0,0.47,0.2209,0.47,,
2024-12-01,2025-01-01,1,seasonal_naive,,,42.97,43.66,,,,,83.0,0.69,0.4761,0.69,,
2024-12-01,2025-01-01,1,ets,,,42.97,41.3979,,,,,83.0,1.5721,2.4715,-1.5721,,
2024-12-01,2025-01-01,1,sarima,"SARIMA(1, 1, 1)x(1, 1, 1, 12)",856.3193588296399,42.97,41.3894,36.7027,46.076,34.2218,48.557,83.0,1.5806,2.4984,-1.5806,True,True
2024-12-01,2025-03-01,3,naive,,,40.73,43.44,,,,,83.0,2.71,7.3441,2.71,,
2024-12-01,2025-03-01,3,seasonal_naive,,,40.73,45.34,,,,,83.0,4.61,21.2521,4.61,,
2024-12-01,2025-03-01,3,ets,,,40.73,41.5005,,,,,83.0,0.7705,0.5937,0.7705,,
2024-12-01,2025-03-01,3,sarima,"SARIMA(1, 1, 1)x(1, 1, 1, 12)",856.3193588296399,40.73,41.1578,35.2071,47.1086,32.057,50.2587,83.0,0.4278,0.1831,0.4278,True,True
2024-12-01,2025-06-01,6,naive,,,42.66,43.44,,,,,83.0,0.78,0.6084,0.78,,
2024-12-01,2025-06-01,6,seasonal_naive,,,42.66,42.5,,,,,83.0,0.16,0.0256,-0.16,,
2024-12-01,2025-06-01,6,ets,,,42.66,42.2286,,,,,83.0,0.4314,0.1861,-0.4314,,
2024-12-01,2025-06-01,6,sarima,"SARIMA(1, 1, 1)x(1, 1, 1, 12)",856.3193588296399,42.66,42.1532,34.5767,49.7298,30.5659,53.7405,83.0,0.5068,0.2568,-0.5068,True,True
2025-03-01,2025-04-01,1,naive,,,40.28,40.73,,,,,83.0,0.45,0.2025,0.45,,
2025-03-01,2025-04-01,1,seasonal_naive,,,40.28,41.05,,,,,83.0,0.77,0.5929,0.77,,
2025-03-01,2025-04-01,1,ets,,,40.28,43.017,,,,,83.0,2.737,7.491,2.737,,
2025-03-01,2025-06-01,3,naive,,,42.66,40.73,,,,,83.0,1.93,3.7249,-1.93,,
2025-03-01,2025-06-01,3,seasonal_naive,,,42.66,42.5,,,,,83.0,0.16,0.0256,-0.16,,
2025-03-01,2025-06-01,3,ets,,,42.66,42.8038,,,,,83.0,0.1438,0.0207,0.1438,,
2025-03-01,2025-09-01,6,naive,,,43.24,40.73,,,,,83.0,2.51,6.3001,-2.51,,
2025-03-01,2025-09-01,6,seasonal_naive,,,43.24,43.79,,,,,83.0,0.55,0.3025,0.55,,
2025-03-01,2025-09-01,6,ets,,,43.24,41.1565,,,,,83.0,2.0835,4.341,-2.0835,,
2025-06-01,2025-07-01,1,naive,,,46.43,42.66,,,,,83.0,3.77,14.2129,-3.77,,
2025-06-01,2025-07-01,1,seasonal_naive,,,46.43,43.65,,,,,83.0,2.78,7.7284,-2.78,,
2025-06-01,2025-07-01,1,ets,,,46.43,42.3397,,,,,83.0,4.0903,16.7306,-4.0903,,
2025-06-01,2025-09-01,3,naive,,,43.24,42.66,,,,,83.0,0.58,0.3364,-0.58,,
2025-06-01,2025-09-01,3,seasonal_naive,,,43.24,43.79,,,,,83.0,0.55,0.3025,0.55,,
2025-06-01,2025-09-01,3,ets,,,43.24,40.8159,,,,,83.0,2.4241,5.8761,-2.4241,,
2025-06-01,2025-12-01,6,naive,,,39.88,42.66,,,,,83.0,2.78,7.7284,2.78,,
2025-06-01,2025-12-01,6,seasonal_naive,,,39.88,43.44,,,,,83.0,3.56,12.6736,3.56,,
2025-06-01,2025-12-01,6,ets,,,39.88,41.3058,,,,,83.0,1.4258,2.0329,1.4258,,
2025-09-01,2025-10-01,1,naive,,,40.03,43.24,,,,,83.0,3.21,10.3041,3.21,,
2025-09-01,2025-10-01,1,seasonal_naive,,,40.03,44.27,,,,,83.0,4.24,17.9776,4.24,,
2025-09-01,2025-10-01,1,ets,,,40.03,44.0698,,,,,83.0,4.0398,16.3198,4.0398,,
2025-09-01,2025-12-01,3,naive,,,39.88,43.24,,,,,83.0,3.36,11.2896,3.36,,
2025-09-01,2025-12-01,3,seasonal_naive,,,39.88,43.44,,,,,83.0,3.56,12.6736,3.56,,
2025-09-01,2025-12-01,3,ets,,,39.88,43.6953,,,,,83.0,3.8153,14.5564,3.8153,,
2025-09-01,2026-03-01,6,naive,,,44.79,43.24,,,,,83.0,1.55,2.4025,-1.55,,
2025-09-01,2026-03-01,6,seasonal_naive,,,44.79,40.73,,,,,83.0,4.06,16.4836,-4.06,,
2025-09-01,2026-03-01,6,ets,,,44.79,41.5274,,,,,83.0,3.2626,10.6444,-3.2626,,
