escenario,familia,muestra,n,n_sin_score,mae_vs_base,max_abs_vs_base,sesgo_medio,spearman,cambios_categoria,nota
peso_D1_macro_-20%,pesos,todos_comparables,27,0,1.0022222222222212,2.770000000000003,-0.19555555555555718,0.9957264957264956,3,
peso_D1_macro_-20%,pesos,base_cobertura80,14,0,1.1849999999999998,2.770000000000003,-0.6835714285714306,0.9868131868131869,2,
peso_D1_macro_-10%,pesos,todos_comparables,27,0,0.49629629629629546,1.3900000000000006,-0.09851851851851892,0.9975579975579975,0,
peso_D1_macro_-10%,pesos,base_cobertura80,14,0,0.5907142857142844,1.3900000000000006,-0.3421428571428576,0.9956043956043955,0,
peso_D1_macro_-5%,pesos,todos_comparables,27,0,0.24666666666666562,0.6900000000000048,-0.05037037037037101,0.9987789987789988,0,
peso_D1_macro_-5%,pesos,base_cobertura80,14,0,0.2957142857142855,0.6900000000000048,-0.1714285714285726,0.9956043956043955,0,
peso_D1_macro_+5%,pesos,todos_comparables,27,0,0.2474074074074082,0.6899999999999977,0.04740740740740745,0.9987789987789988,0,
peso_D1_macro_+5%,pesos,base_cobertura80,14,0,0.29714285714285843,0.6899999999999977,0.168571428571428,0.9956043956043955,0,
peso_D1_macro_+10%,pesos,todos_comparables,27,0,0.492222222222223,1.3900000000000006,0.09814814814814678,0.9987789987789988,0,
peso_D1_macro_+10%,pesos,base_cobertura80,14,0,0.5935714285714297,1.3900000000000006,0.3407142857142844,0.9956043956043955,0,
peso_D1_macro_+20%,pesos,todos_comparables,27,0,0.9766666666666678,2.769999999999996,0.19592592592592364,0.996947496947497,2,
peso_D1_macro_+20%,pesos,base_cobertura80,14,0,1.185000000000001,2.769999999999996,0.6778571428571407,0.9868131868131869,2,
peso_D2_energia_-20%,pesos,todos_comparables,27,0,0.7370370370370364,2.1099999999999994,-0.06444444444444518,0.994352018912097,1,
peso_D2_energia_-20%,pesos,base_cobertura80,14,0,0.6635714285714267,1.3399999999999963,0.3235714285714274,0.9989004944448662,1,
peso_D2_energia_-10%,pesos,todos_comparables,27,0,0.36555555555555846,1.0400000000000063,-0.03148148148148325,0.9987789987789988,1,
peso_D2_energia_-10%,pesos,base_cobertura80,14,0,0.3328571428571439,0.6700000000000017,0.15999999999999887,1.0,1,
peso_D2_energia_-5%,pesos,todos_comparables,27,0,0.1837037037037032,0.519999999999996,-0.015555555555555881,0.9987789987789988,0,
peso_D2_energia_-5%,pesos,base_cobertura80,14,0,0.16785714285714196,0.3399999999999963,0.08071428571428488,1.0,0,
peso_D2_energia_+5%,pesos,todos_comparables,27,0,0.17925925925925887,0.5099999999999909,0.01259259259259114,0.9999999999999999,0,
peso_D2_energia_+5%,pesos,base_cobertura80,14,0,0.16500000000000167,0.3299999999999983,-0.08214285714285705,1.0,0,
peso_D2_energia_+10%,pesos,todos_comparables,27,0,0.36037037037036973,1.009999999999991,0.02629629629629475,0.9999999999999999,0,
peso_D2_energia_+10%,pesos,base_cobertura80,14,0,0.33428571428571424,0.6700000000000017,-0.16285714285714445,1.0,0,
peso_D2_energia_+20%,pesos,todos_comparables,27,0,0.7151851851851846,2.0,0.05370370370370184,0.9987789987789988,2,
peso_D2_energia_+20%,pesos,base_cobertura80,14,0,0.6642857142857148,1.3400000000000034,-0.3242857142857155,1.0,1,
peso_D3_institucional_-20%,pesos,todos_comparables,27,0,0.31333333333333285,1.3299999999999983,0.30444444444444363,0.9993894993894993,0,
peso_D3_institucional_-20%,pesos,base_cobertura80,14,0,0.6042857142857133,1.3299999999999983,0.5871428571428555,0.9956043956043955,0,
peso_D3_institucional_-10%,pesos,todos_comparables,27,0,0.15703703703703606,0.6699999999999946,0.15259259259259145,0.9999999999999999,0,
peso_D3_institucional_-10%,pesos,base_cobertura80,14,0,0.302857142857141,0.6699999999999946,0.2942857142857121,1.0,0,
peso_D3_institucional_-5%,pesos,todos_comparables,27,0,0.07814814814814747,0.3399999999999963,0.07592592592592516,0.9999999999999999,0,
peso_D3_institucional_-5%,pesos,base_cobertura80,14,0,0.1507142857142844,0.3399999999999963,0.14642857142856996,1.0,0,
peso_D3_institucional_+5%,pesos,todos_comparables,27,0,0.0774074074074078,0.3300000000000054,-0.0759259259259266,0.9993894993894993,0,
peso_D3_institucional_+5%,pesos,base_cobertura80,14,0,0.14928571428571505,0.3300000000000054,-0.14642857142857274,0.9956043956043955,0,
peso_D3_institucional_+10%,pesos,todos_comparables,27,0,0.15666666666666695,0.6600000000000037,-0.15296296296296344,0.9993894993894993,0,
peso_D3_institucional_+10%,pesos,base_cobertura80,14,0,0.30214285714285766,0.6600000000000037,-0.29500000000000093,0.9956043956043955,0,
peso_D3_institucional_+20%,pesos,todos_comparables,27,0,0.3125925925925933,1.3200000000000038,-0.3044444444444452,0.9957264957264956,1,
peso_D3_institucional_+20%,pesos,base_cobertura80,14,0,0.6028571428571442,1.3200000000000038,-0.5871428571428586,0.9868131868131869,1,
peso_D4_comercial_-20%,pesos,todos_comparables,27,0,0.4655555555555562,1.4000000000000021,-0.06259259259259291,0.9987789987789988,3,
peso_D4_comercial_-20%,pesos,base_cobertura80,14,0,0.666428571428573,1.4000000000000021,0.11071428571428475,0.9956043956043955,2,
peso_D4_comercial_-10%,pesos,todos_comparables,27,0,0.2333333333333339,0.6999999999999993,-0.03185185185185249,0.9987789987789988,1,
peso_D4_comercial_-10%,pesos,base_cobertura80,14,0,0.33357142857142996,0.6999999999999993,0.054999999999998446,0.9956043956043955,1,
peso_D4_comercial_-5%,pesos,todos_comparables,27,0,0.11666666666666702,0.3500000000000014,-0.0159259259259271,0.9993894993894993,0,
peso_D4_comercial_-5%,pesos,base_cobertura80,14,0,0.16714285714285765,0.3500000000000014,0.027142857142855043,0.9956043956043955,0,
peso_D4_comercial_+5%,pesos,todos_comparables,27,0,0.11518518518518582,0.3500000000000014,0.015185185185184927,0.9987789987789988,0,
peso_D4_comercial_+5%,pesos,base_cobertura80,14,0,0.1657142857142865,0.3500000000000014,-0.027142857142858086,0.9956043956043955,0,
peso_D4_comercial_+10%,pesos,todos_comparables,27,0,0.2307407407407405,0.6999999999999957,0.029999999999999954,0.996947496947497,0,
peso_D4_comercial_+10%,pesos,base_cobertura80,14,0,0.3314285714285707,0.6999999999999957,-0.05571428571428605,0.9956043956043955,0,
peso_D4_comercial_+20%,pesos,todos_comparables,27,0,0.4614814814814806,1.3999999999999986,0.06074074074073931,0.996947496947497,0,
peso_D4_comercial_+20%,pesos,base_cobertura80,14,0,0.6628571428571417,1.3999999999999986,-0.11000000000000222,0.9956043956043955,0,
peso_D5_capital_humano_-20%,pesos,todos_comparables,27,0,0.24666666666666548,1.0600000000000023,0.1066666666666657,0.9983208786744112,1,
peso_D5_capital_humano_-20%,pesos,base_cobertura80,14,0,0.1328571428571428,0.28000000000000114,-0.12285714285714329,1.0,0,
peso_D5_capital_humano_-10%,pesos,todos_comparables,27,0,0.12259259259259149,0.5300000000000011,0.05222222222222196,0.9999999999999999,1,
peso_D5_capital_humano_-10%,pesos,base_cobertura80,14,0,0.06642857142857166,0.14000000000000057,-0.06214285714285772,1.0,0,
peso_D5_capital_humano_-5%,pesos,todos_comparables,27,0,0.0614814814814807,0.2599999999999909,0.025925925925925374,0.9999999999999999,0,
peso_D5_capital_humano_-5%,pesos,base_cobertura80,14,0,0.03357142857142925,0.07000000000000739,-0.030714285714286454,1.0,0,
peso_D5_capital_humano_+5%,pesos,todos_comparables,27,0,0.061111111111112636,0.2600000000000051,-0.027037037037038237,0.9999999999999999,0,
peso_D5_capital_humano_+5%,pesos,base_cobertura80,14,0,0.03214285714285684,0.06999999999999318,0.030714285714285187,1.0,0,
peso_D5_capital_humano_+10%,pesos,todos_comparables,27,0,0.12111111111111215,0.519999999999996,-0.052222222222223544,0.9999999999999999,0,
peso_D5_capital_humano_+10%,pesos,base_cobertura80,14,0,0.06571428571428507,0.14000000000000057,0.061428571428570625,1.0,0,
peso_D5_capital_humano_+20%,pesos,todos_comparables,27,0,0.2414814814814829,1.0300000000000011,-0.10296296296296406,0.9993894993894993,0,
peso_D5_capital_humano_+20%,pesos,base_cobertura80,14,0,0.13142857142857065,0.2799999999999869,0.12285714285714176,1.0,0,
peso_D6_percepcion_-20%,pesos,todos_comparables,27,0,0.3540740740740753,0.860000000000003,-0.10592592592592656,0.996947496947497,0,
peso_D6_percepcion_-20%,pesos,base_cobertura80,14,0,0.4042857142857158,0.860000000000003,-0.22428571428571611,0.9956043956043955,0,
peso_D6_percepcion_-10%,pesos,todos_comparables,27,0,0.1759259259259267,0.4299999999999997,-0.05296296296296348,0.9986261755792046,0,
peso_D6_percepcion_-10%,pesos,base_cobertura80,14,0,0.20214285714285804,0.4299999999999997,-0.11214285714285868,0.9989004944448662,0,
peso_D6_percepcion_-5%,pesos,todos_comparables,27,0,0.08777777777777993,0.21000000000000085,-0.027037037037038105,0.9999999999999999,0,
peso_D6_percepcion_-5%,pesos,base_cobertura80,14,0,0.10000000000000117,0.21000000000000085,-0.05571428571428757,1.0,0,
peso_D6_percepcion_+5%,pesos,todos_comparables,27,0,0.08703703703703498,0.2099999999999973,0.025555555555554683,0.9993894993894993,0,
peso_D6_percepcion_+5%,pesos,base_cobertura80,14,0,0.09928571428571331,0.2099999999999973,0.054999999999999716,1.0,0,
peso_D6_percepcion_+10%,pesos,todos_comparables,27,0,0.17444444444444304,0.4299999999999997,0.05296296296296203,0.9987789987789988,1,
peso_D6_percepcion_+10%,pesos,base_cobertura80,14,0,0.2007142857142846,0.4299999999999997,0.1121428571428564,0.9956043956043955,1,
peso_D6_percepcion_+20%,pesos,todos_comparables,27,0,0.3511111111111102,0.8599999999999994,0.10444444444444262,0.996947496947497,2,
peso_D6_percepcion_+20%,pesos,base_cobertura80,14,0,0.4042857142857135,0.8599999999999994,0.22428571428571178,0.9956043956043955,1,
dimensiones_iguales,pesos,todos_comparables,27,0,1.6281481481481475,3.989999999999995,-0.10518518518518716,0.9896214896214895,4,
dimensiones_iguales,pesos,base_cobertura80,14,0,1.7149999999999983,3.989999999999995,0.9978571428571402,0.9868131868131869,2,
geometrico,agregacion,todos_comparables,27,0,3.8859259259259264,20.55,-3.8859259259259264,0.9957264957264956,6,
geometrico,agregacion,base_cobertura80,14,0,6.29357142857143,20.55,-6.29357142857143,0.9780219780219781,5,
winsor05,normalizacion,todos_comparables,27,0,2.0218518518518525,6.740000000000002,-1.0588888888888894,0.988246080816229,6,Escala alternativa; categorías no recalibradas. No es un intervalo de confianza.
winsor05,normalizacion,base_cobertura80,14,0,2.8807142857142876,5.850000000000001,-1.6021428571428569,0.9868131868131869,5,Escala alternativa; categorías no recalibradas. No es un intervalo de confianza.
rank,normalizacion,todos_comparables,27,0,11.24851851851852,21.529999999999994,-11.24851851851852,0.9493284493284493,19,Escala alternativa; categorías no recalibradas. No es un intervalo de confianza.
rank,normalizacion,base_cobertura80,14,0,9.495000000000001,18.110000000000007,-9.495000000000001,0.9824175824175824,9,Escala alternativa; categorías no recalibradas. No es un intervalo de confianza.
minmax_sin_2026_en_ajuste,normalizacion,todos_comparables,27,0,0.438148148148149,1.259999999999998,-0.438148148148149,0.9986261755792046,3,
minmax_sin_2026_en_ajuste,normalizacion,base_cobertura80,14,0,0.4914285714285719,1.259999999999998,-0.4914285714285719,0.9956043956043955,1,
piso_25%,cobertura,todos_comparables,27,0,2.134444444444444,9.86,-0.0003703703703710862,0.8998778998778999,7,
piso_25%,cobertura,base_cobertura80,14,0,0.0,0.0,0.0,1.0,0,
piso_75%,cobertura,todos_comparables,27,0,1.3022222222222222,17.18,-1.3022222222222222,0.9706959706959707,4,
piso_75%,cobertura,base_cobertura80,14,0,0.07714285714285728,1.0800000000000018,-0.07714285714285728,0.9868131868131869,0,
piso_100%,cobertura,todos_comparables,27,0,5.124444444444445,11.969999999999999,-1.7718518518518522,0.9236874236874236,12,
piso_100%,cobertura,base_cobertura80,14,0,4.002857142857143,11.869999999999997,2.4628571428571426,0.9252747252747253,3,
excluir_inflacion_ipc_imf_pct,exclusion_variable,todos_comparables,27,0,3.0055555555555564,17.18,-2.492222222222223,0.976190476190476,9,"Cambio explícito del universo, no una avería de fuente; cobertura recalculada."
excluir_inflacion_ipc_imf_pct,exclusion_variable,base_cobertura80,14,0,2.337142857142858,5.830000000000002,-1.3471428571428579,0.9648351648351648,4,"Cambio explícito del universo, no una avería de fuente; cobertura recalculada."
excluir_pib_crecimiento_real_pct,exclusion_variable,todos_comparables,27,0,2.124814814814815,3.789999999999999,0.37370370370370265,0.9908424908424908,4,"Cambio explícito del universo, no una avería de fuente; cobertura recalculada."
excluir_pib_crecimiento_real_pct,exclusion_variable,base_cobertura80,14,0,2.422857142857142,3.789999999999999,-0.057142857142858716,0.9824175824175824,3,"Cambio explícito del universo, no una avería de fuente; cobertura recalculada."
excluir_wti_precio_usd,exclusion_variable,todos_comparables,27,0,2.0259259259259257,5.589999999999989,0.7488888888888877,0.9786324786324787,5,"Cambio explícito del universo, no una avería de fuente; cobertura recalculada."
excluir_wti_precio_usd,exclusion_variable,base_cobertura80,14,0,1.1357142857142848,2.6200000000000045,-0.5114285714285725,0.9956043956043955,2,"Cambio explícito del universo, no una avería de fuente; cobertura recalculada."
excluir_tasa_fed_funds_pct,exclusion_variable,todos_comparables,27,0,1.0922222222222224,3.539999999999992,-0.04777777777777998,0.9938949938949939,3,"Cambio explícito del universo, no una avería de fuente; cobertura recalculada."
excluir_tasa_fed_funds_pct,exclusion_variable,base_cobertura80,14,0,0.9385714285714298,2.2300000000000004,-0.8228571428571448,0.9956043956043955,1,"Cambio explícito del universo, no una avería de fuente; cobertura recalculada."
excluir_petroleo_crudo_produccion_tbpd,exclusion_variable,todos_comparables,27,0,3.9503703703703708,11.969999999999999,-0.4296296296296306,0.9790871736724271,8,"Cambio explícito del universo, no una avería de fuente; cobertura recalculada."
excluir_petroleo_crudo_produccion_tbpd,exclusion_variable,base_cobertura80,14,0,3.3249999999999997,6.699999999999996,1.6192857142857142,0.9868131868131869,2,"Cambio explícito del universo, no una avería de fuente; cobertura recalculada."
excluir_luminosidad_nocturna_idx,exclusion_variable,todos_comparables,27,0,0.7807407407407413,2.240000000000009,-0.06814814814814867,0.9938949938949939,2,"Cambio explícito del universo, no una avería de fuente; cobertura recalculada."
excluir_luminosidad_nocturna_idx,exclusion_variable,base_cobertura80,14,0,0.7021428571428573,1.4200000000000017,0.3421428571428568,0.9956043956043955,2,"Cambio explícito del universo, no una avería de fuente; cobertura recalculada."
excluir_cpi_score,exclusion_variable,todos_comparables,27,0,1.7844444444444438,5.079999999999998,-1.0740740740740753,0.9786324786324787,7,"Cambio explícito del universo, no una avería de fuente; cobertura recalculada."
excluir_cpi_score,exclusion_variable,base_cobertura80,14,0,0.9549999999999995,1.9299999999999997,-0.49500000000000177,0.9956043956043955,2,"Cambio explícito del universo, no una avería de fuente; cobertura recalculada."
excluir_wgi_promedio_sc,exclusion_variable,todos_comparables,27,0,0.7903703703703698,2.009999999999998,0.7903703703703698,0.9938949938949939,2,"Cambio explícito del universo, no una avería de fuente; cobertura recalculada."
excluir_wgi_promedio_sc,exclusion_variable,base_cobertura80,14,0,1.5242857142857134,2.009999999999998,1.5242857142857134,1.0,2,"Cambio explícito del universo, no una avería de fuente; cobertura recalculada."
excluir_freedom_house_score,exclusion_variable,todos_comparables,27,0,0.3600000000000006,1.1799999999999997,0.17111111111111035,0.9963369963369964,1,"Cambio explícito del universo, no una avería de fuente; cobertura recalculada."
excluir_freedom_house_score,exclusion_variable,base_cobertura80,14,0,0.6942857142857155,1.1799999999999997,0.3299999999999986,1.0,1,"Cambio explícito del universo, no una avería de fuente; cobertura recalculada."
excluir_wjp_rule_of_law,exclusion_variable,todos_comparables,27,0,0.40925925925925916,1.4499999999999957,0.3559259259259259,0.9993894993894993,0,"Cambio explícito del universo, no una avería de fuente; cobertura recalculada."
excluir_wjp_rule_of_law,exclusion_variable,base_cobertura80,14,0,0.789285714285714,1.4499999999999957,0.6864285714285714,0.9956043956043955,0,"Cambio explícito del universo, no una avería de fuente; cobertura recalculada."
excluir_pts_terror_politico,exclusion_variable,todos_comparables,27,0,0.21518518518518487,0.9600000000000009,0.21518518518518487,0.9987789987789988,0,"Cambio explícito del universo, no una avería de fuente; cobertura recalculada."
excluir_pts_terror_politico,exclusion_variable,base_cobertura80,14,0,0.4149999999999994,0.9600000000000009,0.4149999999999994,0.9956043956043955,0,"Cambio explícito del universo, no una avería de fuente; cobertura recalculada."
excluir_exportaciones_pct_pib,exclusion_variable,todos_comparables,27,0,2.064814814814813,5.740000000000002,0.6892592592592579,0.9768009768009768,7,"Cambio explícito del universo, no una avería de fuente; cobertura recalculada."
excluir_exportaciones_pct_pib,exclusion_variable,base_cobertura80,14,0,2.0564285714285715,5.740000000000002,0.3421428571428561,0.9736263736263736,4,"Cambio explícito del universo, no una avería de fuente; cobertura recalculada."
excluir_migrantes_vzla_millones,exclusion_variable,todos_comparables,27,0,1.324444444444444,3.769999999999996,-0.9400000000000004,0.9847374847374847,5,"Cambio explícito del universo, no una avería de fuente; cobertura recalculada."
excluir_migrantes_vzla_millones,exclusion_variable,base_cobertura80,14,0,1.3471428571428572,2.3200000000000003,-0.605714285714287,0.9956043956043955,2,"Cambio explícito del universo, no una avería de fuente; cobertura recalculada."
excluir_lsci_conectividad_maritima,exclusion_variable,todos_comparables,27,0,1.0103703703703693,3.769999999999996,-0.24148148148148185,0.9847374847374847,3,"Cambio explícito del universo, no una avería de fuente; cobertura recalculada."
excluir_lsci_conectividad_maritima,exclusion_variable,base_cobertura80,14,0,0.7414285714285701,1.5499999999999972,0.7414285714285701,0.9956043956043955,0,"Cambio explícito del universo, no una avería de fuente; cobertura recalculada."
excluir_hdi,exclusion_variable,todos_comparables,27,0,0.8011111111111108,2.6899999999999977,0.45148148148148076,0.9902319902319903,4,"Cambio explícito del universo, no una avería de fuente; cobertura recalculada."
excluir_hdi,exclusion_variable,base_cobertura80,14,0,0.4421428571428577,0.7699999999999996,-0.1292857142857147,0.9824175824175824,1,"Cambio explícito del universo, no una avería de fuente; cobertura recalculada."
excluir_esperanza_vida_anos,exclusion_variable,todos_comparables,27,0,0.3511111111111114,2.0,-0.03259259259259308,0.9977102848648244,0,"Cambio explícito del universo, no una avería de fuente; cobertura recalculada."
excluir_esperanza_vida_anos,exclusion_variable,base_cobertura80,14,0,0.3428571428571439,0.8800000000000026,-0.257142857142859,0.9922998303846577,0,"Cambio explícito del universo, no una avería de fuente; cobertura recalculada."
excluir_mortalidad_infantil_x1000,exclusion_variable,todos_comparables,27,0,0.3381481481481475,0.9599999999999937,0.16925925925925847,0.9999999999999999,0,"Cambio explícito del universo, no una avería de fuente; cobertura recalculada."
excluir_mortalidad_infantil_x1000,exclusion_variable,base_cobertura80,14,0,0.44499999999999823,0.9599999999999937,0.40642857142857025,1.0,0,"Cambio explícito del universo, no una avería de fuente; cobertura recalculada."
excluir_acceso_electricidad_pct,exclusion_variable,todos_comparables,27,0,0.5370370370370385,1.7199999999999989,-0.31555555555555737,0.9975579975579975,4,"Cambio explícito del universo, no una avería de fuente; cobertura recalculada."
excluir_acceso_electricidad_pct,exclusion_variable,base_cobertura80,14,0,0.7271428571428594,1.610000000000003,-0.7271428571428594,0.9868131868131869,3,"Cambio explícito del universo, no una avería de fuente; cobertura recalculada."
excluir_empleo_vulnerable_oit_pct,exclusion_variable,todos_comparables,27,0,0.28518518518518476,1.3700000000000045,0.22074074074074052,0.996947496947497,2,"Cambio explícito del universo, no una avería de fuente; cobertura recalculada."
excluir_empleo_vulnerable_oit_pct,exclusion_variable,base_cobertura80,14,0,0.21571428571428544,0.8699999999999974,0.1328571428571418,0.9956043956043955,1,"Cambio explícito del universo, no una avería de fuente; cobertura recalculada."
excluir_guardian_tono_titulares,exclusion_variable,todos_comparables,27,0,1.0414814814814812,3.200000000000003,-0.05555555555555661,0.9914529914529915,2,"Cambio explícito del universo, no una avería de fuente; cobertura recalculada."
excluir_guardian_tono_titulares,exclusion_variable,base_cobertura80,14,0,1.2085714285714282,3.200000000000003,-0.225714285714287,0.9912087912087912,2,"Cambio explícito del universo, no una avería de fuente; cobertura recalculada."
excluir_guardian_articulos_venezuela,exclusion_variable,todos_comparables,27,0,0.9059259259259272,2.6700000000000017,-0.4451851851851866,0.9981684981684981,3,"Cambio explícito del universo, no una avería de fuente; cobertura recalculada."
excluir_guardian_articulos_venezuela,exclusion_variable,base_cobertura80,14,0,0.8714285714285731,1.870000000000001,-0.8342857142857153,0.9956043956043955,3,"Cambio explícito del universo, no una avería de fuente; cobertura recalculada."
excluir_D1_macro,exclusion_dimension,todos_comparables,27,0,5.40074074074074,17.18,-0.9488888888888908,0.9597069597069596,9,
excluir_D1_macro,exclusion_dimension,base_cobertura80,14,0,5.959999999999999,13.870000000000001,-3.438571428571431,0.9472527472527472,4,
sin_datos_D1_macro,indisponibilidad,todos_comparables,27,0,5.40074074074074,17.18,-0.9488888888888908,0.9597069597069596,9,Universo fijo; cobertura penaliza la fuente ausente.
sin_datos_D1_macro,indisponibilidad,base_cobertura80,14,0,5.959999999999999,13.870000000000001,-3.438571428571431,0.9472527472527472,4,Universo fijo; cobertura penaliza la fuente ausente.
excluir_D2_energia,exclusion_dimension,todos_comparables,27,0,3.9503703703703708,11.969999999999999,-0.4296296296296306,0.9790871736724271,8,
excluir_D2_energia,exclusion_dimension,base_cobertura80,14,0,3.3249999999999997,6.699999999999996,1.6192857142857142,0.9868131868131869,2,
sin_datos_D2_energia,indisponibilidad,todos_comparables,27,0,3.9503703703703708,11.969999999999999,-0.4296296296296306,0.9790871736724271,8,Universo fijo; cobertura penaliza la fuente ausente.
sin_datos_D2_energia,indisponibilidad,base_cobertura80,14,0,3.3249999999999997,6.699999999999996,1.6192857142857142,0.9868131868131869,2,Universo fijo; cobertura penaliza la fuente ausente.
excluir_D3_institucional,exclusion_dimension,todos_comparables,27,0,1.571851851851851,6.68,1.5296296296296292,0.996947496947497,2,
excluir_D3_institucional,exclusion_dimension,base_cobertura80,14,0,3.03142857142857,6.68,2.9499999999999993,0.9956043956043955,2,
sin_datos_D3_institucional,indisponibilidad,todos_comparables,27,0,1.571851851851851,6.68,1.5296296296296292,0.996947496947497,2,Universo fijo; cobertura penaliza la fuente ausente.
sin_datos_D3_institucional,indisponibilidad,base_cobertura80,14,0,3.03142857142857,6.68,2.9499999999999993,0.9956043956043955,2,Universo fijo; cobertura penaliza la fuente ausente.
excluir_D4_comercial,exclusion_dimension,todos_comparables,27,0,2.3544444444444443,7.010000000000002,-0.33888888888888974,0.9676434676434676,7,
excluir_D4_comercial,exclusion_dimension,base_cobertura80,14,0,3.333571428571429,7.010000000000002,0.5535714285714263,0.9692307692307693,4,
sin_datos_D4_comercial,indisponibilidad,todos_comparables,27,0,2.3544444444444443,7.010000000000002,-0.33888888888888974,0.9676434676434676,7,Universo fijo; cobertura penaliza la fuente ausente.
sin_datos_D4_comercial,indisponibilidad,base_cobertura80,14,0,3.333571428571429,7.010000000000002,0.5535714285714263,0.9692307692307693,4,Universo fijo; cobertura penaliza la fuente ausente.
excluir_D5_capital_humano,exclusion_dimension,todos_comparables,27,0,1.2718518518518513,5.549999999999997,0.5733333333333328,0.9847374847374847,2,
excluir_D5_capital_humano,exclusion_dimension,base_cobertura80,14,0,0.6635714285714293,1.4000000000000057,-0.6150000000000012,0.9868131868131869,0,
sin_datos_D5_capital_humano,indisponibilidad,todos_comparables,27,0,1.2718518518518513,5.549999999999997,0.5733333333333328,0.9847374847374847,2,Universo fijo; cobertura penaliza la fuente ausente.
sin_datos_D5_capital_humano,indisponibilidad,base_cobertura80,14,0,0.6635714285714293,1.4000000000000057,-0.6150000000000012,0.9868131868131869,0,Universo fijo; cobertura penaliza la fuente ausente.
excluir_D6_percepcion,exclusion_dimension,todos_comparables,27,0,1.796666666666668,4.280000000000001,-0.5337037037037045,0.9896214896214895,5,
excluir_D6_percepcion,exclusion_dimension,base_cobertura80,14,0,2.0207142857142872,4.280000000000001,-1.122142857142858,0.9912087912087912,5,
sin_datos_D6_percepcion,indisponibilidad,todos_comparables,27,0,1.796666666666668,4.280000000000001,-0.5337037037037045,0.9896214896214895,5,Universo fijo; cobertura penaliza la fuente ausente.
sin_datos_D6_percepcion,indisponibilidad,base_cobertura80,14,0,2.0207142857142872,4.280000000000001,-1.122142857142858,0.9912087912087912,5,Universo fijo; cobertura penaliza la fuente ausente.
inflacion_sin_log,transformacion,todos_comparables,27,0,2.404444444444443,10.850000000000001,2.404444444444443,0.9926739926739926,5,
inflacion_sin_log,transformacion,base_cobertura80,14,0,3.131428571428571,5.849999999999998,3.131428571428571,0.9736263736263736,2,
sin_estimaciones_WEO_verificadas,estado_proveedor,todos_comparables,27,0,0.6362962962962962,17.18,-0.6362962962962962,0.9871794871794871,1,Retira únicamente estimaciones FMI con estado acreditado. OIT sigue modelado; no implica conjunto enteramente observado.
sin_estimaciones_WEO_verificadas,estado_proveedor,base_cobertura80,14,0,0.0,0.0,0.0,1.0,0,Retira únicamente estimaciones FMI con estado acreditado. OIT sigue modelado; no implica conjunto enteramente observado.
