año,mes,variable,valor,fuente,qa_policy,n_valid_pixels,n_total_pixels,valid_pixel_pct
2014,7,luminosidad_nocturna_frac_iluminada,5.5981,"NASA Black Marble VNP46A3 (LAADS DAAC, coleccion 002), radiancia NearNadir Composite Snow Free sobre Venezuela (mascara venezuela_states.geojson, 5 tiles). nW/cm2/sr salvo frac_iluminada (%).",good_only_v2,550870,4300361.0,12.8099
2014,7,luminosidad_nocturna_logmedia,0.1338,"NASA Black Marble VNP46A3 (LAADS DAAC, coleccion 002), radiancia NearNadir Composite Snow Free sobre Venezuela (mascara venezuela_states.geojson, 5 tiles). nW/cm2/sr salvo frac_iluminada (%).",good_only_v2,550870,4300361.0,12.8099
2014,7,luminosidad_nocturna_mediana,0.0,"NASA Black Marble VNP46A3 (LAADS DAAC, coleccion 002), radiancia NearNadir Composite Snow Free sobre Venezuela (mascara venezuela_states.geojson, 5 tiles). nW/cm2/sr salvo frac_iluminada (%).",good_only_v2,550870,4300361.0,12.8099
2014,7,luminosidad_nocturna_mensual_nwcm2sr,0.7385,"NASA Black Marble VNP46A3 (LAADS DAAC, coleccion 002), radiancia NearNadir Composite Snow Free sobre Venezuela (mascara venezuela_states.geojson, 5 tiles). nW/cm2/sr salvo frac_iluminada (%).",good_only_v2,550870,4300361.0,12.8099
2014,7,luminosidad_nocturna_p90,0.5669,"NASA Black Marble VNP46A3 (LAADS DAAC, coleccion 002), radiancia NearNadir Composite Snow Free sobre Venezuela (mascara venezuela_states.geojson, 5 tiles). nW/cm2/sr salvo frac_iluminada (%).",good_only_v2,550870,4300361.0,12.8099
2019,1,luminosidad_nocturna_frac_iluminada,3.465,"NASA Black Marble VNP46A3 (LAADS DAAC, coleccion 002), radiancia NearNadir Composite Snow Free sobre Venezuela (mascara venezuela_states.geojson, 5 tiles). nW/cm2/sr salvo frac_iluminada (%).",good_only_v2,2378398,4300361.0,55.3069
2019,1,luminosidad_nocturna_logmedia,0.0767,"NASA Black Marble VNP46A3 (LAADS DAAC, coleccion 002), radiancia NearNadir Composite Snow Free sobre Venezuela (mascara venezuela_states.geojson, 5 tiles). nW/cm2/sr salvo frac_iluminada (%).",good_only_v2,2378398,4300361.0,55.3069
2019,1,luminosidad_nocturna_mediana,0.0,"NASA Black Marble VNP46A3 (LAADS DAAC, coleccion 002), radiancia NearNadir Composite Snow Free sobre Venezuela (mascara venezuela_states.geojson, 5 tiles). nW/cm2/sr salvo frac_iluminada (%).",good_only_v2,2378398,4300361.0,55.3069
2019,1,luminosidad_nocturna_mensual_nwcm2sr,0.5641,"NASA Black Marble VNP46A3 (LAADS DAAC, coleccion 002), radiancia NearNadir Composite Snow Free sobre Venezuela (mascara venezuela_states.geojson, 5 tiles). nW/cm2/sr salvo frac_iluminada (%).",good_only_v2,2378398,4300361.0,55.3069
2019,1,luminosidad_nocturna_p90,0.0,"NASA Black Marble VNP46A3 (LAADS DAAC, coleccion 002), radiancia NearNadir Composite Snow Free sobre Venezuela (mascara venezuela_states.geojson, 5 tiles). nW/cm2/sr salvo frac_iluminada (%).",good_only_v2,2378398,4300361.0,55.3069
2019,7,luminosidad_nocturna_frac_iluminada,5.9877,"NASA Black Marble VNP46A3 (LAADS DAAC, coleccion 002), radiancia NearNadir Composite Snow Free sobre Venezuela (mascara venezuela_states.geojson, 5 tiles). nW/cm2/sr salvo frac_iluminada (%).",good_only_v2,427579,4300361.0,9.9429
2019,7,luminosidad_nocturna_logmedia,0.1302,"NASA Black Marble VNP46A3 (LAADS DAAC, coleccion 002), radiancia NearNadir Composite Snow Free sobre Venezuela (mascara venezuela_states.geojson, 5 tiles). nW/cm2/sr salvo frac_iluminada (%).",good_only_v2,427579,4300361.0,9.9429
2019,7,luminosidad_nocturna_mediana,0.0,"NASA Black Marble VNP46A3 (LAADS DAAC, coleccion 002), radiancia NearNadir Composite Snow Free sobre Venezuela (mascara venezuela_states.geojson, 5 tiles). nW/cm2/sr salvo frac_iluminada (%).",good_only_v2,427579,4300361.0,9.9429
2019,7,luminosidad_nocturna_mensual_nwcm2sr,0.6608,"NASA Black Marble VNP46A3 (LAADS DAAC, coleccion 002), radiancia NearNadir Composite Snow Free sobre Venezuela (mascara venezuela_states.geojson, 5 tiles). nW/cm2/sr salvo frac_iluminada (%).",good_only_v2,427579,4300361.0,9.9429
2019,7,luminosidad_nocturna_p90,0.5889,"NASA Black Marble VNP46A3 (LAADS DAAC, coleccion 002), radiancia NearNadir Composite Snow Free sobre Venezuela (mascara venezuela_states.geojson, 5 tiles). nW/cm2/sr salvo frac_iluminada (%).",good_only_v2,427579,4300361.0,9.9429
2025,1,luminosidad_nocturna_frac_iluminada,4.8356,"NASA Black Marble VNP46A3 (LAADS DAAC, coleccion 002), radiancia NearNadir Composite Snow Free sobre Venezuela (mascara venezuela_states.geojson, 5 tiles). nW/cm2/sr salvo frac_iluminada (%).",good_only_v2,2068224,4300361.0,48.0942
2025,1,luminosidad_nocturna_logmedia,0.1134,"NASA Black Marble VNP46A3 (LAADS DAAC, coleccion 002), radiancia NearNadir Composite Snow Free sobre Venezuela (mascara venezuela_states.geojson, 5 tiles). nW/cm2/sr salvo frac_iluminada (%).",good_only_v2,2068224,4300361.0,48.0942
2025,1,luminosidad_nocturna_mediana,0.0,"NASA Black Marble VNP46A3 (LAADS DAAC, coleccion 002), radiancia NearNadir Composite Snow Free sobre Venezuela (mascara venezuela_states.geojson, 5 tiles). nW/cm2/sr salvo frac_iluminada (%).",good_only_v2,2068224,4300361.0,48.0942
2025,1,luminosidad_nocturna_mensual_nwcm2sr,1.1667,"NASA Black Marble VNP46A3 (LAADS DAAC, coleccion 002), radiancia NearNadir Composite Snow Free sobre Venezuela (mascara venezuela_states.geojson, 5 tiles). nW/cm2/sr salvo frac_iluminada (%).",good_only_v2,2068224,4300361.0,48.0942
2025,1,luminosidad_nocturna_p90,0.0,"NASA Black Marble VNP46A3 (LAADS DAAC, coleccion 002), radiancia NearNadir Composite Snow Free sobre Venezuela (mascara venezuela_states.geojson, 5 tiles). nW/cm2/sr salvo frac_iluminada (%).",good_only_v2,2068224,4300361.0,48.0942
2025,2,luminosidad_nocturna_frac_iluminada,5.9904,"NASA Black Marble VNP46A3 (LAADS DAAC, coleccion 002), radiancia NearNadir Composite Snow Free sobre Venezuela (mascara venezuela_states.geojson, 5 tiles). nW/cm2/sr salvo frac_iluminada (%).",good_only_v2,1595081,4300361.0,37.0918
2025,2,luminosidad_nocturna_logmedia,0.1437,"NASA Black Marble VNP46A3 (LAADS DAAC, coleccion 002), radiancia NearNadir Composite Snow Free sobre Venezuela (mascara venezuela_states.geojson, 5 tiles). nW/cm2/sr salvo frac_iluminada (%).",good_only_v2,1595081,4300361.0,37.0918
2025,2,luminosidad_nocturna_mediana,0.0,"NASA Black Marble VNP46A3 (LAADS DAAC, coleccion 002), radiancia NearNadir Composite Snow Free sobre Venezuela (mascara venezuela_states.geojson, 5 tiles). nW/cm2/sr salvo frac_iluminada (%).",good_only_v2,1595081,4300361.0,37.0918
2025,2,luminosidad_nocturna_mensual_nwcm2sr,1.0268,"NASA Black Marble VNP46A3 (LAADS DAAC, coleccion 002), radiancia NearNadir Composite Snow Free sobre Venezuela (mascara venezuela_states.geojson, 5 tiles). nW/cm2/sr salvo frac_iluminada (%).",good_only_v2,1595081,4300361.0,37.0918
2025,2,luminosidad_nocturna_p90,0.5516,"NASA Black Marble VNP46A3 (LAADS DAAC, coleccion 002), radiancia NearNadir Composite Snow Free sobre Venezuela (mascara venezuela_states.geojson, 5 tiles). nW/cm2/sr salvo frac_iluminada (%).",good_only_v2,1595081,4300361.0,37.0918
2025,3,luminosidad_nocturna_frac_iluminada,5.9267,"NASA Black Marble VNP46A3 (LAADS DAAC, coleccion 002), radiancia NearNadir Composite Snow Free sobre Venezuela (mascara venezuela_states.geojson, 5 tiles). nW/cm2/sr salvo frac_iluminada (%).",good_only_v2,1816973,4300361.0,42.2516
2025,3,luminosidad_nocturna_logmedia,0.1389,"NASA Black Marble VNP46A3 (LAADS DAAC, coleccion 002), radiancia NearNadir Composite Snow Free sobre Venezuela (mascara venezuela_states.geojson, 5 tiles). nW/cm2/sr salvo frac_iluminada (%).",good_only_v2,1816973,4300361.0,42.2516
2025,3,luminosidad_nocturna_mediana,0.0,"NASA Black Marble VNP46A3 (LAADS DAAC, coleccion 002), radiancia NearNadir Composite Snow Free sobre Venezuela (mascara venezuela_states.geojson, 5 tiles). nW/cm2/sr salvo frac_iluminada (%).",good_only_v2,1816973,4300361.0,42.2516
2025,3,luminosidad_nocturna_mensual_nwcm2sr,0.9337,"NASA Black Marble VNP46A3 (LAADS DAAC, coleccion 002), radiancia NearNadir Composite Snow Free sobre Venezuela (mascara venezuela_states.geojson, 5 tiles). nW/cm2/sr salvo frac_iluminada (%).",good_only_v2,1816973,4300361.0,42.2516
2025,3,luminosidad_nocturna_p90,0.5857,"NASA Black Marble VNP46A3 (LAADS DAAC, coleccion 002), radiancia NearNadir Composite Snow Free sobre Venezuela (mascara venezuela_states.geojson, 5 tiles). nW/cm2/sr salvo frac_iluminada (%).",good_only_v2,1816973,4300361.0,42.2516
2025,4,luminosidad_nocturna_frac_iluminada,11.5022,"NASA Black Marble VNP46A3 (LAADS DAAC, coleccion 002), radiancia NearNadir Composite Snow Free sobre Venezuela (mascara venezuela_states.geojson, 5 tiles). nW/cm2/sr salvo frac_iluminada (%).",good_only_v2,121933,4300361.0,2.8354
2025,4,luminosidad_nocturna_logmedia,0.2872,"NASA Black Marble VNP46A3 (LAADS DAAC, coleccion 002), radiancia NearNadir Composite Snow Free sobre Venezuela (mascara venezuela_states.geojson, 5 tiles). nW/cm2/sr salvo frac_iluminada (%).",good_only_v2,121933,4300361.0,2.8354
2025,4,luminosidad_nocturna_mediana,0.0,"NASA Black Marble VNP46A3 (LAADS DAAC, coleccion 002), radiancia NearNadir Composite Snow Free sobre Venezuela (mascara venezuela_states.geojson, 5 tiles). nW/cm2/sr salvo frac_iluminada (%).",good_only_v2,121933,4300361.0,2.8354
2025,4,luminosidad_nocturna_mensual_nwcm2sr,1.7161,"NASA Black Marble VNP46A3 (LAADS DAAC, coleccion 002), radiancia NearNadir Composite Snow Free sobre Venezuela (mascara venezuela_states.geojson, 5 tiles). nW/cm2/sr salvo frac_iluminada (%).",good_only_v2,121933,4300361.0,2.8354
2025,4,luminosidad_nocturna_p90,1.1885,"NASA Black Marble VNP46A3 (LAADS DAAC, coleccion 002), radiancia NearNadir Composite Snow Free sobre Venezuela (mascara venezuela_states.geojson, 5 tiles). nW/cm2/sr salvo frac_iluminada (%).",good_only_v2,121933,4300361.0,2.8354
2025,5,luminosidad_nocturna_frac_iluminada,1.6292,"NASA Black Marble VNP46A3 (LAADS DAAC, coleccion 002), radiancia NearNadir Composite Snow Free sobre Venezuela (mascara venezuela_states.geojson, 5 tiles). nW/cm2/sr salvo frac_iluminada (%).",good_only_v2,36828,4300361.0,0.8564
2025,5,luminosidad_nocturna_logmedia,0.035,"NASA Black Marble VNP46A3 (LAADS DAAC, coleccion 002), radiancia NearNadir Composite Snow Free sobre Venezuela (mascara venezuela_states.geojson, 5 tiles). nW/cm2/sr salvo frac_iluminada (%).",good_only_v2,36828,4300361.0,0.8564
2025,5,luminosidad_nocturna_mediana,0.0,"NASA Black Marble VNP46A3 (LAADS DAAC, coleccion 002), radiancia NearNadir Composite Snow Free sobre Venezuela (mascara venezuela_states.geojson, 5 tiles). nW/cm2/sr salvo frac_iluminada (%).",good_only_v2,36828,4300361.0,0.8564
2025,5,luminosidad_nocturna_mensual_nwcm2sr,0.0835,"NASA Black Marble VNP46A3 (LAADS DAAC, coleccion 002), radiancia NearNadir Composite Snow Free sobre Venezuela (mascara venezuela_states.geojson, 5 tiles). nW/cm2/sr salvo frac_iluminada (%).",good_only_v2,36828,4300361.0,0.8564
2025,5,luminosidad_nocturna_p90,0.0,"NASA Black Marble VNP46A3 (LAADS DAAC, coleccion 002), radiancia NearNadir Composite Snow Free sobre Venezuela (mascara venezuela_states.geojson, 5 tiles). nW/cm2/sr salvo frac_iluminada (%).",good_only_v2,36828,4300361.0,0.8564
2025,6,luminosidad_nocturna_frac_iluminada,5.865,"NASA Black Marble VNP46A3 (LAADS DAAC, coleccion 002), radiancia NearNadir Composite Snow Free sobre Venezuela (mascara venezuela_states.geojson, 5 tiles). nW/cm2/sr salvo frac_iluminada (%).",good_only_v2,25712,4300361.0,0.5979
2025,6,luminosidad_nocturna_logmedia,0.1716,"NASA Black Marble VNP46A3 (LAADS DAAC, coleccion 002), radiancia NearNadir Composite Snow Free sobre Venezuela (mascara venezuela_states.geojson, 5 tiles). nW/cm2/sr salvo frac_iluminada (%).",good_only_v2,25712,4300361.0,0.5979
2025,6,luminosidad_nocturna_mediana,0.0,"NASA Black Marble VNP46A3 (LAADS DAAC, coleccion 002), radiancia NearNadir Composite Snow Free sobre Venezuela (mascara venezuela_states.geojson, 5 tiles). nW/cm2/sr salvo frac_iluminada (%).",good_only_v2,25712,4300361.0,0.5979
2025,6,luminosidad_nocturna_mensual_nwcm2sr,1.079,"NASA Black Marble VNP46A3 (LAADS DAAC, coleccion 002), radiancia NearNadir Composite Snow Free sobre Venezuela (mascara venezuela_states.geojson, 5 tiles). nW/cm2/sr salvo frac_iluminada (%).",good_only_v2,25712,4300361.0,0.5979
2025,6,luminosidad_nocturna_p90,0.6119,"NASA Black Marble VNP46A3 (LAADS DAAC, coleccion 002), radiancia NearNadir Composite Snow Free sobre Venezuela (mascara venezuela_states.geojson, 5 tiles). nW/cm2/sr salvo frac_iluminada (%).",good_only_v2,25712,4300361.0,0.5979
2025,7,luminosidad_nocturna_frac_iluminada,4.3485,"NASA Black Marble VNP46A3 (LAADS DAAC, coleccion 002), radiancia NearNadir Composite Snow Free sobre Venezuela (mascara venezuela_states.geojson, 5 tiles). nW/cm2/sr salvo frac_iluminada (%).",good_only_v2,151985,4300361.0,3.5342
2025,7,luminosidad_nocturna_logmedia,0.0976,"NASA Black Marble VNP46A3 (LAADS DAAC, coleccion 002), radiancia NearNadir Composite Snow Free sobre Venezuela (mascara venezuela_states.geojson, 5 tiles). nW/cm2/sr salvo frac_iluminada (%).",good_only_v2,151985,4300361.0,3.5342
2025,7,luminosidad_nocturna_mediana,0.0,"NASA Black Marble VNP46A3 (LAADS DAAC, coleccion 002), radiancia NearNadir Composite Snow Free sobre Venezuela (mascara venezuela_states.geojson, 5 tiles). nW/cm2/sr salvo frac_iluminada (%).",good_only_v2,151985,4300361.0,3.5342
2025,7,luminosidad_nocturna_mensual_nwcm2sr,0.4299,"NASA Black Marble VNP46A3 (LAADS DAAC, coleccion 002), radiancia NearNadir Composite Snow Free sobre Venezuela (mascara venezuela_states.geojson, 5 tiles). nW/cm2/sr salvo frac_iluminada (%).",good_only_v2,151985,4300361.0,3.5342
2025,7,luminosidad_nocturna_p90,0.0,"NASA Black Marble VNP46A3 (LAADS DAAC, coleccion 002), radiancia NearNadir Composite Snow Free sobre Venezuela (mascara venezuela_states.geojson, 5 tiles). nW/cm2/sr salvo frac_iluminada (%).",good_only_v2,151985,4300361.0,3.5342
2025,8,luminosidad_nocturna_frac_iluminada,5.678,"NASA Black Marble VNP46A3 (LAADS DAAC, coleccion 002), radiancia NearNadir Composite Snow Free sobre Venezuela (mascara venezuela_states.geojson, 5 tiles). nW/cm2/sr salvo frac_iluminada (%).",good_only_v2,237513,4300361.0,5.5231
2025,8,luminosidad_nocturna_logmedia,0.1379,"NASA Black Marble VNP46A3 (LAADS DAAC, coleccion 002), radiancia NearNadir Composite Snow Free sobre Venezuela (mascara venezuela_states.geojson, 5 tiles). nW/cm2/sr salvo frac_iluminada (%).",good_only_v2,237513,4300361.0,5.5231
2025,8,luminosidad_nocturna_mediana,0.0,"NASA Black Marble VNP46A3 (LAADS DAAC, coleccion 002), radiancia NearNadir Composite Snow Free sobre Venezuela (mascara venezuela_states.geojson, 5 tiles). nW/cm2/sr salvo frac_iluminada (%).",good_only_v2,237513,4300361.0,5.5231
2025,8,luminosidad_nocturna_mensual_nwcm2sr,0.768,"NASA Black Marble VNP46A3 (LAADS DAAC, coleccion 002), radiancia NearNadir Composite Snow Free sobre Venezuela (mascara venezuela_states.geojson, 5 tiles). nW/cm2/sr salvo frac_iluminada (%).",good_only_v2,237513,4300361.0,5.5231
2025,8,luminosidad_nocturna_p90,0.5846,"NASA Black Marble VNP46A3 (LAADS DAAC, coleccion 002), radiancia NearNadir Composite Snow Free sobre Venezuela (mascara venezuela_states.geojson, 5 tiles). nW/cm2/sr salvo frac_iluminada (%).",good_only_v2,237513,4300361.0,5.5231
2025,9,luminosidad_nocturna_frac_iluminada,7.2618,"NASA Black Marble VNP46A3 (LAADS DAAC, coleccion 002), radiancia NearNadir Composite Snow Free sobre Venezuela (mascara venezuela_states.geojson, 5 tiles). nW/cm2/sr salvo frac_iluminada (%).",good_only_v2,387358,4300361.0,9.0076
2025,9,luminosidad_nocturna_logmedia,0.1795,"NASA Black Marble VNP46A3 (LAADS DAAC, coleccion 002), radiancia NearNadir Composite Snow Free sobre Venezuela (mascara venezuela_states.geojson, 5 tiles). nW/cm2/sr salvo frac_iluminada (%).",good_only_v2,387358,4300361.0,9.0076
2025,9,luminosidad_nocturna_mediana,0.0,"NASA Black Marble VNP46A3 (LAADS DAAC, coleccion 002), radiancia NearNadir Composite Snow Free sobre Venezuela (mascara venezuela_states.geojson, 5 tiles). nW/cm2/sr salvo frac_iluminada (%).",good_only_v2,387358,4300361.0,9.0076
2025,9,luminosidad_nocturna_mensual_nwcm2sr,0.8561,"NASA Black Marble VNP46A3 (LAADS DAAC, coleccion 002), radiancia NearNadir Composite Snow Free sobre Venezuela (mascara venezuela_states.geojson, 5 tiles). nW/cm2/sr salvo frac_iluminada (%).",good_only_v2,387358,4300361.0,9.0076
2025,9,luminosidad_nocturna_p90,0.7269,"NASA Black Marble VNP46A3 (LAADS DAAC, coleccion 002), radiancia NearNadir Composite Snow Free sobre Venezuela (mascara venezuela_states.geojson, 5 tiles). nW/cm2/sr salvo frac_iluminada (%).",good_only_v2,387358,4300361.0,9.0076
2025,10,luminosidad_nocturna_frac_iluminada,11.2685,"NASA Black Marble VNP46A3 (LAADS DAAC, coleccion 002), radiancia NearNadir Composite Snow Free sobre Venezuela (mascara venezuela_states.geojson, 5 tiles). nW/cm2/sr salvo frac_iluminada (%).",good_only_v2,181692,4300361.0,4.225
2025,10,luminosidad_nocturna_logmedia,0.3193,"NASA Black Marble VNP46A3 (LAADS DAAC, coleccion 002), radiancia NearNadir Composite Snow Free sobre Venezuela (mascara venezuela_states.geojson, 5 tiles). nW/cm2/sr salvo frac_iluminada (%).",good_only_v2,181692,4300361.0,4.225
2025,10,luminosidad_nocturna_mediana,0.0,"NASA Black Marble VNP46A3 (LAADS DAAC, coleccion 002), radiancia NearNadir Composite Snow Free sobre Venezuela (mascara venezuela_states.geojson, 5 tiles). nW/cm2/sr salvo frac_iluminada (%).",good_only_v2,181692,4300361.0,4.225
2025,10,luminosidad_nocturna_mensual_nwcm2sr,1.5252,"NASA Black Marble VNP46A3 (LAADS DAAC, coleccion 002), radiancia NearNadir Composite Snow Free sobre Venezuela (mascara venezuela_states.geojson, 5 tiles). nW/cm2/sr salvo frac_iluminada (%).",good_only_v2,181692,4300361.0,4.225
2025,10,luminosidad_nocturna_p90,1.156,"NASA Black Marble VNP46A3 (LAADS DAAC, coleccion 002), radiancia NearNadir Composite Snow Free sobre Venezuela (mascara venezuela_states.geojson, 5 tiles). nW/cm2/sr salvo frac_iluminada (%).",good_only_v2,181692,4300361.0,4.225
2025,11,luminosidad_nocturna_frac_iluminada,8.3314,"NASA Black Marble VNP46A3 (LAADS DAAC, coleccion 002), radiancia NearNadir Composite Snow Free sobre Venezuela (mascara venezuela_states.geojson, 5 tiles). nW/cm2/sr salvo frac_iluminada (%).",good_only_v2,244677,4300361.0,5.6897
2025,11,luminosidad_nocturna_logmedia,0.2262,"NASA Black Marble VNP46A3 (LAADS DAAC, coleccion 002), radiancia NearNadir Composite Snow Free sobre Venezuela (mascara venezuela_states.geojson, 5 tiles). nW/cm2/sr salvo frac_iluminada (%).",good_only_v2,244677,4300361.0,5.6897
2025,11,luminosidad_nocturna_mediana,0.0,"NASA Black Marble VNP46A3 (LAADS DAAC, coleccion 002), radiancia NearNadir Composite Snow Free sobre Venezuela (mascara venezuela_states.geojson, 5 tiles). nW/cm2/sr salvo frac_iluminada (%).",good_only_v2,244677,4300361.0,5.6897
2025,11,luminosidad_nocturna_mensual_nwcm2sr,1.3867,"NASA Black Marble VNP46A3 (LAADS DAAC, coleccion 002), radiancia NearNadir Composite Snow Free sobre Venezuela (mascara venezuela_states.geojson, 5 tiles). nW/cm2/sr salvo frac_iluminada (%).",good_only_v2,244677,4300361.0,5.6897
2025,11,luminosidad_nocturna_p90,0.8047,"NASA Black Marble VNP46A3 (LAADS DAAC, coleccion 002), radiancia NearNadir Composite Snow Free sobre Venezuela (mascara venezuela_states.geojson, 5 tiles). nW/cm2/sr salvo frac_iluminada (%).",good_only_v2,244677,4300361.0,5.6897
2025,12,luminosidad_nocturna_frac_iluminada,7.1922,"NASA Black Marble VNP46A3 (LAADS DAAC, coleccion 002), radiancia NearNadir Composite Snow Free sobre Venezuela (mascara venezuela_states.geojson, 5 tiles). nW/cm2/sr salvo frac_iluminada (%).",good_only_v2,966373,4300361.0,22.4719
2025,12,luminosidad_nocturna_logmedia,0.1755,"NASA Black Marble VNP46A3 (LAADS DAAC, coleccion 002), radiancia NearNadir Composite Snow Free sobre Venezuela (mascara venezuela_states.geojson, 5 tiles). nW/cm2/sr salvo frac_iluminada (%).",good_only_v2,966373,4300361.0,22.4719
2025,12,luminosidad_nocturna_mediana,0.0,"NASA Black Marble VNP46A3 (LAADS DAAC, coleccion 002), radiancia NearNadir Composite Snow Free sobre Venezuela (mascara venezuela_states.geojson, 5 tiles). nW/cm2/sr salvo frac_iluminada (%).",good_only_v2,966373,4300361.0,22.4719
2025,12,luminosidad_nocturna_mensual_nwcm2sr,1.4048,"NASA Black Marble VNP46A3 (LAADS DAAC, coleccion 002), radiancia NearNadir Composite Snow Free sobre Venezuela (mascara venezuela_states.geojson, 5 tiles). nW/cm2/sr salvo frac_iluminada (%).",good_only_v2,966373,4300361.0,22.4719
2025,12,luminosidad_nocturna_p90,0.6351,"NASA Black Marble VNP46A3 (LAADS DAAC, coleccion 002), radiancia NearNadir Composite Snow Free sobre Venezuela (mascara venezuela_states.geojson, 5 tiles). nW/cm2/sr salvo frac_iluminada (%).",good_only_v2,966373,4300361.0,22.4719
2026,3,luminosidad_nocturna_frac_iluminada,5.5645,"NASA Black Marble VNP46A3 (LAADS DAAC, coleccion 002), radiancia NearNadir Composite Snow Free sobre Venezuela (mascara venezuela_states.geojson, 5 tiles). nW/cm2/sr salvo frac_iluminada (%).",good_only_v2,490073,4300361.0,11.3961
2026,3,luminosidad_nocturna_logmedia,0.1345,"NASA Black Marble VNP46A3 (LAADS DAAC, coleccion 002), radiancia NearNadir Composite Snow Free sobre Venezuela (mascara venezuela_states.geojson, 5 tiles). nW/cm2/sr salvo frac_iluminada (%).",good_only_v2,490073,4300361.0,11.3961
2026,3,luminosidad_nocturna_mediana,0.0,"NASA Black Marble VNP46A3 (LAADS DAAC, coleccion 002), radiancia NearNadir Composite Snow Free sobre Venezuela (mascara venezuela_states.geojson, 5 tiles). nW/cm2/sr salvo frac_iluminada (%).",good_only_v2,490073,4300361.0,11.3961
2026,3,luminosidad_nocturna_mensual_nwcm2sr,0.6124,"NASA Black Marble VNP46A3 (LAADS DAAC, coleccion 002), radiancia NearNadir Composite Snow Free sobre Venezuela (mascara venezuela_states.geojson, 5 tiles). nW/cm2/sr salvo frac_iluminada (%).",good_only_v2,490073,4300361.0,11.3961
2026,3,luminosidad_nocturna_p90,0.5773,"NASA Black Marble VNP46A3 (LAADS DAAC, coleccion 002), radiancia NearNadir Composite Snow Free sobre Venezuela (mascara venezuela_states.geojson, 5 tiles). nW/cm2/sr salvo frac_iluminada (%).",good_only_v2,490073,4300361.0,11.3961
2026,4,luminosidad_nocturna_frac_iluminada,2.494,"NASA Black Marble VNP46A3 (LAADS DAAC, coleccion 002), radiancia NearNadir Composite Snow Free sobre Venezuela (mascara venezuela_states.geojson, 5 tiles). nW/cm2/sr salvo frac_iluminada (%).",good_only_v2,192423,4300361.0,4.4746
2026,4,luminosidad_nocturna_logmedia,0.0762,"NASA Black Marble VNP46A3 (LAADS DAAC, coleccion 002), radiancia NearNadir Composite Snow Free sobre Venezuela (mascara venezuela_states.geojson, 5 tiles). nW/cm2/sr salvo frac_iluminada (%).",good_only_v2,192423,4300361.0,4.4746
2026,4,luminosidad_nocturna_mediana,0.0,"NASA Black Marble VNP46A3 (LAADS DAAC, coleccion 002), radiancia NearNadir Composite Snow Free sobre Venezuela (mascara venezuela_states.geojson, 5 tiles). nW/cm2/sr salvo frac_iluminada (%).",good_only_v2,192423,4300361.0,4.4746
2026,4,luminosidad_nocturna_mensual_nwcm2sr,0.2265,"NASA Black Marble VNP46A3 (LAADS DAAC, coleccion 002), radiancia NearNadir Composite Snow Free sobre Venezuela (mascara venezuela_states.geojson, 5 tiles). nW/cm2/sr salvo frac_iluminada (%).",good_only_v2,192423,4300361.0,4.4746
2026,4,luminosidad_nocturna_p90,0.5038,"NASA Black Marble VNP46A3 (LAADS DAAC, coleccion 002), radiancia NearNadir Composite Snow Free sobre Venezuela (mascara venezuela_states.geojson, 5 tiles). nW/cm2/sr salvo frac_iluminada (%).",good_only_v2,192423,4300361.0,4.4746
2026,5,luminosidad_nocturna_frac_iluminada,9.1352,"NASA Black Marble VNP46A3 (LAADS DAAC, coleccion 002), radiancia NearNadir Composite Snow Free sobre Venezuela (mascara venezuela_states.geojson, 5 tiles). nW/cm2/sr salvo frac_iluminada (%).",good_only_v2,317312,4300361.0,7.3787
2026,5,luminosidad_nocturna_logmedia,0.2631,"NASA Black Marble VNP46A3 (LAADS DAAC, coleccion 002), radiancia NearNadir Composite Snow Free sobre Venezuela (mascara venezuela_states.geojson, 5 tiles). nW/cm2/sr salvo frac_iluminada (%).",good_only_v2,317312,4300361.0,7.3787
2026,5,luminosidad_nocturna_mediana,0.0,"NASA Black Marble VNP46A3 (LAADS DAAC, coleccion 002), radiancia NearNadir Composite Snow Free sobre Venezuela (mascara venezuela_states.geojson, 5 tiles). nW/cm2/sr salvo frac_iluminada (%).",good_only_v2,317312,4300361.0,7.3787
2026,5,luminosidad_nocturna_mensual_nwcm2sr,1.3408,"NASA Black Marble VNP46A3 (LAADS DAAC, coleccion 002), radiancia NearNadir Composite Snow Free sobre Venezuela (mascara venezuela_states.geojson, 5 tiles). nW/cm2/sr salvo frac_iluminada (%).",good_only_v2,317312,4300361.0,7.3787
2026,5,luminosidad_nocturna_p90,0.9159,"NASA Black Marble VNP46A3 (LAADS DAAC, coleccion 002), radiancia NearNadir Composite Snow Free sobre Venezuela (mascara venezuela_states.geojson, 5 tiles). nW/cm2/sr salvo frac_iluminada (%).",good_only_v2,317312,4300361.0,7.3787
2026,6,luminosidad_nocturna_frac_iluminada,8.5731,"NASA Black Marble VNP46A3 (LAADS DAAC, coleccion 002), radiancia NearNadir Composite Snow Free sobre Venezuela (mascara venezuela_states.geojson, 5 tiles). nW/cm2/sr salvo frac_iluminada (%).",good_only_v2,31319,4300361.0,0.7283
2026,6,luminosidad_nocturna_logmedia,0.3055,"NASA Black Marble VNP46A3 (LAADS DAAC, coleccion 002), radiancia NearNadir Composite Snow Free sobre Venezuela (mascara venezuela_states.geojson, 5 tiles). nW/cm2/sr salvo frac_iluminada (%).",good_only_v2,31319,4300361.0,0.7283
2026,6,luminosidad_nocturna_mediana,0.0,"NASA Black Marble VNP46A3 (LAADS DAAC, coleccion 002), radiancia NearNadir Composite Snow Free sobre Venezuela (mascara venezuela_states.geojson, 5 tiles). nW/cm2/sr salvo frac_iluminada (%).",good_only_v2,31319,4300361.0,0.7283
2026,6,luminosidad_nocturna_mensual_nwcm2sr,0.7184,"NASA Black Marble VNP46A3 (LAADS DAAC, coleccion 002), radiancia NearNadir Composite Snow Free sobre Venezuela (mascara venezuela_states.geojson, 5 tiles). nW/cm2/sr salvo frac_iluminada (%).",good_only_v2,31319,4300361.0,0.7283
2026,6,luminosidad_nocturna_p90,0.9189,"NASA Black Marble VNP46A3 (LAADS DAAC, coleccion 002), radiancia NearNadir Composite Snow Free sobre Venezuela (mascara venezuela_states.geojson, 5 tiles). nW/cm2/sr salvo frac_iluminada (%).",good_only_v2,31319,4300361.0,0.7283
2026,7,luminosidad_nocturna_frac_iluminada,1.1848,"NASA Black Marble VNP46A3 (LAADS DAAC, coleccion 002), radiancia NearNadir Composite Snow Free sobre Venezuela (mascara venezuela_states.geojson, 5 tiles). nW/cm2/sr salvo frac_iluminada (%).",good_only_v2,72167,4300361.0,1.6782
2026,7,luminosidad_nocturna_logmedia,0.0403,"NASA Black Marble VNP46A3 (LAADS DAAC, coleccion 002), radiancia NearNadir Composite Snow Free sobre Venezuela (mascara venezuela_states.geojson, 5 tiles). nW/cm2/sr salvo frac_iluminada (%).",good_only_v2,72167,4300361.0,1.6782
2026,7,luminosidad_nocturna_mediana,0.0,"NASA Black Marble VNP46A3 (LAADS DAAC, coleccion 002), radiancia NearNadir Composite Snow Free sobre Venezuela (mascara venezuela_states.geojson, 5 tiles). nW/cm2/sr salvo frac_iluminada (%).",good_only_v2,72167,4300361.0,1.6782
2026,7,luminosidad_nocturna_mensual_nwcm2sr,0.1934,"NASA Black Marble VNP46A3 (LAADS DAAC, coleccion 002), radiancia NearNadir Composite Snow Free sobre Venezuela (mascara venezuela_states.geojson, 5 tiles). nW/cm2/sr salvo frac_iluminada (%).",good_only_v2,72167,4300361.0,1.6782
2026,7,luminosidad_nocturna_p90,0.0,"NASA Black Marble VNP46A3 (LAADS DAAC, coleccion 002), radiancia NearNadir Composite Snow Free sobre Venezuela (mascara venezuela_states.geojson, 5 tiles). nW/cm2/sr salvo frac_iluminada (%).",good_only_v2,72167,4300361.0,1.6782
