año,petroleo_crudo_produccion_tbpd,gas_natural_produccion_bcf,electricidad_generacion_bkwh
2000,2894.0,961.0,85.0
2001,2807.0,1120.0,90.0
2002,2435.0,1003.0,92.0
2003,2303.0,862.0,92.0
2004,2564.0,961.0,99.0
2005,2840.0,828.0,105.0
2006,2785.0,918.0,110.0
2007,2820.0,732.0,114.0
2008,2510.0,733.0,119.0
2009,2520.0,651.0,120.0
2010,2410.0,697.0,114.0
2011,2500.0,733.0,118.0
2012,2500.0,803.0,128.0
2013,2500.0,771.0,135.0
2014,2500.0,773.0,115.0
2015,2489.0,918.0,128.0
2016,2254.0,972.0,117.0
2017,1997.0,956.0,104.0
2018,1486.0,823.0,100.0
2019,878.0,702.0,85.0
2020,527.0,675.0,81.0
2021,595.0,751.0,83.0
2022,724.0,833.0,82.0
2023,771.0,847.0,72.0
2024,863.0,898.0,80.0
2025,973.0,,
2026,,,
