año,mes,variable,valor,unidad,serie_eia,descripcion_eia,fuente
2010,1,importaciones_eeuu_crudo_ven_tbpd,827.0,MBBL/D,MCRIMUSVE2,U.S. Imports from Venezuela of Crude Oil (Thousand Barrels per Day),"U.S. Energy Information Administration (EIA), U.S. Imports by Country of Origin. https://www.eia.gov/dnav/pet/pet_move_impcus_a2_nus_ep00_im0_mbblpd_m.htm"
2010,2,importaciones_eeuu_crudo_ven_tbpd,913.0,MBBL/D,MCRIMUSVE2,U.S. Imports from Venezuela of Crude Oil (Thousand Barrels per Day),"U.S. Energy Information Administration (EIA), U.S. Imports by Country of Origin. https://www.eia.gov/dnav/pet/pet_move_impcus_a2_nus_ep00_im0_mbblpd_m.htm"
2010,3,importaciones_eeuu_crudo_ven_tbpd,984.0,MBBL/D,MCRIMUSVE2,U.S. Imports from Venezuela of Crude Oil (Thousand Barrels per Day),"U.S. Energy Information Administration (EIA), U.S. Imports by Country of Origin. https://www.eia.gov/dnav/pet/pet_move_impcus_a2_nus_ep00_im0_mbblpd_m.htm"
2010,4,importaciones_eeuu_crudo_ven_tbpd,851.0,MBBL/D,MCRIMUSVE2,U.S. Imports from Venezuela of Crude Oil (Thousand Barrels per Day),"U.S. Energy Information Administration (EIA), U.S. Imports by Country of Origin. https://www.eia.gov/dnav/pet/pet_move_impcus_a2_nus_ep00_im0_mbblpd_m.htm"
2010,5,importaciones_eeuu_crudo_ven_tbpd,1011.0,MBBL/D,MCRIMUSVE2,U.S. Imports from Venezuela of Crude Oil (Thousand Barrels per Day),"U.S. Energy Information Administration (EIA), U.S. Imports by Country of Origin. https://www.eia.gov/dnav/pet/pet_move_impcus_a2_nus_ep00_im0_mbblpd_m.htm"
2010,6,importaciones_eeuu_crudo_ven_tbpd,850.0,MBBL/D,MCRIMUSVE2,U.S. Imports from Venezuela of Crude Oil (Thousand Barrels per Day),"U.S. Energy Information Administration (EIA), U.S. Imports by Country of Origin. https://www.eia.gov/dnav/pet/pet_move_impcus_a2_nus_ep00_im0_mbblpd_m.htm"
2010,7,importaciones_eeuu_crudo_ven_tbpd,1016.0,MBBL/D,MCRIMUSVE2,U.S. Imports from Venezuela of Crude Oil (Thousand Barrels per Day),"U.S. Energy Information Administration (EIA), U.S. Imports by Country of Origin. https://www.eia.gov/dnav/pet/pet_move_impcus_a2_nus_ep00_im0_mbblpd_m.htm"
2010,8,importaciones_eeuu_crudo_ven_tbpd,974.0,MBBL/D,MCRIMUSVE2,U.S. Imports from Venezuela of Crude Oil (Thousand Barrels per Day),"U.S. Energy Information Administration (EIA), U.S. Imports by Country of Origin. https://www.eia.gov/dnav/pet/pet_move_impcus_a2_nus_ep00_im0_mbblpd_m.htm"
2010,9,importaciones_eeuu_crudo_ven_tbpd,919.0,MBBL/D,MCRIMUSVE2,U.S. Imports from Venezuela of Crude Oil (Thousand Barrels per Day),"U.S. Energy Information Administration (EIA), U.S. Imports by Country of Origin. https://www.eia.gov/dnav/pet/pet_move_impcus_a2_nus_ep00_im0_mbblpd_m.htm"
2010,10,importaciones_eeuu_crudo_ven_tbpd,887.0,MBBL/D,MCRIMUSVE2,U.S. Imports from Venezuela of Crude Oil (Thousand Barrels per Day),"U.S. Energy Information Administration (EIA), U.S. Imports by Country of Origin. https://www.eia.gov/dnav/pet/pet_move_impcus_a2_nus_ep00_im0_mbblpd_m.htm"
2010,11,importaciones_eeuu_crudo_ven_tbpd,884.0,MBBL/D,MCRIMUSVE2,U.S. Imports from Venezuela of Crude Oil (Thousand Barrels per Day),"U.S. Energy Information Administration (EIA), U.S. Imports by Country of Origin. https://www.eia.gov/dnav/pet/pet_move_impcus_a2_nus_ep00_im0_mbblpd_m.htm"
2010,12,importaciones_eeuu_crudo_ven_tbpd,825.0,MBBL/D,MCRIMUSVE2,U.S. Imports from Venezuela of Crude Oil (Thousand Barrels per Day),"U.S. Energy Information Administration (EIA), U.S. Imports by Country of Origin. https://www.eia.gov/dnav/pet/pet_move_impcus_a2_nus_ep00_im0_mbblpd_m.htm"
2011,1,importaciones_eeuu_crudo_ven_tbpd,951.0,MBBL/D,MCRIMUSVE2,U.S. Imports from Venezuela of Crude Oil (Thousand Barrels per Day),"U.S. Energy Information Administration (EIA), U.S. Imports by Country of Origin. https://www.eia.gov/dnav/pet/pet_move_impcus_a2_nus_ep00_im0_mbblpd_m.htm"
2011,2,importaciones_eeuu_crudo_ven_tbpd,878.0,MBBL/D,MCRIMUSVE2,U.S. Imports from Venezuela of Crude Oil (Thousand Barrels per Day),"U.S. Energy Information Administration (EIA), U.S. Imports by Country of Origin. https://www.eia.gov/dnav/pet/pet_move_impcus_a2_nus_ep00_im0_mbblpd_m.htm"
2011,3,importaciones_eeuu_crudo_ven_tbpd,957.0,MBBL/D,MCRIMUSVE2,U.S. Imports from Venezuela of Crude Oil (Thousand Barrels per Day),"U.S. Energy Information Administration (EIA), U.S. Imports by Country of Origin. https://www.eia.gov/dnav/pet/pet_move_impcus_a2_nus_ep00_im0_mbblpd_m.htm"
2011,4,importaciones_eeuu_crudo_ven_tbpd,902.0,MBBL/D,MCRIMUSVE2,U.S. Imports from Venezuela of Crude Oil (Thousand Barrels per Day),"U.S. Energy Information Administration (EIA), U.S. Imports by Country of Origin. https://www.eia.gov/dnav/pet/pet_move_impcus_a2_nus_ep00_im0_mbblpd_m.htm"
2011,5,importaciones_eeuu_crudo_ven_tbpd,895.0,MBBL/D,MCRIMUSVE2,U.S. Imports from Venezuela of Crude Oil (Thousand Barrels per Day),"U.S. Energy Information Administration (EIA), U.S. Imports by Country of Origin. https://www.eia.gov/dnav/pet/pet_move_impcus_a2_nus_ep00_im0_mbblpd_m.htm"
2011,6,importaciones_eeuu_crudo_ven_tbpd,1012.0,MBBL/D,MCRIMUSVE2,U.S. Imports from Venezuela of Crude Oil (Thousand Barrels per Day),"U.S. Energy Information Administration (EIA), U.S. Imports by Country of Origin. https://www.eia.gov/dnav/pet/pet_move_impcus_a2_nus_ep00_im0_mbblpd_m.htm"
2011,7,importaciones_eeuu_crudo_ven_tbpd,877.0,MBBL/D,MCRIMUSVE2,U.S. Imports from Venezuela of Crude Oil (Thousand Barrels per Day),"U.S. Energy Information Administration (EIA), U.S. Imports by Country of Origin. https://www.eia.gov/dnav/pet/pet_move_impcus_a2_nus_ep00_im0_mbblpd_m.htm"
2011,8,importaciones_eeuu_crudo_ven_tbpd,806.0,MBBL/D,MCRIMUSVE2,U.S. Imports from Venezuela of Crude Oil (Thousand Barrels per Day),"U.S. Energy Information Administration (EIA), U.S. Imports by Country of Origin. https://www.eia.gov/dnav/pet/pet_move_impcus_a2_nus_ep00_im0_mbblpd_m.htm"
2011,9,importaciones_eeuu_crudo_ven_tbpd,759.0,MBBL/D,MCRIMUSVE2,U.S. Imports from Venezuela of Crude Oil (Thousand Barrels per Day),"U.S. Energy Information Administration (EIA), U.S. Imports by Country of Origin. https://www.eia.gov/dnav/pet/pet_move_impcus_a2_nus_ep00_im0_mbblpd_m.htm"
2011,10,importaciones_eeuu_crudo_ven_tbpd,862.0,MBBL/D,MCRIMUSVE2,U.S. Imports from Venezuela of Crude Oil (Thousand Barrels per Day),"U.S. Energy Information Administration (EIA), U.S. Imports by Country of Origin. https://www.eia.gov/dnav/pet/pet_move_impcus_a2_nus_ep00_im0_mbblpd_m.htm"
2011,11,importaciones_eeuu_crudo_ven_tbpd,707.0,MBBL/D,MCRIMUSVE2,U.S. Imports from Venezuela of Crude Oil (Thousand Barrels per Day),"U.S. Energy Information Administration (EIA), U.S. Imports by Country of Origin. https://www.eia.gov/dnav/pet/pet_move_impcus_a2_nus_ep00_im0_mbblpd_m.htm"
2011,12,importaciones_eeuu_crudo_ven_tbpd,810.0,MBBL/D,MCRIMUSVE2,U.S. Imports from Venezuela of Crude Oil (Thousand Barrels per Day),"U.S. Energy Information Administration (EIA), U.S. Imports by Country of Origin. https://www.eia.gov/dnav/pet/pet_move_impcus_a2_nus_ep00_im0_mbblpd_m.htm"
2012,1,importaciones_eeuu_crudo_ven_tbpd,683.0,MBBL/D,MCRIMUSVE2,U.S. Imports from Venezuela of Crude Oil (Thousand Barrels per Day),"U.S. Energy Information Administration (EIA), U.S. Imports by Country of Origin. https://www.eia.gov/dnav/pet/pet_move_impcus_a2_nus_ep00_im0_mbblpd_m.htm"
2012,2,importaciones_eeuu_crudo_ven_tbpd,890.0,MBBL/D,MCRIMUSVE2,U.S. Imports from Venezuela of Crude Oil (Thousand Barrels per Day),"U.S. Energy Information Administration (EIA), U.S. Imports by Country of Origin. https://www.eia.gov/dnav/pet/pet_move_impcus_a2_nus_ep00_im0_mbblpd_m.htm"
2012,3,importaciones_eeuu_crudo_ven_tbpd,936.0,MBBL/D,MCRIMUSVE2,U.S. Imports from Venezuela of Crude Oil (Thousand Barrels per Day),"U.S. Energy Information Administration (EIA), U.S. Imports by Country of Origin. https://www.eia.gov/dnav/pet/pet_move_impcus_a2_nus_ep00_im0_mbblpd_m.htm"
2012,4,importaciones_eeuu_crudo_ven_tbpd,835.0,MBBL/D,MCRIMUSVE2,U.S. Imports from Venezuela of Crude Oil (Thousand Barrels per Day),"U.S. Energy Information Administration (EIA), U.S. Imports by Country of Origin. https://www.eia.gov/dnav/pet/pet_move_impcus_a2_nus_ep00_im0_mbblpd_m.htm"
2012,5,importaciones_eeuu_crudo_ven_tbpd,821.0,MBBL/D,MCRIMUSVE2,U.S. Imports from Venezuela of Crude Oil (Thousand Barrels per Day),"U.S. Energy Information Administration (EIA), U.S. Imports by Country of Origin. https://www.eia.gov/dnav/pet/pet_move_impcus_a2_nus_ep00_im0_mbblpd_m.htm"
2012,6,importaciones_eeuu_crudo_ven_tbpd,756.0,MBBL/D,MCRIMUSVE2,U.S. Imports from Venezuela of Crude Oil (Thousand Barrels per Day),"U.S. Energy Information Administration (EIA), U.S. Imports by Country of Origin. https://www.eia.gov/dnav/pet/pet_move_impcus_a2_nus_ep00_im0_mbblpd_m.htm"
2012,7,importaciones_eeuu_crudo_ven_tbpd,1033.0,MBBL/D,MCRIMUSVE2,U.S. Imports from Venezuela of Crude Oil (Thousand Barrels per Day),"U.S. Energy Information Administration (EIA), U.S. Imports by Country of Origin. https://www.eia.gov/dnav/pet/pet_move_impcus_a2_nus_ep00_im0_mbblpd_m.htm"
2012,8,importaciones_eeuu_crudo_ven_tbpd,977.0,MBBL/D,MCRIMUSVE2,U.S. Imports from Venezuela of Crude Oil (Thousand Barrels per Day),"U.S. Energy Information Administration (EIA), U.S. Imports by Country of Origin. https://www.eia.gov/dnav/pet/pet_move_impcus_a2_nus_ep00_im0_mbblpd_m.htm"
2012,9,importaciones_eeuu_crudo_ven_tbpd,1002.0,MBBL/D,MCRIMUSVE2,U.S. Imports from Venezuela of Crude Oil (Thousand Barrels per Day),"U.S. Energy Information Administration (EIA), U.S. Imports by Country of Origin. https://www.eia.gov/dnav/pet/pet_move_impcus_a2_nus_ep00_im0_mbblpd_m.htm"
2012,10,importaciones_eeuu_crudo_ven_tbpd,928.0,MBBL/D,MCRIMUSVE2,U.S. Imports from Venezuela of Crude Oil (Thousand Barrels per Day),"U.S. Energy Information Administration (EIA), U.S. Imports by Country of Origin. https://www.eia.gov/dnav/pet/pet_move_impcus_a2_nus_ep00_im0_mbblpd_m.htm"
2012,11,importaciones_eeuu_crudo_ven_tbpd,1032.0,MBBL/D,MCRIMUSVE2,U.S. Imports from Venezuela of Crude Oil (Thousand Barrels per Day),"U.S. Energy Information Administration (EIA), U.S. Imports by Country of Origin. https://www.eia.gov/dnav/pet/pet_move_impcus_a2_nus_ep00_im0_mbblpd_m.htm"
2012,12,importaciones_eeuu_crudo_ven_tbpd,1054.0,MBBL/D,MCRIMUSVE2,U.S. Imports from Venezuela of Crude Oil (Thousand Barrels per Day),"U.S. Energy Information Administration (EIA), U.S. Imports by Country of Origin. https://www.eia.gov/dnav/pet/pet_move_impcus_a2_nus_ep00_im0_mbblpd_m.htm"
2013,1,importaciones_eeuu_crudo_ven_tbpd,871.0,MBBL/D,MCRIMUSVE2,U.S. Imports from Venezuela of Crude Oil (Thousand Barrels per Day),"U.S. Energy Information Administration (EIA), U.S. Imports by Country of Origin. https://www.eia.gov/dnav/pet/pet_move_impcus_a2_nus_ep00_im0_mbblpd_m.htm"
2013,2,importaciones_eeuu_crudo_ven_tbpd,579.0,MBBL/D,MCRIMUSVE2,U.S. Imports from Venezuela of Crude Oil (Thousand Barrels per Day),"U.S. Energy Information Administration (EIA), U.S. Imports by Country of Origin. https://www.eia.gov/dnav/pet/pet_move_impcus_a2_nus_ep00_im0_mbblpd_m.htm"
2013,3,importaciones_eeuu_crudo_ven_tbpd,742.0,MBBL/D,MCRIMUSVE2,U.S. Imports from Venezuela of Crude Oil (Thousand Barrels per Day),"U.S. Energy Information Administration (EIA), U.S. Imports by Country of Origin. https://www.eia.gov/dnav/pet/pet_move_impcus_a2_nus_ep00_im0_mbblpd_m.htm"
2013,4,importaciones_eeuu_crudo_ven_tbpd,811.0,MBBL/D,MCRIMUSVE2,U.S. Imports from Venezuela of Crude Oil (Thousand Barrels per Day),"U.S. Energy Information Administration (EIA), U.S. Imports by Country of Origin. https://www.eia.gov/dnav/pet/pet_move_impcus_a2_nus_ep00_im0_mbblpd_m.htm"
2013,5,importaciones_eeuu_crudo_ven_tbpd,674.0,MBBL/D,MCRIMUSVE2,U.S. Imports from Venezuela of Crude Oil (Thousand Barrels per Day),"U.S. Energy Information Administration (EIA), U.S. Imports by Country of Origin. https://www.eia.gov/dnav/pet/pet_move_impcus_a2_nus_ep00_im0_mbblpd_m.htm"
2013,6,importaciones_eeuu_crudo_ven_tbpd,838.0,MBBL/D,MCRIMUSVE2,U.S. Imports from Venezuela of Crude Oil (Thousand Barrels per Day),"U.S. Energy Information Administration (EIA), U.S. Imports by Country of Origin. https://www.eia.gov/dnav/pet/pet_move_impcus_a2_nus_ep00_im0_mbblpd_m.htm"
2013,7,importaciones_eeuu_crudo_ven_tbpd,871.0,MBBL/D,MCRIMUSVE2,U.S. Imports from Venezuela of Crude Oil (Thousand Barrels per Day),"U.S. Energy Information Administration (EIA), U.S. Imports by Country of Origin. https://www.eia.gov/dnav/pet/pet_move_impcus_a2_nus_ep00_im0_mbblpd_m.htm"
2013,8,importaciones_eeuu_crudo_ven_tbpd,603.0,MBBL/D,MCRIMUSVE2,U.S. Imports from Venezuela of Crude Oil (Thousand Barrels per Day),"U.S. Energy Information Administration (EIA), U.S. Imports by Country of Origin. https://www.eia.gov/dnav/pet/pet_move_impcus_a2_nus_ep00_im0_mbblpd_m.htm"
2013,9,importaciones_eeuu_crudo_ven_tbpd,777.0,MBBL/D,MCRIMUSVE2,U.S. Imports from Venezuela of Crude Oil (Thousand Barrels per Day),"U.S. Energy Information Administration (EIA), U.S. Imports by Country of Origin. https://www.eia.gov/dnav/pet/pet_move_impcus_a2_nus_ep00_im0_mbblpd_m.htm"
2013,10,importaciones_eeuu_crudo_ven_tbpd,721.0,MBBL/D,MCRIMUSVE2,U.S. Imports from Venezuela of Crude Oil (Thousand Barrels per Day),"U.S. Energy Information Administration (EIA), U.S. Imports by Country of Origin. https://www.eia.gov/dnav/pet/pet_move_impcus_a2_nus_ep00_im0_mbblpd_m.htm"
2013,11,importaciones_eeuu_crudo_ven_tbpd,759.0,MBBL/D,MCRIMUSVE2,U.S. Imports from Venezuela of Crude Oil (Thousand Barrels per Day),"U.S. Energy Information Administration (EIA), U.S. Imports by Country of Origin. https://www.eia.gov/dnav/pet/pet_move_impcus_a2_nus_ep00_im0_mbblpd_m.htm"
2013,12,importaciones_eeuu_crudo_ven_tbpd,798.0,MBBL/D,MCRIMUSVE2,U.S. Imports from Venezuela of Crude Oil (Thousand Barrels per Day),"U.S. Energy Information Administration (EIA), U.S. Imports by Country of Origin. https://www.eia.gov/dnav/pet/pet_move_impcus_a2_nus_ep00_im0_mbblpd_m.htm"
2014,1,importaciones_eeuu_crudo_ven_tbpd,661.0,MBBL/D,MCRIMUSVE2,U.S. Imports from Venezuela of Crude Oil (Thousand Barrels per Day),"U.S. Energy Information Administration (EIA), U.S. Imports by Country of Origin. https://www.eia.gov/dnav/pet/pet_move_impcus_a2_nus_ep00_im0_mbblpd_m.htm"
2014,2,importaciones_eeuu_crudo_ven_tbpd,757.0,MBBL/D,MCRIMUSVE2,U.S. Imports from Venezuela of Crude Oil (Thousand Barrels per Day),"U.S. Energy Information Administration (EIA), U.S. Imports by Country of Origin. https://www.eia.gov/dnav/pet/pet_move_impcus_a2_nus_ep00_im0_mbblpd_m.htm"
2014,3,importaciones_eeuu_crudo_ven_tbpd,724.0,MBBL/D,MCRIMUSVE2,U.S. Imports from Venezuela of Crude Oil (Thousand Barrels per Day),"U.S. Energy Information Administration (EIA), U.S. Imports by Country of Origin. https://www.eia.gov/dnav/pet/pet_move_impcus_a2_nus_ep00_im0_mbblpd_m.htm"
2014,4,importaciones_eeuu_crudo_ven_tbpd,781.0,MBBL/D,MCRIMUSVE2,U.S. Imports from Venezuela of Crude Oil (Thousand Barrels per Day),"U.S. Energy Information Administration (EIA), U.S. Imports by Country of Origin. https://www.eia.gov/dnav/pet/pet_move_impcus_a2_nus_ep00_im0_mbblpd_m.htm"
2014,5,importaciones_eeuu_crudo_ven_tbpd,716.0,MBBL/D,MCRIMUSVE2,U.S. Imports from Venezuela of Crude Oil (Thousand Barrels per Day),"U.S. Energy Information Administration (EIA), U.S. Imports by Country of Origin. https://www.eia.gov/dnav/pet/pet_move_impcus_a2_nus_ep00_im0_mbblpd_m.htm"
2014,6,importaciones_eeuu_crudo_ven_tbpd,699.0,MBBL/D,MCRIMUSVE2,U.S. Imports from Venezuela of Crude Oil (Thousand Barrels per Day),"U.S. Energy Information Administration (EIA), U.S. Imports by Country of Origin. https://www.eia.gov/dnav/pet/pet_move_impcus_a2_nus_ep00_im0_mbblpd_m.htm"
2014,7,importaciones_eeuu_crudo_ven_tbpd,852.0,MBBL/D,MCRIMUSVE2,U.S. Imports from Venezuela of Crude Oil (Thousand Barrels per Day),"U.S. Energy Information Administration (EIA), U.S. Imports by Country of Origin. https://www.eia.gov/dnav/pet/pet_move_impcus_a2_nus_ep00_im0_mbblpd_m.htm"
2014,8,importaciones_eeuu_crudo_ven_tbpd,804.0,MBBL/D,MCRIMUSVE2,U.S. Imports from Venezuela of Crude Oil (Thousand Barrels per Day),"U.S. Energy Information Administration (EIA), U.S. Imports by Country of Origin. https://www.eia.gov/dnav/pet/pet_move_impcus_a2_nus_ep00_im0_mbblpd_m.htm"
2014,9,importaciones_eeuu_crudo_ven_tbpd,756.0,MBBL/D,MCRIMUSVE2,U.S. Imports from Venezuela of Crude Oil (Thousand Barrels per Day),"U.S. Energy Information Administration (EIA), U.S. Imports by Country of Origin. https://www.eia.gov/dnav/pet/pet_move_impcus_a2_nus_ep00_im0_mbblpd_m.htm"
2014,10,importaciones_eeuu_crudo_ven_tbpd,627.0,MBBL/D,MCRIMUSVE2,U.S. Imports from Venezuela of Crude Oil (Thousand Barrels per Day),"U.S. Energy Information Administration (EIA), U.S. Imports by Country of Origin. https://www.eia.gov/dnav/pet/pet_move_impcus_a2_nus_ep00_im0_mbblpd_m.htm"
2014,11,importaciones_eeuu_crudo_ven_tbpd,744.0,MBBL/D,MCRIMUSVE2,U.S. Imports from Venezuela of Crude Oil (Thousand Barrels per Day),"U.S. Energy Information Administration (EIA), U.S. Imports by Country of Origin. https://www.eia.gov/dnav/pet/pet_move_impcus_a2_nus_ep00_im0_mbblpd_m.htm"
2014,12,importaciones_eeuu_crudo_ven_tbpd,680.0,MBBL/D,MCRIMUSVE2,U.S. Imports from Venezuela of Crude Oil (Thousand Barrels per Day),"U.S. Energy Information Administration (EIA), U.S. Imports by Country of Origin. https://www.eia.gov/dnav/pet/pet_move_impcus_a2_nus_ep00_im0_mbblpd_m.htm"
2015,1,importaciones_eeuu_crudo_ven_tbpd,615.0,MBBL/D,MCRIMUSVE2,U.S. Imports from Venezuela of Crude Oil (Thousand Barrels per Day),"U.S. Energy Information Administration (EIA), U.S. Imports by Country of Origin. https://www.eia.gov/dnav/pet/pet_move_impcus_a2_nus_ep00_im0_mbblpd_m.htm"
2015,2,importaciones_eeuu_crudo_ven_tbpd,736.0,MBBL/D,MCRIMUSVE2,U.S. Imports from Venezuela of Crude Oil (Thousand Barrels per Day),"U.S. Energy Information Administration (EIA), U.S. Imports by Country of Origin. https://www.eia.gov/dnav/pet/pet_move_impcus_a2_nus_ep00_im0_mbblpd_m.htm"
2015,3,importaciones_eeuu_crudo_ven_tbpd,803.0,MBBL/D,MCRIMUSVE2,U.S. Imports from Venezuela of Crude Oil (Thousand Barrels per Day),"U.S. Energy Information Administration (EIA), U.S. Imports by Country of Origin. https://www.eia.gov/dnav/pet/pet_move_impcus_a2_nus_ep00_im0_mbblpd_m.htm"
2015,4,importaciones_eeuu_crudo_ven_tbpd,769.0,MBBL/D,MCRIMUSVE2,U.S. Imports from Venezuela of Crude Oil (Thousand Barrels per Day),"U.S. Energy Information Administration (EIA), U.S. Imports by Country of Origin. https://www.eia.gov/dnav/pet/pet_move_impcus_a2_nus_ep00_im0_mbblpd_m.htm"
2015,5,importaciones_eeuu_crudo_ven_tbpd,850.0,MBBL/D,MCRIMUSVE2,U.S. Imports from Venezuela of Crude Oil (Thousand Barrels per Day),"U.S. Energy Information Administration (EIA), U.S. Imports by Country of Origin. https://www.eia.gov/dnav/pet/pet_move_impcus_a2_nus_ep00_im0_mbblpd_m.htm"
2015,6,importaciones_eeuu_crudo_ven_tbpd,700.0,MBBL/D,MCRIMUSVE2,U.S. Imports from Venezuela of Crude Oil (Thousand Barrels per Day),"U.S. Energy Information Administration (EIA), U.S. Imports by Country of Origin. https://www.eia.gov/dnav/pet/pet_move_impcus_a2_nus_ep00_im0_mbblpd_m.htm"
2015,7,importaciones_eeuu_crudo_ven_tbpd,778.0,MBBL/D,MCRIMUSVE2,U.S. Imports from Venezuela of Crude Oil (Thousand Barrels per Day),"U.S. Energy Information Administration (EIA), U.S. Imports by Country of Origin. https://www.eia.gov/dnav/pet/pet_move_impcus_a2_nus_ep00_im0_mbblpd_m.htm"
2015,8,importaciones_eeuu_crudo_ven_tbpd,849.0,MBBL/D,MCRIMUSVE2,U.S. Imports from Venezuela of Crude Oil (Thousand Barrels per Day),"U.S. Energy Information Administration (EIA), U.S. Imports by Country of Origin. https://www.eia.gov/dnav/pet/pet_move_impcus_a2_nus_ep00_im0_mbblpd_m.htm"
2015,9,importaciones_eeuu_crudo_ven_tbpd,826.0,MBBL/D,MCRIMUSVE2,U.S. Imports from Venezuela of Crude Oil (Thousand Barrels per Day),"U.S. Energy Information Administration (EIA), U.S. Imports by Country of Origin. https://www.eia.gov/dnav/pet/pet_move_impcus_a2_nus_ep00_im0_mbblpd_m.htm"
2015,10,importaciones_eeuu_crudo_ven_tbpd,748.0,MBBL/D,MCRIMUSVE2,U.S. Imports from Venezuela of Crude Oil (Thousand Barrels per Day),"U.S. Energy Information Administration (EIA), U.S. Imports by Country of Origin. https://www.eia.gov/dnav/pet/pet_move_impcus_a2_nus_ep00_im0_mbblpd_m.htm"
2015,11,importaciones_eeuu_crudo_ven_tbpd,799.0,MBBL/D,MCRIMUSVE2,U.S. Imports from Venezuela of Crude Oil (Thousand Barrels per Day),"U.S. Energy Information Administration (EIA), U.S. Imports by Country of Origin. https://www.eia.gov/dnav/pet/pet_move_impcus_a2_nus_ep00_im0_mbblpd_m.htm"
2015,12,importaciones_eeuu_crudo_ven_tbpd,840.0,MBBL/D,MCRIMUSVE2,U.S. Imports from Venezuela of Crude Oil (Thousand Barrels per Day),"U.S. Energy Information Administration (EIA), U.S. Imports by Country of Origin. https://www.eia.gov/dnav/pet/pet_move_impcus_a2_nus_ep00_im0_mbblpd_m.htm"
2016,1,importaciones_eeuu_crudo_ven_tbpd,650.0,MBBL/D,MCRIMUSVE2,U.S. Imports from Venezuela of Crude Oil (Thousand Barrels per Day),"U.S. Energy Information Administration (EIA), U.S. Imports by Country of Origin. https://www.eia.gov/dnav/pet/pet_move_impcus_a2_nus_ep00_im0_mbblpd_m.htm"
2016,2,importaciones_eeuu_crudo_ven_tbpd,726.0,MBBL/D,MCRIMUSVE2,U.S. Imports from Venezuela of Crude Oil (Thousand Barrels per Day),"U.S. Energy Information Administration (EIA), U.S. Imports by Country of Origin. https://www.eia.gov/dnav/pet/pet_move_impcus_a2_nus_ep00_im0_mbblpd_m.htm"
2016,3,importaciones_eeuu_crudo_ven_tbpd,773.0,MBBL/D,MCRIMUSVE2,U.S. Imports from Venezuela of Crude Oil (Thousand Barrels per Day),"U.S. Energy Information Administration (EIA), U.S. Imports by Country of Origin. https://www.eia.gov/dnav/pet/pet_move_impcus_a2_nus_ep00_im0_mbblpd_m.htm"
2016,4,importaciones_eeuu_crudo_ven_tbpd,741.0,MBBL/D,MCRIMUSVE2,U.S. Imports from Venezuela of Crude Oil (Thousand Barrels per Day),"U.S. Energy Information Administration (EIA), U.S. Imports by Country of Origin. https://www.eia.gov/dnav/pet/pet_move_impcus_a2_nus_ep00_im0_mbblpd_m.htm"
2016,5,importaciones_eeuu_crudo_ven_tbpd,752.0,MBBL/D,MCRIMUSVE2,U.S. Imports from Venezuela of Crude Oil (Thousand Barrels per Day),"U.S. Energy Information Administration (EIA), U.S. Imports by Country of Origin. https://www.eia.gov/dnav/pet/pet_move_impcus_a2_nus_ep00_im0_mbblpd_m.htm"
2016,6,importaciones_eeuu_crudo_ven_tbpd,673.0,MBBL/D,MCRIMUSVE2,U.S. Imports from Venezuela of Crude Oil (Thousand Barrels per Day),"U.S. Energy Information Administration (EIA), U.S. Imports by Country of Origin. https://www.eia.gov/dnav/pet/pet_move_impcus_a2_nus_ep00_im0_mbblpd_m.htm"
2016,7,importaciones_eeuu_crudo_ven_tbpd,851.0,MBBL/D,MCRIMUSVE2,U.S. Imports from Venezuela of Crude Oil (Thousand Barrels per Day),"U.S. Energy Information Administration (EIA), U.S. Imports by Country of Origin. https://www.eia.gov/dnav/pet/pet_move_impcus_a2_nus_ep00_im0_mbblpd_m.htm"
2016,8,importaciones_eeuu_crudo_ven_tbpd,715.0,MBBL/D,MCRIMUSVE2,U.S. Imports from Venezuela of Crude Oil (Thousand Barrels per Day),"U.S. Energy Information Administration (EIA), U.S. Imports by Country of Origin. https://www.eia.gov/dnav/pet/pet_move_impcus_a2_nus_ep00_im0_mbblpd_m.htm"
2016,9,importaciones_eeuu_crudo_ven_tbpd,778.0,MBBL/D,MCRIMUSVE2,U.S. Imports from Venezuela of Crude Oil (Thousand Barrels per Day),"U.S. Energy Information Administration (EIA), U.S. Imports by Country of Origin. https://www.eia.gov/dnav/pet/pet_move_impcus_a2_nus_ep00_im0_mbblpd_m.htm"
2016,10,importaciones_eeuu_crudo_ven_tbpd,724.0,MBBL/D,MCRIMUSVE2,U.S. Imports from Venezuela of Crude Oil (Thousand Barrels per Day),"U.S. Energy Information Administration (EIA), U.S. Imports by Country of Origin. https://www.eia.gov/dnav/pet/pet_move_impcus_a2_nus_ep00_im0_mbblpd_m.htm"
2016,11,importaciones_eeuu_crudo_ven_tbpd,797.0,MBBL/D,MCRIMUSVE2,U.S. Imports from Venezuela of Crude Oil (Thousand Barrels per Day),"U.S. Energy Information Administration (EIA), U.S. Imports by Country of Origin. https://www.eia.gov/dnav/pet/pet_move_impcus_a2_nus_ep00_im0_mbblpd_m.htm"
2016,12,importaciones_eeuu_crudo_ven_tbpd,718.0,MBBL/D,MCRIMUSVE2,U.S. Imports from Venezuela of Crude Oil (Thousand Barrels per Day),"U.S. Energy Information Administration (EIA), U.S. Imports by Country of Origin. https://www.eia.gov/dnav/pet/pet_move_impcus_a2_nus_ep00_im0_mbblpd_m.htm"
2017,1,importaciones_eeuu_crudo_ven_tbpd,704.0,MBBL/D,MCRIMUSVE2,U.S. Imports from Venezuela of Crude Oil (Thousand Barrels per Day),"U.S. Energy Information Administration (EIA), U.S. Imports by Country of Origin. https://www.eia.gov/dnav/pet/pet_move_impcus_a2_nus_ep00_im0_mbblpd_m.htm"
2017,2,importaciones_eeuu_crudo_ven_tbpd,679.0,MBBL/D,MCRIMUSVE2,U.S. Imports from Venezuela of Crude Oil (Thousand Barrels per Day),"U.S. Energy Information Administration (EIA), U.S. Imports by Country of Origin. https://www.eia.gov/dnav/pet/pet_move_impcus_a2_nus_ep00_im0_mbblpd_m.htm"
2017,3,importaciones_eeuu_crudo_ven_tbpd,701.0,MBBL/D,MCRIMUSVE2,U.S. Imports from Venezuela of Crude Oil (Thousand Barrels per Day),"U.S. Energy Information Administration (EIA), U.S. Imports by Country of Origin. https://www.eia.gov/dnav/pet/pet_move_impcus_a2_nus_ep00_im0_mbblpd_m.htm"
2017,4,importaciones_eeuu_crudo_ven_tbpd,812.0,MBBL/D,MCRIMUSVE2,U.S. Imports from Venezuela of Crude Oil (Thousand Barrels per Day),"U.S. Energy Information Administration (EIA), U.S. Imports by Country of Origin. https://www.eia.gov/dnav/pet/pet_move_impcus_a2_nus_ep00_im0_mbblpd_m.htm"
2017,5,importaciones_eeuu_crudo_ven_tbpd,708.0,MBBL/D,MCRIMUSVE2,U.S. Imports from Venezuela of Crude Oil (Thousand Barrels per Day),"U.S. Energy Information Administration (EIA), U.S. Imports by Country of Origin. https://www.eia.gov/dnav/pet/pet_move_impcus_a2_nus_ep00_im0_mbblpd_m.htm"
2017,6,importaciones_eeuu_crudo_ven_tbpd,616.0,MBBL/D,MCRIMUSVE2,U.S. Imports from Venezuela of Crude Oil (Thousand Barrels per Day),"U.S. Energy Information Administration (EIA), U.S. Imports by Country of Origin. https://www.eia.gov/dnav/pet/pet_move_impcus_a2_nus_ep00_im0_mbblpd_m.htm"
2017,7,importaciones_eeuu_crudo_ven_tbpd,655.0,MBBL/D,MCRIMUSVE2,U.S. Imports from Venezuela of Crude Oil (Thousand Barrels per Day),"U.S. Energy Information Administration (EIA), U.S. Imports by Country of Origin. https://www.eia.gov/dnav/pet/pet_move_impcus_a2_nus_ep00_im0_mbblpd_m.htm"
2017,8,importaciones_eeuu_crudo_ven_tbpd,555.0,MBBL/D,MCRIMUSVE2,U.S. Imports from Venezuela of Crude Oil (Thousand Barrels per Day),"U.S. Energy Information Administration (EIA), U.S. Imports by Country of Origin. https://www.eia.gov/dnav/pet/pet_move_impcus_a2_nus_ep00_im0_mbblpd_m.htm"
2017,9,importaciones_eeuu_crudo_ven_tbpd,545.0,MBBL/D,MCRIMUSVE2,U.S. Imports from Venezuela of Crude Oil (Thousand Barrels per Day),"U.S. Energy Information Administration (EIA), U.S. Imports by Country of Origin. https://www.eia.gov/dnav/pet/pet_move_impcus_a2_nus_ep00_im0_mbblpd_m.htm"
2017,10,importaciones_eeuu_crudo_ven_tbpd,510.0,MBBL/D,MCRIMUSVE2,U.S. Imports from Venezuela of Crude Oil (Thousand Barrels per Day),"U.S. Energy Information Administration (EIA), U.S. Imports by Country of Origin. https://www.eia.gov/dnav/pet/pet_move_impcus_a2_nus_ep00_im0_mbblpd_m.htm"
2017,11,importaciones_eeuu_crudo_ven_tbpd,505.0,MBBL/D,MCRIMUSVE2,U.S. Imports from Venezuela of Crude Oil (Thousand Barrels per Day),"U.S. Energy Information Administration (EIA), U.S. Imports by Country of Origin. https://www.eia.gov/dnav/pet/pet_move_impcus_a2_nus_ep00_im0_mbblpd_m.htm"
2017,12,importaciones_eeuu_crudo_ven_tbpd,437.0,MBBL/D,MCRIMUSVE2,U.S. Imports from Venezuela of Crude Oil (Thousand Barrels per Day),"U.S. Energy Information Administration (EIA), U.S. Imports by Country of Origin. https://www.eia.gov/dnav/pet/pet_move_impcus_a2_nus_ep00_im0_mbblpd_m.htm"
2018,1,importaciones_eeuu_crudo_ven_tbpd,438.0,MBBL/D,MCRIMUSVE2,U.S. Imports from Venezuela of Crude Oil (Thousand Barrels per Day),"U.S. Energy Information Administration (EIA), U.S. Imports by Country of Origin. https://www.eia.gov/dnav/pet/pet_move_impcus_a2_nus_ep00_im0_mbblpd_m.htm"
2018,2,importaciones_eeuu_crudo_ven_tbpd,409.0,MBBL/D,MCRIMUSVE2,U.S. Imports from Venezuela of Crude Oil (Thousand Barrels per Day),"U.S. Energy Information Administration (EIA), U.S. Imports by Country of Origin. https://www.eia.gov/dnav/pet/pet_move_impcus_a2_nus_ep00_im0_mbblpd_m.htm"
2018,3,importaciones_eeuu_crudo_ven_tbpd,480.0,MBBL/D,MCRIMUSVE2,U.S. Imports from Venezuela of Crude Oil (Thousand Barrels per Day),"U.S. Energy Information Administration (EIA), U.S. Imports by Country of Origin. https://www.eia.gov/dnav/pet/pet_move_impcus_a2_nus_ep00_im0_mbblpd_m.htm"
2018,4,importaciones_eeuu_crudo_ven_tbpd,561.0,MBBL/D,MCRIMUSVE2,U.S. Imports from Venezuela of Crude Oil (Thousand Barrels per Day),"U.S. Energy Information Administration (EIA), U.S. Imports by Country of Origin. https://www.eia.gov/dnav/pet/pet_move_impcus_a2_nus_ep00_im0_mbblpd_m.htm"
2018,5,importaciones_eeuu_crudo_ven_tbpd,490.0,MBBL/D,MCRIMUSVE2,U.S. Imports from Venezuela of Crude Oil (Thousand Barrels per Day),"U.S. Energy Information Administration (EIA), U.S. Imports by Country of Origin. https://www.eia.gov/dnav/pet/pet_move_impcus_a2_nus_ep00_im0_mbblpd_m.htm"
2018,6,importaciones_eeuu_crudo_ven_tbpd,552.0,MBBL/D,MCRIMUSVE2,U.S. Imports from Venezuela of Crude Oil (Thousand Barrels per Day),"U.S. Energy Information Administration (EIA), U.S. Imports by Country of Origin. https://www.eia.gov/dnav/pet/pet_move_impcus_a2_nus_ep00_im0_mbblpd_m.htm"
2018,7,importaciones_eeuu_crudo_ven_tbpd,505.0,MBBL/D,MCRIMUSVE2,U.S. Imports from Venezuela of Crude Oil (Thousand Barrels per Day),"U.S. Energy Information Administration (EIA), U.S. Imports by Country of Origin. https://www.eia.gov/dnav/pet/pet_move_impcus_a2_nus_ep00_im0_mbblpd_m.htm"
2018,8,importaciones_eeuu_crudo_ven_tbpd,462.0,MBBL/D,MCRIMUSVE2,U.S. Imports from Venezuela of Crude Oil (Thousand Barrels per Day),"U.S. Energy Information Administration (EIA), U.S. Imports by Country of Origin. https://www.eia.gov/dnav/pet/pet_move_impcus_a2_nus_ep00_im0_mbblpd_m.htm"
2018,9,importaciones_eeuu_crudo_ven_tbpd,650.0,MBBL/D,MCRIMUSVE2,U.S. Imports from Venezuela of Crude Oil (Thousand Barrels per Day),"U.S. Energy Information Administration (EIA), U.S. Imports by Country of Origin. https://www.eia.gov/dnav/pet/pet_move_impcus_a2_nus_ep00_im0_mbblpd_m.htm"
2018,10,importaciones_eeuu_crudo_ven_tbpd,506.0,MBBL/D,MCRIMUSVE2,U.S. Imports from Venezuela of Crude Oil (Thousand Barrels per Day),"U.S. Energy Information Administration (EIA), U.S. Imports by Country of Origin. https://www.eia.gov/dnav/pet/pet_move_impcus_a2_nus_ep00_im0_mbblpd_m.htm"
2018,11,importaciones_eeuu_crudo_ven_tbpd,511.0,MBBL/D,MCRIMUSVE2,U.S. Imports from Venezuela of Crude Oil (Thousand Barrels per Day),"U.S. Energy Information Administration (EIA), U.S. Imports by Country of Origin. https://www.eia.gov/dnav/pet/pet_move_impcus_a2_nus_ep00_im0_mbblpd_m.htm"
2018,12,importaciones_eeuu_crudo_ven_tbpd,500.0,MBBL/D,MCRIMUSVE2,U.S. Imports from Venezuela of Crude Oil (Thousand Barrels per Day),"U.S. Energy Information Administration (EIA), U.S. Imports by Country of Origin. https://www.eia.gov/dnav/pet/pet_move_impcus_a2_nus_ep00_im0_mbblpd_m.htm"
2019,1,importaciones_eeuu_crudo_ven_tbpd,561.0,MBBL/D,MCRIMUSVE2,U.S. Imports from Venezuela of Crude Oil (Thousand Barrels per Day),"U.S. Energy Information Administration (EIA), U.S. Imports by Country of Origin. https://www.eia.gov/dnav/pet/pet_move_impcus_a2_nus_ep00_im0_mbblpd_m.htm"
2019,2,importaciones_eeuu_crudo_ven_tbpd,242.0,MBBL/D,MCRIMUSVE2,U.S. Imports from Venezuela of Crude Oil (Thousand Barrels per Day),"U.S. Energy Information Administration (EIA), U.S. Imports by Country of Origin. https://www.eia.gov/dnav/pet/pet_move_impcus_a2_nus_ep00_im0_mbblpd_m.htm"
2019,3,importaciones_eeuu_crudo_ven_tbpd,47.0,MBBL/D,MCRIMUSVE2,U.S. Imports from Venezuela of Crude Oil (Thousand Barrels per Day),"U.S. Energy Information Administration (EIA), U.S. Imports by Country of Origin. https://www.eia.gov/dnav/pet/pet_move_impcus_a2_nus_ep00_im0_mbblpd_m.htm"
2019,4,importaciones_eeuu_crudo_ven_tbpd,114.0,MBBL/D,MCRIMUSVE2,U.S. Imports from Venezuela of Crude Oil (Thousand Barrels per Day),"U.S. Energy Information Administration (EIA), U.S. Imports by Country of Origin. https://www.eia.gov/dnav/pet/pet_move_impcus_a2_nus_ep00_im0_mbblpd_m.htm"
2019,5,importaciones_eeuu_crudo_ven_tbpd,11.0,MBBL/D,MCRIMUSVE2,U.S. Imports from Venezuela of Crude Oil (Thousand Barrels per Day),"U.S. Energy Information Administration (EIA), U.S. Imports by Country of Origin. https://www.eia.gov/dnav/pet/pet_move_impcus_a2_nus_ep00_im0_mbblpd_m.htm"
2023,1,importaciones_eeuu_crudo_ven_tbpd,40.0,MBBL/D,MCRIMUSVE2,U.S. Imports from Venezuela of Crude Oil (Thousand Barrels per Day),"U.S. Energy Information Administration (EIA), U.S. Imports by Country of Origin. https://www.eia.gov/dnav/pet/pet_move_impcus_a2_nus_ep00_im0_mbblpd_m.htm"
2023,2,importaciones_eeuu_crudo_ven_tbpd,58.0,MBBL/D,MCRIMUSVE2,U.S. Imports from Venezuela of Crude Oil (Thousand Barrels per Day),"U.S. Energy Information Administration (EIA), U.S. Imports by Country of Origin. https://www.eia.gov/dnav/pet/pet_move_impcus_a2_nus_ep00_im0_mbblpd_m.htm"
2023,3,importaciones_eeuu_crudo_ven_tbpd,109.0,MBBL/D,MCRIMUSVE2,U.S. Imports from Venezuela of Crude Oil (Thousand Barrels per Day),"U.S. Energy Information Administration (EIA), U.S. Imports by Country of Origin. https://www.eia.gov/dnav/pet/pet_move_impcus_a2_nus_ep00_im0_mbblpd_m.htm"
2023,4,importaciones_eeuu_crudo_ven_tbpd,140.0,MBBL/D,MCRIMUSVE2,U.S. Imports from Venezuela of Crude Oil (Thousand Barrels per Day),"U.S. Energy Information Administration (EIA), U.S. Imports by Country of Origin. https://www.eia.gov/dnav/pet/pet_move_impcus_a2_nus_ep00_im0_mbblpd_m.htm"
2023,5,importaciones_eeuu_crudo_ven_tbpd,185.0,MBBL/D,MCRIMUSVE2,U.S. Imports from Venezuela of Crude Oil (Thousand Barrels per Day),"U.S. Energy Information Administration (EIA), U.S. Imports by Country of Origin. https://www.eia.gov/dnav/pet/pet_move_impcus_a2_nus_ep00_im0_mbblpd_m.htm"
2023,6,importaciones_eeuu_crudo_ven_tbpd,126.0,MBBL/D,MCRIMUSVE2,U.S. Imports from Venezuela of Crude Oil (Thousand Barrels per Day),"U.S. Energy Information Administration (EIA), U.S. Imports by Country of Origin. https://www.eia.gov/dnav/pet/pet_move_impcus_a2_nus_ep00_im0_mbblpd_m.htm"
2023,7,importaciones_eeuu_crudo_ven_tbpd,153.0,MBBL/D,MCRIMUSVE2,U.S. Imports from Venezuela of Crude Oil (Thousand Barrels per Day),"U.S. Energy Information Administration (EIA), U.S. Imports by Country of Origin. https://www.eia.gov/dnav/pet/pet_move_impcus_a2_nus_ep00_im0_mbblpd_m.htm"
2023,8,importaciones_eeuu_crudo_ven_tbpd,130.0,MBBL/D,MCRIMUSVE2,U.S. Imports from Venezuela of Crude Oil (Thousand Barrels per Day),"U.S. Energy Information Administration (EIA), U.S. Imports by Country of Origin. https://www.eia.gov/dnav/pet/pet_move_impcus_a2_nus_ep00_im0_mbblpd_m.htm"
2023,9,importaciones_eeuu_crudo_ven_tbpd,163.0,MBBL/D,MCRIMUSVE2,U.S. Imports from Venezuela of Crude Oil (Thousand Barrels per Day),"U.S. Energy Information Administration (EIA), U.S. Imports by Country of Origin. https://www.eia.gov/dnav/pet/pet_move_impcus_a2_nus_ep00_im0_mbblpd_m.htm"
2023,10,importaciones_eeuu_crudo_ven_tbpd,166.0,MBBL/D,MCRIMUSVE2,U.S. Imports from Venezuela of Crude Oil (Thousand Barrels per Day),"U.S. Energy Information Administration (EIA), U.S. Imports by Country of Origin. https://www.eia.gov/dnav/pet/pet_move_impcus_a2_nus_ep00_im0_mbblpd_m.htm"
2023,11,importaciones_eeuu_crudo_ven_tbpd,147.0,MBBL/D,MCRIMUSVE2,U.S. Imports from Venezuela of Crude Oil (Thousand Barrels per Day),"U.S. Energy Information Administration (EIA), U.S. Imports by Country of Origin. https://www.eia.gov/dnav/pet/pet_move_impcus_a2_nus_ep00_im0_mbblpd_m.htm"
2023,12,importaciones_eeuu_crudo_ven_tbpd,161.0,MBBL/D,MCRIMUSVE2,U.S. Imports from Venezuela of Crude Oil (Thousand Barrels per Day),"U.S. Energy Information Administration (EIA), U.S. Imports by Country of Origin. https://www.eia.gov/dnav/pet/pet_move_impcus_a2_nus_ep00_im0_mbblpd_m.htm"
2024,1,importaciones_eeuu_crudo_ven_tbpd,152.0,MBBL/D,MCRIMUSVE2,U.S. Imports from Venezuela of Crude Oil (Thousand Barrels per Day),"U.S. Energy Information Administration (EIA), U.S. Imports by Country of Origin. https://www.eia.gov/dnav/pet/pet_move_impcus_a2_nus_ep00_im0_mbblpd_m.htm"
2024,2,importaciones_eeuu_crudo_ven_tbpd,142.0,MBBL/D,MCRIMUSVE2,U.S. Imports from Venezuela of Crude Oil (Thousand Barrels per Day),"U.S. Energy Information Administration (EIA), U.S. Imports by Country of Origin. https://www.eia.gov/dnav/pet/pet_move_impcus_a2_nus_ep00_im0_mbblpd_m.htm"
2024,3,importaciones_eeuu_crudo_ven_tbpd,177.0,MBBL/D,MCRIMUSVE2,U.S. Imports from Venezuela of Crude Oil (Thousand Barrels per Day),"U.S. Energy Information Administration (EIA), U.S. Imports by Country of Origin. https://www.eia.gov/dnav/pet/pet_move_impcus_a2_nus_ep00_im0_mbblpd_m.htm"
2024,4,importaciones_eeuu_crudo_ven_tbpd,209.0,MBBL/D,MCRIMUSVE2,U.S. Imports from Venezuela of Crude Oil (Thousand Barrels per Day),"U.S. Energy Information Administration (EIA), U.S. Imports by Country of Origin. https://www.eia.gov/dnav/pet/pet_move_impcus_a2_nus_ep00_im0_mbblpd_m.htm"
2024,5,importaciones_eeuu_crudo_ven_tbpd,224.0,MBBL/D,MCRIMUSVE2,U.S. Imports from Venezuela of Crude Oil (Thousand Barrels per Day),"U.S. Energy Information Administration (EIA), U.S. Imports by Country of Origin. https://www.eia.gov/dnav/pet/pet_move_impcus_a2_nus_ep00_im0_mbblpd_m.htm"
2024,6,importaciones_eeuu_crudo_ven_tbpd,226.0,MBBL/D,MCRIMUSVE2,U.S. Imports from Venezuela of Crude Oil (Thousand Barrels per Day),"U.S. Energy Information Administration (EIA), U.S. Imports by Country of Origin. https://www.eia.gov/dnav/pet/pet_move_impcus_a2_nus_ep00_im0_mbblpd_m.htm"
2024,7,importaciones_eeuu_crudo_ven_tbpd,308.0,MBBL/D,MCRIMUSVE2,U.S. Imports from Venezuela of Crude Oil (Thousand Barrels per Day),"U.S. Energy Information Administration (EIA), U.S. Imports by Country of Origin. https://www.eia.gov/dnav/pet/pet_move_impcus_a2_nus_ep00_im0_mbblpd_m.htm"
2024,8,importaciones_eeuu_crudo_ven_tbpd,261.0,MBBL/D,MCRIMUSVE2,U.S. Imports from Venezuela of Crude Oil (Thousand Barrels per Day),"U.S. Energy Information Administration (EIA), U.S. Imports by Country of Origin. https://www.eia.gov/dnav/pet/pet_move_impcus_a2_nus_ep00_im0_mbblpd_m.htm"
2024,9,importaciones_eeuu_crudo_ven_tbpd,205.0,MBBL/D,MCRIMUSVE2,U.S. Imports from Venezuela of Crude Oil (Thousand Barrels per Day),"U.S. Energy Information Administration (EIA), U.S. Imports by Country of Origin. https://www.eia.gov/dnav/pet/pet_move_impcus_a2_nus_ep00_im0_mbblpd_m.htm"
2024,10,importaciones_eeuu_crudo_ven_tbpd,295.0,MBBL/D,MCRIMUSVE2,U.S. Imports from Venezuela of Crude Oil (Thousand Barrels per Day),"U.S. Energy Information Administration (EIA), U.S. Imports by Country of Origin. https://www.eia.gov/dnav/pet/pet_move_impcus_a2_nus_ep00_im0_mbblpd_m.htm"
2024,11,importaciones_eeuu_crudo_ven_tbpd,233.0,MBBL/D,MCRIMUSVE2,U.S. Imports from Venezuela of Crude Oil (Thousand Barrels per Day),"U.S. Energy Information Administration (EIA), U.S. Imports by Country of Origin. https://www.eia.gov/dnav/pet/pet_move_impcus_a2_nus_ep00_im0_mbblpd_m.htm"
2024,12,importaciones_eeuu_crudo_ven_tbpd,296.0,MBBL/D,MCRIMUSVE2,U.S. Imports from Venezuela of Crude Oil (Thousand Barrels per Day),"U.S. Energy Information Administration (EIA), U.S. Imports by Country of Origin. https://www.eia.gov/dnav/pet/pet_move_impcus_a2_nus_ep00_im0_mbblpd_m.htm"
2025,1,importaciones_eeuu_crudo_ven_tbpd,287.0,MBBL/D,MCRIMUSVE2,U.S. Imports from Venezuela of Crude Oil (Thousand Barrels per Day),"U.S. Energy Information Administration (EIA), U.S. Imports by Country of Origin. https://www.eia.gov/dnav/pet/pet_move_impcus_a2_nus_ep00_im0_mbblpd_m.htm"
2025,2,importaciones_eeuu_crudo_ven_tbpd,209.0,MBBL/D,MCRIMUSVE2,U.S. Imports from Venezuela of Crude Oil (Thousand Barrels per Day),"U.S. Energy Information Administration (EIA), U.S. Imports by Country of Origin. https://www.eia.gov/dnav/pet/pet_move_impcus_a2_nus_ep00_im0_mbblpd_m.htm"
2025,3,importaciones_eeuu_crudo_ven_tbpd,253.0,MBBL/D,MCRIMUSVE2,U.S. Imports from Venezuela of Crude Oil (Thousand Barrels per Day),"U.S. Energy Information Administration (EIA), U.S. Imports by Country of Origin. https://www.eia.gov/dnav/pet/pet_move_impcus_a2_nus_ep00_im0_mbblpd_m.htm"
2025,4,importaciones_eeuu_crudo_ven_tbpd,170.0,MBBL/D,MCRIMUSVE2,U.S. Imports from Venezuela of Crude Oil (Thousand Barrels per Day),"U.S. Energy Information Administration (EIA), U.S. Imports by Country of Origin. https://www.eia.gov/dnav/pet/pet_move_impcus_a2_nus_ep00_im0_mbblpd_m.htm"
2025,5,importaciones_eeuu_crudo_ven_tbpd,118.0,MBBL/D,MCRIMUSVE2,U.S. Imports from Venezuela of Crude Oil (Thousand Barrels per Day),"U.S. Energy Information Administration (EIA), U.S. Imports by Country of Origin. https://www.eia.gov/dnav/pet/pet_move_impcus_a2_nus_ep00_im0_mbblpd_m.htm"
2025,6,importaciones_eeuu_crudo_ven_tbpd,86.0,MBBL/D,MCRIMUSVE2,U.S. Imports from Venezuela of Crude Oil (Thousand Barrels per Day),"U.S. Energy Information Administration (EIA), U.S. Imports by Country of Origin. https://www.eia.gov/dnav/pet/pet_move_impcus_a2_nus_ep00_im0_mbblpd_m.htm"
2025,7,importaciones_eeuu_crudo_ven_tbpd,7.0,MBBL/D,MCRIMUSVE2,U.S. Imports from Venezuela of Crude Oil (Thousand Barrels per Day),"U.S. Energy Information Administration (EIA), U.S. Imports by Country of Origin. https://www.eia.gov/dnav/pet/pet_move_impcus_a2_nus_ep00_im0_mbblpd_m.htm"
2025,8,importaciones_eeuu_crudo_ven_tbpd,39.0,MBBL/D,MCRIMUSVE2,U.S. Imports from Venezuela of Crude Oil (Thousand Barrels per Day),"U.S. Energy Information Administration (EIA), U.S. Imports by Country of Origin. https://www.eia.gov/dnav/pet/pet_move_impcus_a2_nus_ep00_im0_mbblpd_m.htm"
2025,9,importaciones_eeuu_crudo_ven_tbpd,102.0,MBBL/D,MCRIMUSVE2,U.S. Imports from Venezuela of Crude Oil (Thousand Barrels per Day),"U.S. Energy Information Administration (EIA), U.S. Imports by Country of Origin. https://www.eia.gov/dnav/pet/pet_move_impcus_a2_nus_ep00_im0_mbblpd_m.htm"
2025,10,importaciones_eeuu_crudo_ven_tbpd,135.0,MBBL/D,MCRIMUSVE2,U.S. Imports from Venezuela of Crude Oil (Thousand Barrels per Day),"U.S. Energy Information Administration (EIA), U.S. Imports by Country of Origin. https://www.eia.gov/dnav/pet/pet_move_impcus_a2_nus_ep00_im0_mbblpd_m.htm"
2025,11,importaciones_eeuu_crudo_ven_tbpd,139.0,MBBL/D,MCRIMUSVE2,U.S. Imports from Venezuela of Crude Oil (Thousand Barrels per Day),"U.S. Energy Information Administration (EIA), U.S. Imports by Country of Origin. https://www.eia.gov/dnav/pet/pet_move_impcus_a2_nus_ep00_im0_mbblpd_m.htm"
2025,12,importaciones_eeuu_crudo_ven_tbpd,137.0,MBBL/D,MCRIMUSVE2,U.S. Imports from Venezuela of Crude Oil (Thousand Barrels per Day),"U.S. Energy Information Administration (EIA), U.S. Imports by Country of Origin. https://www.eia.gov/dnav/pet/pet_move_impcus_a2_nus_ep00_im0_mbblpd_m.htm"
2026,1,importaciones_eeuu_crudo_ven_tbpd,200.0,MBBL/D,MCRIMUSVE2,U.S. Imports from Venezuela of Crude Oil (Thousand Barrels per Day),"U.S. Energy Information Administration (EIA), U.S. Imports by Country of Origin. https://www.eia.gov/dnav/pet/pet_move_impcus_a2_nus_ep00_im0_mbblpd_m.htm"
2026,2,importaciones_eeuu_crudo_ven_tbpd,231.0,MBBL/D,MCRIMUSVE2,U.S. Imports from Venezuela of Crude Oil (Thousand Barrels per Day),"U.S. Energy Information Administration (EIA), U.S. Imports by Country of Origin. https://www.eia.gov/dnav/pet/pet_move_impcus_a2_nus_ep00_im0_mbblpd_m.htm"
2026,3,importaciones_eeuu_crudo_ven_tbpd,373.0,MBBL/D,MCRIMUSVE2,U.S. Imports from Venezuela of Crude Oil (Thousand Barrels per Day),"U.S. Energy Information Administration (EIA), U.S. Imports by Country of Origin. https://www.eia.gov/dnav/pet/pet_move_impcus_a2_nus_ep00_im0_mbblpd_m.htm"
2026,4,importaciones_eeuu_crudo_ven_tbpd,429.0,MBBL/D,MCRIMUSVE2,U.S. Imports from Venezuela of Crude Oil (Thousand Barrels per Day),"U.S. Energy Information Administration (EIA), U.S. Imports by Country of Origin. https://www.eia.gov/dnav/pet/pet_move_impcus_a2_nus_ep00_im0_mbblpd_m.htm"
2026,5,importaciones_eeuu_crudo_ven_tbpd,471.0,MBBL/D,MCRIMUSVE2,U.S. Imports from Venezuela of Crude Oil (Thousand Barrels per Day),"U.S. Energy Information Administration (EIA), U.S. Imports by Country of Origin. https://www.eia.gov/dnav/pet/pet_move_impcus_a2_nus_ep00_im0_mbblpd_m.htm"
2026,6,importaciones_eeuu_crudo_ven_tbpd,630.0,MBBL/D,MCRIMUSVE2,U.S. Imports from Venezuela of Crude Oil (Thousand Barrels per Day),"U.S. Energy Information Administration (EIA), U.S. Imports by Country of Origin. https://www.eia.gov/dnav/pet/pet_move_impcus_a2_nus_ep00_im0_mbblpd_m.htm"
2026,7,importaciones_eeuu_crudo_ven_tbpd,701.0,MBBL/D,MCRIMUSVE2,U.S. Imports from Venezuela of Crude Oil (Thousand Barrels per Day),"U.S. Energy Information Administration (EIA), U.S. Imports by Country of Origin. https://www.eia.gov/dnav/pet/pet_move_impcus_a2_nus_ep00_im0_mbblpd_m.htm"
2010,1,importaciones_eeuu_productos_ven_tbpd,83.0,MBBL/D,MTPIMUSVE2,U.S. Imports from Venezuela of Total Petroleum Products (Thousand Barrels per Day),"U.S. Energy Information Administration (EIA), U.S. Imports by Country of Origin. https://www.eia.gov/dnav/pet/pet_move_impcus_a2_nus_ep00_im0_mbblpd_m.htm"
2010,2,importaciones_eeuu_productos_ven_tbpd,98.0,MBBL/D,MTPIMUSVE2,U.S. Imports from Venezuela of Total Petroleum Products (Thousand Barrels per Day),"U.S. Energy Information Administration (EIA), U.S. Imports by Country of Origin. https://www.eia.gov/dnav/pet/pet_move_impcus_a2_nus_ep00_im0_mbblpd_m.htm"
2010,3,importaciones_eeuu_productos_ven_tbpd,77.0,MBBL/D,MTPIMUSVE2,U.S. Imports from Venezuela of Total Petroleum Products (Thousand Barrels per Day),"U.S. Energy Information Administration (EIA), U.S. Imports by Country of Origin. https://www.eia.gov/dnav/pet/pet_move_impcus_a2_nus_ep00_im0_mbblpd_m.htm"
2010,4,importaciones_eeuu_productos_ven_tbpd,100.0,MBBL/D,MTPIMUSVE2,U.S. Imports from Venezuela of Total Petroleum Products (Thousand Barrels per Day),"U.S. Energy Information Administration (EIA), U.S. Imports by Country of Origin. https://www.eia.gov/dnav/pet/pet_move_impcus_a2_nus_ep00_im0_mbblpd_m.htm"
2010,5,importaciones_eeuu_productos_ven_tbpd,107.0,MBBL/D,MTPIMUSVE2,U.S. Imports from Venezuela of Total Petroleum Products (Thousand Barrels per Day),"U.S. Energy Information Administration (EIA), U.S. Imports by Country of Origin. https://www.eia.gov/dnav/pet/pet_move_impcus_a2_nus_ep00_im0_mbblpd_m.htm"
2010,6,importaciones_eeuu_productos_ven_tbpd,49.0,MBBL/D,MTPIMUSVE2,U.S. Imports from Venezuela of Total Petroleum Products (Thousand Barrels per Day),"U.S. Energy Information Administration (EIA), U.S. Imports by Country of Origin. https://www.eia.gov/dnav/pet/pet_move_impcus_a2_nus_ep00_im0_mbblpd_m.htm"
2010,7,importaciones_eeuu_productos_ven_tbpd,67.0,MBBL/D,MTPIMUSVE2,U.S. Imports from Venezuela of Total Petroleum Products (Thousand Barrels per Day),"U.S. Energy Information Administration (EIA), U.S. Imports by Country of Origin. https://www.eia.gov/dnav/pet/pet_move_impcus_a2_nus_ep00_im0_mbblpd_m.htm"
2010,8,importaciones_eeuu_productos_ven_tbpd,47.0,MBBL/D,MTPIMUSVE2,U.S. Imports from Venezuela of Total Petroleum Products (Thousand Barrels per Day),"U.S. Energy Information Administration (EIA), U.S. Imports by Country of Origin. https://www.eia.gov/dnav/pet/pet_move_impcus_a2_nus_ep00_im0_mbblpd_m.htm"
2010,9,importaciones_eeuu_productos_ven_tbpd,89.0,MBBL/D,MTPIMUSVE2,U.S. Imports from Venezuela of Total Petroleum Products (Thousand Barrels per Day),"U.S. Energy Information Administration (EIA), U.S. Imports by Country of Origin. https://www.eia.gov/dnav/pet/pet_move_impcus_a2_nus_ep00_im0_mbblpd_m.htm"
2010,10,importaciones_eeuu_productos_ven_tbpd,43.0,MBBL/D,MTPIMUSVE2,U.S. Imports from Venezuela of Total Petroleum Products (Thousand Barrels per Day),"U.S. Energy Information Administration (EIA), U.S. Imports by Country of Origin. https://www.eia.gov/dnav/pet/pet_move_impcus_a2_nus_ep00_im0_mbblpd_m.htm"
2010,11,importaciones_eeuu_productos_ven_tbpd,58.0,MBBL/D,MTPIMUSVE2,U.S. Imports from Venezuela of Total Petroleum Products (Thousand Barrels per Day),"U.S. Energy Information Administration (EIA), U.S. Imports by Country of Origin. https://www.eia.gov/dnav/pet/pet_move_impcus_a2_nus_ep00_im0_mbblpd_m.htm"
2010,12,importaciones_eeuu_productos_ven_tbpd,92.0,MBBL/D,MTPIMUSVE2,U.S. Imports from Venezuela of Total Petroleum Products (Thousand Barrels per Day),"U.S. Energy Information Administration (EIA), U.S. Imports by Country of Origin. https://www.eia.gov/dnav/pet/pet_move_impcus_a2_nus_ep00_im0_mbblpd_m.htm"
2011,1,importaciones_eeuu_productos_ven_tbpd,79.0,MBBL/D,MTPIMUSVE2,U.S. Imports from Venezuela of Total Petroleum Products (Thousand Barrels per Day),"U.S. Energy Information Administration (EIA), U.S. Imports by Country of Origin. https://www.eia.gov/dnav/pet/pet_move_impcus_a2_nus_ep00_im0_mbblpd_m.htm"
2011,2,importaciones_eeuu_productos_ven_tbpd,112.0,MBBL/D,MTPIMUSVE2,U.S. Imports from Venezuela of Total Petroleum Products (Thousand Barrels per Day),"U.S. Energy Information Administration (EIA), U.S. Imports by Country of Origin. https://www.eia.gov/dnav/pet/pet_move_impcus_a2_nus_ep00_im0_mbblpd_m.htm"
2011,3,importaciones_eeuu_productos_ven_tbpd,109.0,MBBL/D,MTPIMUSVE2,U.S. Imports from Venezuela of Total Petroleum Products (Thousand Barrels per Day),"U.S. Energy Information Administration (EIA), U.S. Imports by Country of Origin. https://www.eia.gov/dnav/pet/pet_move_impcus_a2_nus_ep00_im0_mbblpd_m.htm"
2011,4,importaciones_eeuu_productos_ven_tbpd,107.0,MBBL/D,MTPIMUSVE2,U.S. Imports from Venezuela of Total Petroleum Products (Thousand Barrels per Day),"U.S. Energy Information Administration (EIA), U.S. Imports by Country of Origin. https://www.eia.gov/dnav/pet/pet_move_impcus_a2_nus_ep00_im0_mbblpd_m.htm"
2011,5,importaciones_eeuu_productos_ven_tbpd,121.0,MBBL/D,MTPIMUSVE2,U.S. Imports from Venezuela of Total Petroleum Products (Thousand Barrels per Day),"U.S. Energy Information Administration (EIA), U.S. Imports by Country of Origin. https://www.eia.gov/dnav/pet/pet_move_impcus_a2_nus_ep00_im0_mbblpd_m.htm"
2011,6,importaciones_eeuu_productos_ven_tbpd,72.0,MBBL/D,MTPIMUSVE2,U.S. Imports from Venezuela of Total Petroleum Products (Thousand Barrels per Day),"U.S. Energy Information Administration (EIA), U.S. Imports by Country of Origin. https://www.eia.gov/dnav/pet/pet_move_impcus_a2_nus_ep00_im0_mbblpd_m.htm"
2011,7,importaciones_eeuu_productos_ven_tbpd,77.0,MBBL/D,MTPIMUSVE2,U.S. Imports from Venezuela of Total Petroleum Products (Thousand Barrels per Day),"U.S. Energy Information Administration (EIA), U.S. Imports by Country of Origin. https://www.eia.gov/dnav/pet/pet_move_impcus_a2_nus_ep00_im0_mbblpd_m.htm"
2011,8,importaciones_eeuu_productos_ven_tbpd,108.0,MBBL/D,MTPIMUSVE2,U.S. Imports from Venezuela of Total Petroleum Products (Thousand Barrels per Day),"U.S. Energy Information Administration (EIA), U.S. Imports by Country of Origin. https://www.eia.gov/dnav/pet/pet_move_impcus_a2_nus_ep00_im0_mbblpd_m.htm"
2011,9,importaciones_eeuu_productos_ven_tbpd,47.0,MBBL/D,MTPIMUSVE2,U.S. Imports from Venezuela of Total Petroleum Products (Thousand Barrels per Day),"U.S. Energy Information Administration (EIA), U.S. Imports by Country of Origin. https://www.eia.gov/dnav/pet/pet_move_impcus_a2_nus_ep00_im0_mbblpd_m.htm"
2011,10,importaciones_eeuu_productos_ven_tbpd,43.0,MBBL/D,MTPIMUSVE2,U.S. Imports from Venezuela of Total Petroleum Products (Thousand Barrels per Day),"U.S. Energy Information Administration (EIA), U.S. Imports by Country of Origin. https://www.eia.gov/dnav/pet/pet_move_impcus_a2_nus_ep00_im0_mbblpd_m.htm"
2011,11,importaciones_eeuu_productos_ven_tbpd,60.0,MBBL/D,MTPIMUSVE2,U.S. Imports from Venezuela of Total Petroleum Products (Thousand Barrels per Day),"U.S. Energy Information Administration (EIA), U.S. Imports by Country of Origin. https://www.eia.gov/dnav/pet/pet_move_impcus_a2_nus_ep00_im0_mbblpd_m.htm"
2011,12,importaciones_eeuu_productos_ven_tbpd,58.0,MBBL/D,MTPIMUSVE2,U.S. Imports from Venezuela of Total Petroleum Products (Thousand Barrels per Day),"U.S. Energy Information Administration (EIA), U.S. Imports by Country of Origin. https://www.eia.gov/dnav/pet/pet_move_impcus_a2_nus_ep00_im0_mbblpd_m.htm"
2012,1,importaciones_eeuu_productos_ven_tbpd,69.0,MBBL/D,MTPIMUSVE2,U.S. Imports from Venezuela of Total Petroleum Products (Thousand Barrels per Day),"U.S. Energy Information Administration (EIA), U.S. Imports by Country of Origin. https://www.eia.gov/dnav/pet/pet_move_impcus_a2_nus_ep00_im0_mbblpd_m.htm"
2012,2,importaciones_eeuu_productos_ven_tbpd,44.0,MBBL/D,MTPIMUSVE2,U.S. Imports from Venezuela of Total Petroleum Products (Thousand Barrels per Day),"U.S. Energy Information Administration (EIA), U.S. Imports by Country of Origin. https://www.eia.gov/dnav/pet/pet_move_impcus_a2_nus_ep00_im0_mbblpd_m.htm"
2012,3,importaciones_eeuu_productos_ven_tbpd,47.0,MBBL/D,MTPIMUSVE2,U.S. Imports from Venezuela of Total Petroleum Products (Thousand Barrels per Day),"U.S. Energy Information Administration (EIA), U.S. Imports by Country of Origin. https://www.eia.gov/dnav/pet/pet_move_impcus_a2_nus_ep00_im0_mbblpd_m.htm"
2012,4,importaciones_eeuu_productos_ven_tbpd,69.0,MBBL/D,MTPIMUSVE2,U.S. Imports from Venezuela of Total Petroleum Products (Thousand Barrels per Day),"U.S. Energy Information Administration (EIA), U.S. Imports by Country of Origin. https://www.eia.gov/dnav/pet/pet_move_impcus_a2_nus_ep00_im0_mbblpd_m.htm"
2012,5,importaciones_eeuu_productos_ven_tbpd,40.0,MBBL/D,MTPIMUSVE2,U.S. Imports from Venezuela of Total Petroleum Products (Thousand Barrels per Day),"U.S. Energy Information Administration (EIA), U.S. Imports by Country of Origin. https://www.eia.gov/dnav/pet/pet_move_impcus_a2_nus_ep00_im0_mbblpd_m.htm"
2012,6,importaciones_eeuu_productos_ven_tbpd,38.0,MBBL/D,MTPIMUSVE2,U.S. Imports from Venezuela of Total Petroleum Products (Thousand Barrels per Day),"U.S. Energy Information Administration (EIA), U.S. Imports by Country of Origin. https://www.eia.gov/dnav/pet/pet_move_impcus_a2_nus_ep00_im0_mbblpd_m.htm"
2012,7,importaciones_eeuu_productos_ven_tbpd,47.0,MBBL/D,MTPIMUSVE2,U.S. Imports from Venezuela of Total Petroleum Products (Thousand Barrels per Day),"U.S. Energy Information Administration (EIA), U.S. Imports by Country of Origin. https://www.eia.gov/dnav/pet/pet_move_impcus_a2_nus_ep00_im0_mbblpd_m.htm"
2012,8,importaciones_eeuu_productos_ven_tbpd,71.0,MBBL/D,MTPIMUSVE2,U.S. Imports from Venezuela of Total Petroleum Products (Thousand Barrels per Day),"U.S. Energy Information Administration (EIA), U.S. Imports by Country of Origin. https://www.eia.gov/dnav/pet/pet_move_impcus_a2_nus_ep00_im0_mbblpd_m.htm"
2012,9,importaciones_eeuu_productos_ven_tbpd,36.0,MBBL/D,MTPIMUSVE2,U.S. Imports from Venezuela of Total Petroleum Products (Thousand Barrels per Day),"U.S. Energy Information Administration (EIA), U.S. Imports by Country of Origin. https://www.eia.gov/dnav/pet/pet_move_impcus_a2_nus_ep00_im0_mbblpd_m.htm"
2012,10,importaciones_eeuu_productos_ven_tbpd,23.0,MBBL/D,MTPIMUSVE2,U.S. Imports from Venezuela of Total Petroleum Products (Thousand Barrels per Day),"U.S. Energy Information Administration (EIA), U.S. Imports by Country of Origin. https://www.eia.gov/dnav/pet/pet_move_impcus_a2_nus_ep00_im0_mbblpd_m.htm"
2012,11,importaciones_eeuu_productos_ven_tbpd,44.0,MBBL/D,MTPIMUSVE2,U.S. Imports from Venezuela of Total Petroleum Products (Thousand Barrels per Day),"U.S. Energy Information Administration (EIA), U.S. Imports by Country of Origin. https://www.eia.gov/dnav/pet/pet_move_impcus_a2_nus_ep00_im0_mbblpd_m.htm"
2012,12,importaciones_eeuu_productos_ven_tbpd,37.0,MBBL/D,MTPIMUSVE2,U.S. Imports from Venezuela of Total Petroleum Products (Thousand Barrels per Day),"U.S. Energy Information Administration (EIA), U.S. Imports by Country of Origin. https://www.eia.gov/dnav/pet/pet_move_impcus_a2_nus_ep00_im0_mbblpd_m.htm"
2013,1,importaciones_eeuu_productos_ven_tbpd,42.0,MBBL/D,MTPIMUSVE2,U.S. Imports from Venezuela of Total Petroleum Products (Thousand Barrels per Day),"U.S. Energy Information Administration (EIA), U.S. Imports by Country of Origin. https://www.eia.gov/dnav/pet/pet_move_impcus_a2_nus_ep00_im0_mbblpd_m.htm"
2013,2,importaciones_eeuu_productos_ven_tbpd,36.0,MBBL/D,MTPIMUSVE2,U.S. Imports from Venezuela of Total Petroleum Products (Thousand Barrels per Day),"U.S. Energy Information Administration (EIA), U.S. Imports by Country of Origin. https://www.eia.gov/dnav/pet/pet_move_impcus_a2_nus_ep00_im0_mbblpd_m.htm"
2013,3,importaciones_eeuu_productos_ven_tbpd,38.0,MBBL/D,MTPIMUSVE2,U.S. Imports from Venezuela of Total Petroleum Products (Thousand Barrels per Day),"U.S. Energy Information Administration (EIA), U.S. Imports by Country of Origin. https://www.eia.gov/dnav/pet/pet_move_impcus_a2_nus_ep00_im0_mbblpd_m.htm"
2013,4,importaciones_eeuu_productos_ven_tbpd,54.0,MBBL/D,MTPIMUSVE2,U.S. Imports from Venezuela of Total Petroleum Products (Thousand Barrels per Day),"U.S. Energy Information Administration (EIA), U.S. Imports by Country of Origin. https://www.eia.gov/dnav/pet/pet_move_impcus_a2_nus_ep00_im0_mbblpd_m.htm"
2013,5,importaciones_eeuu_productos_ven_tbpd,65.0,MBBL/D,MTPIMUSVE2,U.S. Imports from Venezuela of Total Petroleum Products (Thousand Barrels per Day),"U.S. Energy Information Administration (EIA), U.S. Imports by Country of Origin. https://www.eia.gov/dnav/pet/pet_move_impcus_a2_nus_ep00_im0_mbblpd_m.htm"
2013,6,importaciones_eeuu_productos_ven_tbpd,61.0,MBBL/D,MTPIMUSVE2,U.S. Imports from Venezuela of Total Petroleum Products (Thousand Barrels per Day),"U.S. Energy Information Administration (EIA), U.S. Imports by Country of Origin. https://www.eia.gov/dnav/pet/pet_move_impcus_a2_nus_ep00_im0_mbblpd_m.htm"
2013,7,importaciones_eeuu_productos_ven_tbpd,62.0,MBBL/D,MTPIMUSVE2,U.S. Imports from Venezuela of Total Petroleum Products (Thousand Barrels per Day),"U.S. Energy Information Administration (EIA), U.S. Imports by Country of Origin. https://www.eia.gov/dnav/pet/pet_move_impcus_a2_nus_ep00_im0_mbblpd_m.htm"
2013,8,importaciones_eeuu_productos_ven_tbpd,75.0,MBBL/D,MTPIMUSVE2,U.S. Imports from Venezuela of Total Petroleum Products (Thousand Barrels per Day),"U.S. Energy Information Administration (EIA), U.S. Imports by Country of Origin. https://www.eia.gov/dnav/pet/pet_move_impcus_a2_nus_ep00_im0_mbblpd_m.htm"
2013,9,importaciones_eeuu_productos_ven_tbpd,60.0,MBBL/D,MTPIMUSVE2,U.S. Imports from Venezuela of Total Petroleum Products (Thousand Barrels per Day),"U.S. Energy Information Administration (EIA), U.S. Imports by Country of Origin. https://www.eia.gov/dnav/pet/pet_move_impcus_a2_nus_ep00_im0_mbblpd_m.htm"
2013,10,importaciones_eeuu_productos_ven_tbpd,38.0,MBBL/D,MTPIMUSVE2,U.S. Imports from Venezuela of Total Petroleum Products (Thousand Barrels per Day),"U.S. Energy Information Administration (EIA), U.S. Imports by Country of Origin. https://www.eia.gov/dnav/pet/pet_move_impcus_a2_nus_ep00_im0_mbblpd_m.htm"
2013,11,importaciones_eeuu_productos_ven_tbpd,37.0,MBBL/D,MTPIMUSVE2,U.S. Imports from Venezuela of Total Petroleum Products (Thousand Barrels per Day),"U.S. Energy Information Administration (EIA), U.S. Imports by Country of Origin. https://www.eia.gov/dnav/pet/pet_move_impcus_a2_nus_ep00_im0_mbblpd_m.htm"
2013,12,importaciones_eeuu_productos_ven_tbpd,49.0,MBBL/D,MTPIMUSVE2,U.S. Imports from Venezuela of Total Petroleum Products (Thousand Barrels per Day),"U.S. Energy Information Administration (EIA), U.S. Imports by Country of Origin. https://www.eia.gov/dnav/pet/pet_move_impcus_a2_nus_ep00_im0_mbblpd_m.htm"
2014,1,importaciones_eeuu_productos_ven_tbpd,26.0,MBBL/D,MTPIMUSVE2,U.S. Imports from Venezuela of Total Petroleum Products (Thousand Barrels per Day),"U.S. Energy Information Administration (EIA), U.S. Imports by Country of Origin. https://www.eia.gov/dnav/pet/pet_move_impcus_a2_nus_ep00_im0_mbblpd_m.htm"
2014,2,importaciones_eeuu_productos_ven_tbpd,50.0,MBBL/D,MTPIMUSVE2,U.S. Imports from Venezuela of Total Petroleum Products (Thousand Barrels per Day),"U.S. Energy Information Administration (EIA), U.S. Imports by Country of Origin. https://www.eia.gov/dnav/pet/pet_move_impcus_a2_nus_ep00_im0_mbblpd_m.htm"
2014,3,importaciones_eeuu_productos_ven_tbpd,47.0,MBBL/D,MTPIMUSVE2,U.S. Imports from Venezuela of Total Petroleum Products (Thousand Barrels per Day),"U.S. Energy Information Administration (EIA), U.S. Imports by Country of Origin. https://www.eia.gov/dnav/pet/pet_move_impcus_a2_nus_ep00_im0_mbblpd_m.htm"
2014,4,importaciones_eeuu_productos_ven_tbpd,73.0,MBBL/D,MTPIMUSVE2,U.S. Imports from Venezuela of Total Petroleum Products (Thousand Barrels per Day),"U.S. Energy Information Administration (EIA), U.S. Imports by Country of Origin. https://www.eia.gov/dnav/pet/pet_move_impcus_a2_nus_ep00_im0_mbblpd_m.htm"
2014,5,importaciones_eeuu_productos_ven_tbpd,56.0,MBBL/D,MTPIMUSVE2,U.S. Imports from Venezuela of Total Petroleum Products (Thousand Barrels per Day),"U.S. Energy Information Administration (EIA), U.S. Imports by Country of Origin. https://www.eia.gov/dnav/pet/pet_move_impcus_a2_nus_ep00_im0_mbblpd_m.htm"
2014,6,importaciones_eeuu_productos_ven_tbpd,49.0,MBBL/D,MTPIMUSVE2,U.S. Imports from Venezuela of Total Petroleum Products (Thousand Barrels per Day),"U.S. Energy Information Administration (EIA), U.S. Imports by Country of Origin. https://www.eia.gov/dnav/pet/pet_move_impcus_a2_nus_ep00_im0_mbblpd_m.htm"
2014,7,importaciones_eeuu_productos_ven_tbpd,50.0,MBBL/D,MTPIMUSVE2,U.S. Imports from Venezuela of Total Petroleum Products (Thousand Barrels per Day),"U.S. Energy Information Administration (EIA), U.S. Imports by Country of Origin. https://www.eia.gov/dnav/pet/pet_move_impcus_a2_nus_ep00_im0_mbblpd_m.htm"
2014,8,importaciones_eeuu_productos_ven_tbpd,63.0,MBBL/D,MTPIMUSVE2,U.S. Imports from Venezuela of Total Petroleum Products (Thousand Barrels per Day),"U.S. Energy Information Administration (EIA), U.S. Imports by Country of Origin. https://www.eia.gov/dnav/pet/pet_move_impcus_a2_nus_ep00_im0_mbblpd_m.htm"
2014,9,importaciones_eeuu_productos_ven_tbpd,68.0,MBBL/D,MTPIMUSVE2,U.S. Imports from Venezuela of Total Petroleum Products (Thousand Barrels per Day),"U.S. Energy Information Administration (EIA), U.S. Imports by Country of Origin. https://www.eia.gov/dnav/pet/pet_move_impcus_a2_nus_ep00_im0_mbblpd_m.htm"
2014,10,importaciones_eeuu_productos_ven_tbpd,75.0,MBBL/D,MTPIMUSVE2,U.S. Imports from Venezuela of Total Petroleum Products (Thousand Barrels per Day),"U.S. Energy Information Administration (EIA), U.S. Imports by Country of Origin. https://www.eia.gov/dnav/pet/pet_move_impcus_a2_nus_ep00_im0_mbblpd_m.htm"
2014,11,importaciones_eeuu_productos_ven_tbpd,56.0,MBBL/D,MTPIMUSVE2,U.S. Imports from Venezuela of Total Petroleum Products (Thousand Barrels per Day),"U.S. Energy Information Administration (EIA), U.S. Imports by Country of Origin. https://www.eia.gov/dnav/pet/pet_move_impcus_a2_nus_ep00_im0_mbblpd_m.htm"
2014,12,importaciones_eeuu_productos_ven_tbpd,63.0,MBBL/D,MTPIMUSVE2,U.S. Imports from Venezuela of Total Petroleum Products (Thousand Barrels per Day),"U.S. Energy Information Administration (EIA), U.S. Imports by Country of Origin. https://www.eia.gov/dnav/pet/pet_move_impcus_a2_nus_ep00_im0_mbblpd_m.htm"
2015,1,importaciones_eeuu_productos_ven_tbpd,56.0,MBBL/D,MTPIMUSVE2,U.S. Imports from Venezuela of Total Petroleum Products (Thousand Barrels per Day),"U.S. Energy Information Administration (EIA), U.S. Imports by Country of Origin. https://www.eia.gov/dnav/pet/pet_move_impcus_a2_nus_ep00_im0_mbblpd_m.htm"
2015,2,importaciones_eeuu_productos_ven_tbpd,47.0,MBBL/D,MTPIMUSVE2,U.S. Imports from Venezuela of Total Petroleum Products (Thousand Barrels per Day),"U.S. Energy Information Administration (EIA), U.S. Imports by Country of Origin. https://www.eia.gov/dnav/pet/pet_move_impcus_a2_nus_ep00_im0_mbblpd_m.htm"
2015,3,importaciones_eeuu_productos_ven_tbpd,46.0,MBBL/D,MTPIMUSVE2,U.S. Imports from Venezuela of Total Petroleum Products (Thousand Barrels per Day),"U.S. Energy Information Administration (EIA), U.S. Imports by Country of Origin. https://www.eia.gov/dnav/pet/pet_move_impcus_a2_nus_ep00_im0_mbblpd_m.htm"
2015,4,importaciones_eeuu_productos_ven_tbpd,55.0,MBBL/D,MTPIMUSVE2,U.S. Imports from Venezuela of Total Petroleum Products (Thousand Barrels per Day),"U.S. Energy Information Administration (EIA), U.S. Imports by Country of Origin. https://www.eia.gov/dnav/pet/pet_move_impcus_a2_nus_ep00_im0_mbblpd_m.htm"
2015,5,importaciones_eeuu_productos_ven_tbpd,48.0,MBBL/D,MTPIMUSVE2,U.S. Imports from Venezuela of Total Petroleum Products (Thousand Barrels per Day),"U.S. Energy Information Administration (EIA), U.S. Imports by Country of Origin. https://www.eia.gov/dnav/pet/pet_move_impcus_a2_nus_ep00_im0_mbblpd_m.htm"
2015,6,importaciones_eeuu_productos_ven_tbpd,56.0,MBBL/D,MTPIMUSVE2,U.S. Imports from Venezuela of Total Petroleum Products (Thousand Barrels per Day),"U.S. Energy Information Administration (EIA), U.S. Imports by Country of Origin. https://www.eia.gov/dnav/pet/pet_move_impcus_a2_nus_ep00_im0_mbblpd_m.htm"
2015,7,importaciones_eeuu_productos_ven_tbpd,30.0,MBBL/D,MTPIMUSVE2,U.S. Imports from Venezuela of Total Petroleum Products (Thousand Barrels per Day),"U.S. Energy Information Administration (EIA), U.S. Imports by Country of Origin. https://www.eia.gov/dnav/pet/pet_move_impcus_a2_nus_ep00_im0_mbblpd_m.htm"
2015,8,importaciones_eeuu_productos_ven_tbpd,85.0,MBBL/D,MTPIMUSVE2,U.S. Imports from Venezuela of Total Petroleum Products (Thousand Barrels per Day),"U.S. Energy Information Administration (EIA), U.S. Imports by Country of Origin. https://www.eia.gov/dnav/pet/pet_move_impcus_a2_nus_ep00_im0_mbblpd_m.htm"
2015,9,importaciones_eeuu_productos_ven_tbpd,30.0,MBBL/D,MTPIMUSVE2,U.S. Imports from Venezuela of Total Petroleum Products (Thousand Barrels per Day),"U.S. Energy Information Administration (EIA), U.S. Imports by Country of Origin. https://www.eia.gov/dnav/pet/pet_move_impcus_a2_nus_ep00_im0_mbblpd_m.htm"
2015,10,importaciones_eeuu_productos_ven_tbpd,54.0,MBBL/D,MTPIMUSVE2,U.S. Imports from Venezuela of Total Petroleum Products (Thousand Barrels per Day),"U.S. Energy Information Administration (EIA), U.S. Imports by Country of Origin. https://www.eia.gov/dnav/pet/pet_move_impcus_a2_nus_ep00_im0_mbblpd_m.htm"
2015,11,importaciones_eeuu_productos_ven_tbpd,44.0,MBBL/D,MTPIMUSVE2,U.S. Imports from Venezuela of Total Petroleum Products (Thousand Barrels per Day),"U.S. Energy Information Administration (EIA), U.S. Imports by Country of Origin. https://www.eia.gov/dnav/pet/pet_move_impcus_a2_nus_ep00_im0_mbblpd_m.htm"
2015,12,importaciones_eeuu_productos_ven_tbpd,59.0,MBBL/D,MTPIMUSVE2,U.S. Imports from Venezuela of Total Petroleum Products (Thousand Barrels per Day),"U.S. Energy Information Administration (EIA), U.S. Imports by Country of Origin. https://www.eia.gov/dnav/pet/pet_move_impcus_a2_nus_ep00_im0_mbblpd_m.htm"
2016,1,importaciones_eeuu_productos_ven_tbpd,52.0,MBBL/D,MTPIMUSVE2,U.S. Imports from Venezuela of Total Petroleum Products (Thousand Barrels per Day),"U.S. Energy Information Administration (EIA), U.S. Imports by Country of Origin. https://www.eia.gov/dnav/pet/pet_move_impcus_a2_nus_ep00_im0_mbblpd_m.htm"
2016,2,importaciones_eeuu_productos_ven_tbpd,48.0,MBBL/D,MTPIMUSVE2,U.S. Imports from Venezuela of Total Petroleum Products (Thousand Barrels per Day),"U.S. Energy Information Administration (EIA), U.S. Imports by Country of Origin. https://www.eia.gov/dnav/pet/pet_move_impcus_a2_nus_ep00_im0_mbblpd_m.htm"
2016,3,importaciones_eeuu_productos_ven_tbpd,73.0,MBBL/D,MTPIMUSVE2,U.S. Imports from Venezuela of Total Petroleum Products (Thousand Barrels per Day),"U.S. Energy Information Administration (EIA), U.S. Imports by Country of Origin. https://www.eia.gov/dnav/pet/pet_move_impcus_a2_nus_ep00_im0_mbblpd_m.htm"
2016,4,importaciones_eeuu_productos_ven_tbpd,47.0,MBBL/D,MTPIMUSVE2,U.S. Imports from Venezuela of Total Petroleum Products (Thousand Barrels per Day),"U.S. Energy Information Administration (EIA), U.S. Imports by Country of Origin. https://www.eia.gov/dnav/pet/pet_move_impcus_a2_nus_ep00_im0_mbblpd_m.htm"
2016,5,importaciones_eeuu_productos_ven_tbpd,36.0,MBBL/D,MTPIMUSVE2,U.S. Imports from Venezuela of Total Petroleum Products (Thousand Barrels per Day),"U.S. Energy Information Administration (EIA), U.S. Imports by Country of Origin. https://www.eia.gov/dnav/pet/pet_move_impcus_a2_nus_ep00_im0_mbblpd_m.htm"
2016,6,importaciones_eeuu_productos_ven_tbpd,75.0,MBBL/D,MTPIMUSVE2,U.S. Imports from Venezuela of Total Petroleum Products (Thousand Barrels per Day),"U.S. Energy Information Administration (EIA), U.S. Imports by Country of Origin. https://www.eia.gov/dnav/pet/pet_move_impcus_a2_nus_ep00_im0_mbblpd_m.htm"
2016,7,importaciones_eeuu_productos_ven_tbpd,83.0,MBBL/D,MTPIMUSVE2,U.S. Imports from Venezuela of Total Petroleum Products (Thousand Barrels per Day),"U.S. Energy Information Administration (EIA), U.S. Imports by Country of Origin. https://www.eia.gov/dnav/pet/pet_move_impcus_a2_nus_ep00_im0_mbblpd_m.htm"
2016,8,importaciones_eeuu_productos_ven_tbpd,58.0,MBBL/D,MTPIMUSVE2,U.S. Imports from Venezuela of Total Petroleum Products (Thousand Barrels per Day),"U.S. Energy Information Administration (EIA), U.S. Imports by Country of Origin. https://www.eia.gov/dnav/pet/pet_move_impcus_a2_nus_ep00_im0_mbblpd_m.htm"
2016,9,importaciones_eeuu_productos_ven_tbpd,48.0,MBBL/D,MTPIMUSVE2,U.S. Imports from Venezuela of Total Petroleum Products (Thousand Barrels per Day),"U.S. Energy Information Administration (EIA), U.S. Imports by Country of Origin. https://www.eia.gov/dnav/pet/pet_move_impcus_a2_nus_ep00_im0_mbblpd_m.htm"
2016,10,importaciones_eeuu_productos_ven_tbpd,17.0,MBBL/D,MTPIMUSVE2,U.S. Imports from Venezuela of Total Petroleum Products (Thousand Barrels per Day),"U.S. Energy Information Administration (EIA), U.S. Imports by Country of Origin. https://www.eia.gov/dnav/pet/pet_move_impcus_a2_nus_ep00_im0_mbblpd_m.htm"
2016,11,importaciones_eeuu_productos_ven_tbpd,51.0,MBBL/D,MTPIMUSVE2,U.S. Imports from Venezuela of Total Petroleum Products (Thousand Barrels per Day),"U.S. Energy Information Administration (EIA), U.S. Imports by Country of Origin. https://www.eia.gov/dnav/pet/pet_move_impcus_a2_nus_ep00_im0_mbblpd_m.htm"
2016,12,importaciones_eeuu_productos_ven_tbpd,71.0,MBBL/D,MTPIMUSVE2,U.S. Imports from Venezuela of Total Petroleum Products (Thousand Barrels per Day),"U.S. Energy Information Administration (EIA), U.S. Imports by Country of Origin. https://www.eia.gov/dnav/pet/pet_move_impcus_a2_nus_ep00_im0_mbblpd_m.htm"
2017,1,importaciones_eeuu_productos_ven_tbpd,45.0,MBBL/D,MTPIMUSVE2,U.S. Imports from Venezuela of Total Petroleum Products (Thousand Barrels per Day),"U.S. Energy Information Administration (EIA), U.S. Imports by Country of Origin. https://www.eia.gov/dnav/pet/pet_move_impcus_a2_nus_ep00_im0_mbblpd_m.htm"
2017,2,importaciones_eeuu_productos_ven_tbpd,72.0,MBBL/D,MTPIMUSVE2,U.S. Imports from Venezuela of Total Petroleum Products (Thousand Barrels per Day),"U.S. Energy Information Administration (EIA), U.S. Imports by Country of Origin. https://www.eia.gov/dnav/pet/pet_move_impcus_a2_nus_ep00_im0_mbblpd_m.htm"
2017,3,importaciones_eeuu_productos_ven_tbpd,63.0,MBBL/D,MTPIMUSVE2,U.S. Imports from Venezuela of Total Petroleum Products (Thousand Barrels per Day),"U.S. Energy Information Administration (EIA), U.S. Imports by Country of Origin. https://www.eia.gov/dnav/pet/pet_move_impcus_a2_nus_ep00_im0_mbblpd_m.htm"
2017,4,importaciones_eeuu_productos_ven_tbpd,45.0,MBBL/D,MTPIMUSVE2,U.S. Imports from Venezuela of Total Petroleum Products (Thousand Barrels per Day),"U.S. Energy Information Administration (EIA), U.S. Imports by Country of Origin. https://www.eia.gov/dnav/pet/pet_move_impcus_a2_nus_ep00_im0_mbblpd_m.htm"
2017,5,importaciones_eeuu_productos_ven_tbpd,58.0,MBBL/D,MTPIMUSVE2,U.S. Imports from Venezuela of Total Petroleum Products (Thousand Barrels per Day),"U.S. Energy Information Administration (EIA), U.S. Imports by Country of Origin. https://www.eia.gov/dnav/pet/pet_move_impcus_a2_nus_ep00_im0_mbblpd_m.htm"
2017,6,importaciones_eeuu_productos_ven_tbpd,47.0,MBBL/D,MTPIMUSVE2,U.S. Imports from Venezuela of Total Petroleum Products (Thousand Barrels per Day),"U.S. Energy Information Administration (EIA), U.S. Imports by Country of Origin. https://www.eia.gov/dnav/pet/pet_move_impcus_a2_nus_ep00_im0_mbblpd_m.htm"
2017,7,importaciones_eeuu_productos_ven_tbpd,31.0,MBBL/D,MTPIMUSVE2,U.S. Imports from Venezuela of Total Petroleum Products (Thousand Barrels per Day),"U.S. Energy Information Administration (EIA), U.S. Imports by Country of Origin. https://www.eia.gov/dnav/pet/pet_move_impcus_a2_nus_ep00_im0_mbblpd_m.htm"
2017,8,importaciones_eeuu_productos_ven_tbpd,51.0,MBBL/D,MTPIMUSVE2,U.S. Imports from Venezuela of Total Petroleum Products (Thousand Barrels per Day),"U.S. Energy Information Administration (EIA), U.S. Imports by Country of Origin. https://www.eia.gov/dnav/pet/pet_move_impcus_a2_nus_ep00_im0_mbblpd_m.htm"
2017,9,importaciones_eeuu_productos_ven_tbpd,75.0,MBBL/D,MTPIMUSVE2,U.S. Imports from Venezuela of Total Petroleum Products (Thousand Barrels per Day),"U.S. Energy Information Administration (EIA), U.S. Imports by Country of Origin. https://www.eia.gov/dnav/pet/pet_move_impcus_a2_nus_ep00_im0_mbblpd_m.htm"
2017,10,importaciones_eeuu_productos_ven_tbpd,51.0,MBBL/D,MTPIMUSVE2,U.S. Imports from Venezuela of Total Petroleum Products (Thousand Barrels per Day),"U.S. Energy Information Administration (EIA), U.S. Imports by Country of Origin. https://www.eia.gov/dnav/pet/pet_move_impcus_a2_nus_ep00_im0_mbblpd_m.htm"
2017,11,importaciones_eeuu_productos_ven_tbpd,53.0,MBBL/D,MTPIMUSVE2,U.S. Imports from Venezuela of Total Petroleum Products (Thousand Barrels per Day),"U.S. Energy Information Administration (EIA), U.S. Imports by Country of Origin. https://www.eia.gov/dnav/pet/pet_move_impcus_a2_nus_ep00_im0_mbblpd_m.htm"
2017,12,importaciones_eeuu_productos_ven_tbpd,76.0,MBBL/D,MTPIMUSVE2,U.S. Imports from Venezuela of Total Petroleum Products (Thousand Barrels per Day),"U.S. Energy Information Administration (EIA), U.S. Imports by Country of Origin. https://www.eia.gov/dnav/pet/pet_move_impcus_a2_nus_ep00_im0_mbblpd_m.htm"
2018,1,importaciones_eeuu_productos_ven_tbpd,90.0,MBBL/D,MTPIMUSVE2,U.S. Imports from Venezuela of Total Petroleum Products (Thousand Barrels per Day),"U.S. Energy Information Administration (EIA), U.S. Imports by Country of Origin. https://www.eia.gov/dnav/pet/pet_move_impcus_a2_nus_ep00_im0_mbblpd_m.htm"
2018,2,importaciones_eeuu_productos_ven_tbpd,62.0,MBBL/D,MTPIMUSVE2,U.S. Imports from Venezuela of Total Petroleum Products (Thousand Barrels per Day),"U.S. Energy Information Administration (EIA), U.S. Imports by Country of Origin. https://www.eia.gov/dnav/pet/pet_move_impcus_a2_nus_ep00_im0_mbblpd_m.htm"
2018,3,importaciones_eeuu_productos_ven_tbpd,80.0,MBBL/D,MTPIMUSVE2,U.S. Imports from Venezuela of Total Petroleum Products (Thousand Barrels per Day),"U.S. Energy Information Administration (EIA), U.S. Imports by Country of Origin. https://www.eia.gov/dnav/pet/pet_move_impcus_a2_nus_ep00_im0_mbblpd_m.htm"
2018,4,importaciones_eeuu_productos_ven_tbpd,70.0,MBBL/D,MTPIMUSVE2,U.S. Imports from Venezuela of Total Petroleum Products (Thousand Barrels per Day),"U.S. Energy Information Administration (EIA), U.S. Imports by Country of Origin. https://www.eia.gov/dnav/pet/pet_move_impcus_a2_nus_ep00_im0_mbblpd_m.htm"
2018,5,importaciones_eeuu_productos_ven_tbpd,69.0,MBBL/D,MTPIMUSVE2,U.S. Imports from Venezuela of Total Petroleum Products (Thousand Barrels per Day),"U.S. Energy Information Administration (EIA), U.S. Imports by Country of Origin. https://www.eia.gov/dnav/pet/pet_move_impcus_a2_nus_ep00_im0_mbblpd_m.htm"
2018,6,importaciones_eeuu_productos_ven_tbpd,91.0,MBBL/D,MTPIMUSVE2,U.S. Imports from Venezuela of Total Petroleum Products (Thousand Barrels per Day),"U.S. Energy Information Administration (EIA), U.S. Imports by Country of Origin. https://www.eia.gov/dnav/pet/pet_move_impcus_a2_nus_ep00_im0_mbblpd_m.htm"
2018,7,importaciones_eeuu_productos_ven_tbpd,120.0,MBBL/D,MTPIMUSVE2,U.S. Imports from Venezuela of Total Petroleum Products (Thousand Barrels per Day),"U.S. Energy Information Administration (EIA), U.S. Imports by Country of Origin. https://www.eia.gov/dnav/pet/pet_move_impcus_a2_nus_ep00_im0_mbblpd_m.htm"
2018,8,importaciones_eeuu_productos_ven_tbpd,130.0,MBBL/D,MTPIMUSVE2,U.S. Imports from Venezuela of Total Petroleum Products (Thousand Barrels per Day),"U.S. Energy Information Administration (EIA), U.S. Imports by Country of Origin. https://www.eia.gov/dnav/pet/pet_move_impcus_a2_nus_ep00_im0_mbblpd_m.htm"
2018,9,importaciones_eeuu_productos_ven_tbpd,57.0,MBBL/D,MTPIMUSVE2,U.S. Imports from Venezuela of Total Petroleum Products (Thousand Barrels per Day),"U.S. Energy Information Administration (EIA), U.S. Imports by Country of Origin. https://www.eia.gov/dnav/pet/pet_move_impcus_a2_nus_ep00_im0_mbblpd_m.htm"
2018,10,importaciones_eeuu_productos_ven_tbpd,64.0,MBBL/D,MTPIMUSVE2,U.S. Imports from Venezuela of Total Petroleum Products (Thousand Barrels per Day),"U.S. Energy Information Administration (EIA), U.S. Imports by Country of Origin. https://www.eia.gov/dnav/pet/pet_move_impcus_a2_nus_ep00_im0_mbblpd_m.htm"
2018,11,importaciones_eeuu_productos_ven_tbpd,52.0,MBBL/D,MTPIMUSVE2,U.S. Imports from Venezuela of Total Petroleum Products (Thousand Barrels per Day),"U.S. Energy Information Administration (EIA), U.S. Imports by Country of Origin. https://www.eia.gov/dnav/pet/pet_move_impcus_a2_nus_ep00_im0_mbblpd_m.htm"
2018,12,importaciones_eeuu_productos_ven_tbpd,75.0,MBBL/D,MTPIMUSVE2,U.S. Imports from Venezuela of Total Petroleum Products (Thousand Barrels per Day),"U.S. Energy Information Administration (EIA), U.S. Imports by Country of Origin. https://www.eia.gov/dnav/pet/pet_move_impcus_a2_nus_ep00_im0_mbblpd_m.htm"
2019,1,importaciones_eeuu_productos_ven_tbpd,72.0,MBBL/D,MTPIMUSVE2,U.S. Imports from Venezuela of Total Petroleum Products (Thousand Barrels per Day),"U.S. Energy Information Administration (EIA), U.S. Imports by Country of Origin. https://www.eia.gov/dnav/pet/pet_move_impcus_a2_nus_ep00_im0_mbblpd_m.htm"
2019,2,importaciones_eeuu_productos_ven_tbpd,47.0,MBBL/D,MTPIMUSVE2,U.S. Imports from Venezuela of Total Petroleum Products (Thousand Barrels per Day),"U.S. Energy Information Administration (EIA), U.S. Imports by Country of Origin. https://www.eia.gov/dnav/pet/pet_move_impcus_a2_nus_ep00_im0_mbblpd_m.htm"
2019,3,importaciones_eeuu_productos_ven_tbpd,22.0,MBBL/D,MTPIMUSVE2,U.S. Imports from Venezuela of Total Petroleum Products (Thousand Barrels per Day),"U.S. Energy Information Administration (EIA), U.S. Imports by Country of Origin. https://www.eia.gov/dnav/pet/pet_move_impcus_a2_nus_ep00_im0_mbblpd_m.htm"
2019,6,importaciones_eeuu_productos_ven_tbpd,0.0,MBBL/D,MTPIMUSVE2,U.S. Imports from Venezuela of Total Petroleum Products (Thousand Barrels per Day),"U.S. Energy Information Administration (EIA), U.S. Imports by Country of Origin. https://www.eia.gov/dnav/pet/pet_move_impcus_a2_nus_ep00_im0_mbblpd_m.htm"
2023,12,importaciones_eeuu_productos_ven_tbpd,3.0,MBBL/D,MTPIMUSVE2,U.S. Imports from Venezuela of Total Petroleum Products (Thousand Barrels per Day),"U.S. Energy Information Administration (EIA), U.S. Imports by Country of Origin. https://www.eia.gov/dnav/pet/pet_move_impcus_a2_nus_ep00_im0_mbblpd_m.htm"
2024,1,importaciones_eeuu_productos_ven_tbpd,7.0,MBBL/D,MTPIMUSVE2,U.S. Imports from Venezuela of Total Petroleum Products (Thousand Barrels per Day),"U.S. Energy Information Administration (EIA), U.S. Imports by Country of Origin. https://www.eia.gov/dnav/pet/pet_move_impcus_a2_nus_ep00_im0_mbblpd_m.htm"
2024,2,importaciones_eeuu_productos_ven_tbpd,0.0,MBBL/D,MTPIMUSVE2,U.S. Imports from Venezuela of Total Petroleum Products (Thousand Barrels per Day),"U.S. Energy Information Administration (EIA), U.S. Imports by Country of Origin. https://www.eia.gov/dnav/pet/pet_move_impcus_a2_nus_ep00_im0_mbblpd_m.htm"
2024,3,importaciones_eeuu_productos_ven_tbpd,3.0,MBBL/D,MTPIMUSVE2,U.S. Imports from Venezuela of Total Petroleum Products (Thousand Barrels per Day),"U.S. Energy Information Administration (EIA), U.S. Imports by Country of Origin. https://www.eia.gov/dnav/pet/pet_move_impcus_a2_nus_ep00_im0_mbblpd_m.htm"
2024,4,importaciones_eeuu_productos_ven_tbpd,4.0,MBBL/D,MTPIMUSVE2,U.S. Imports from Venezuela of Total Petroleum Products (Thousand Barrels per Day),"U.S. Energy Information Administration (EIA), U.S. Imports by Country of Origin. https://www.eia.gov/dnav/pet/pet_move_impcus_a2_nus_ep00_im0_mbblpd_m.htm"
2024,5,importaciones_eeuu_productos_ven_tbpd,18.0,MBBL/D,MTPIMUSVE2,U.S. Imports from Venezuela of Total Petroleum Products (Thousand Barrels per Day),"U.S. Energy Information Administration (EIA), U.S. Imports by Country of Origin. https://www.eia.gov/dnav/pet/pet_move_impcus_a2_nus_ep00_im0_mbblpd_m.htm"
2024,7,importaciones_eeuu_productos_ven_tbpd,4.0,MBBL/D,MTPIMUSVE2,U.S. Imports from Venezuela of Total Petroleum Products (Thousand Barrels per Day),"U.S. Energy Information Administration (EIA), U.S. Imports by Country of Origin. https://www.eia.gov/dnav/pet/pet_move_impcus_a2_nus_ep00_im0_mbblpd_m.htm"
2024,8,importaciones_eeuu_productos_ven_tbpd,1.0,MBBL/D,MTPIMUSVE2,U.S. Imports from Venezuela of Total Petroleum Products (Thousand Barrels per Day),"U.S. Energy Information Administration (EIA), U.S. Imports by Country of Origin. https://www.eia.gov/dnav/pet/pet_move_impcus_a2_nus_ep00_im0_mbblpd_m.htm"
2024,11,importaciones_eeuu_productos_ven_tbpd,3.0,MBBL/D,MTPIMUSVE2,U.S. Imports from Venezuela of Total Petroleum Products (Thousand Barrels per Day),"U.S. Energy Information Administration (EIA), U.S. Imports by Country of Origin. https://www.eia.gov/dnav/pet/pet_move_impcus_a2_nus_ep00_im0_mbblpd_m.htm"
2024,12,importaciones_eeuu_productos_ven_tbpd,2.0,MBBL/D,MTPIMUSVE2,U.S. Imports from Venezuela of Total Petroleum Products (Thousand Barrels per Day),"U.S. Energy Information Administration (EIA), U.S. Imports by Country of Origin. https://www.eia.gov/dnav/pet/pet_move_impcus_a2_nus_ep00_im0_mbblpd_m.htm"
2025,1,importaciones_eeuu_productos_ven_tbpd,16.0,MBBL/D,MTPIMUSVE2,U.S. Imports from Venezuela of Total Petroleum Products (Thousand Barrels per Day),"U.S. Energy Information Administration (EIA), U.S. Imports by Country of Origin. https://www.eia.gov/dnav/pet/pet_move_impcus_a2_nus_ep00_im0_mbblpd_m.htm"
2025,2,importaciones_eeuu_productos_ven_tbpd,14.0,MBBL/D,MTPIMUSVE2,U.S. Imports from Venezuela of Total Petroleum Products (Thousand Barrels per Day),"U.S. Energy Information Administration (EIA), U.S. Imports by Country of Origin. https://www.eia.gov/dnav/pet/pet_move_impcus_a2_nus_ep00_im0_mbblpd_m.htm"
2025,3,importaciones_eeuu_productos_ven_tbpd,15.0,MBBL/D,MTPIMUSVE2,U.S. Imports from Venezuela of Total Petroleum Products (Thousand Barrels per Day),"U.S. Energy Information Administration (EIA), U.S. Imports by Country of Origin. https://www.eia.gov/dnav/pet/pet_move_impcus_a2_nus_ep00_im0_mbblpd_m.htm"
2025,4,importaciones_eeuu_productos_ven_tbpd,17.0,MBBL/D,MTPIMUSVE2,U.S. Imports from Venezuela of Total Petroleum Products (Thousand Barrels per Day),"U.S. Energy Information Administration (EIA), U.S. Imports by Country of Origin. https://www.eia.gov/dnav/pet/pet_move_impcus_a2_nus_ep00_im0_mbblpd_m.htm"
2025,5,importaciones_eeuu_productos_ven_tbpd,20.0,MBBL/D,MTPIMUSVE2,U.S. Imports from Venezuela of Total Petroleum Products (Thousand Barrels per Day),"U.S. Energy Information Administration (EIA), U.S. Imports by Country of Origin. https://www.eia.gov/dnav/pet/pet_move_impcus_a2_nus_ep00_im0_mbblpd_m.htm"
2025,6,importaciones_eeuu_productos_ven_tbpd,4.0,MBBL/D,MTPIMUSVE2,U.S. Imports from Venezuela of Total Petroleum Products (Thousand Barrels per Day),"U.S. Energy Information Administration (EIA), U.S. Imports by Country of Origin. https://www.eia.gov/dnav/pet/pet_move_impcus_a2_nus_ep00_im0_mbblpd_m.htm"
2026,2,importaciones_eeuu_productos_ven_tbpd,62.0,MBBL/D,MTPIMUSVE2,U.S. Imports from Venezuela of Total Petroleum Products (Thousand Barrels per Day),"U.S. Energy Information Administration (EIA), U.S. Imports by Country of Origin. https://www.eia.gov/dnav/pet/pet_move_impcus_a2_nus_ep00_im0_mbblpd_m.htm"
2026,3,importaciones_eeuu_productos_ven_tbpd,65.0,MBBL/D,MTPIMUSVE2,U.S. Imports from Venezuela of Total Petroleum Products (Thousand Barrels per Day),"U.S. Energy Information Administration (EIA), U.S. Imports by Country of Origin. https://www.eia.gov/dnav/pet/pet_move_impcus_a2_nus_ep00_im0_mbblpd_m.htm"
2026,4,importaciones_eeuu_productos_ven_tbpd,54.0,MBBL/D,MTPIMUSVE2,U.S. Imports from Venezuela of Total Petroleum Products (Thousand Barrels per Day),"U.S. Energy Information Administration (EIA), U.S. Imports by Country of Origin. https://www.eia.gov/dnav/pet/pet_move_impcus_a2_nus_ep00_im0_mbblpd_m.htm"
2026,5,importaciones_eeuu_productos_ven_tbpd,73.0,MBBL/D,MTPIMUSVE2,U.S. Imports from Venezuela of Total Petroleum Products (Thousand Barrels per Day),"U.S. Energy Information Administration (EIA), U.S. Imports by Country of Origin. https://www.eia.gov/dnav/pet/pet_move_impcus_a2_nus_ep00_im0_mbblpd_m.htm"
2026,6,importaciones_eeuu_productos_ven_tbpd,91.0,MBBL/D,MTPIMUSVE2,U.S. Imports from Venezuela of Total Petroleum Products (Thousand Barrels per Day),"U.S. Energy Information Administration (EIA), U.S. Imports by Country of Origin. https://www.eia.gov/dnav/pet/pet_move_impcus_a2_nus_ep00_im0_mbblpd_m.htm"
2026,7,importaciones_eeuu_productos_ven_tbpd,95.0,MBBL/D,MTPIMUSVE2,U.S. Imports from Venezuela of Total Petroleum Products (Thousand Barrels per Day),"U.S. Energy Information Administration (EIA), U.S. Imports by Country of Origin. https://www.eia.gov/dnav/pet/pet_move_impcus_a2_nus_ep00_im0_mbblpd_m.htm"
