año,GOV_WGI_CC.SC,GOV_WGI_GE.SC,GOV_WGI_PV.SC,GOV_WGI_RL.SC,GOV_WGI_RQ.SC,GOV_WGI_VA.SC
2000,34.6434335,29.9417858,52.6027549,44.2404784,44.8107261,52.5310635
2002,26.4182664,23.8034957,42.578036,37.7990257,43.6007597,48.0430125
2003,26.2661167,27.0838755,44.565762,36.1162119,36.3264221,49.0168689
2004,27.7944122,28.1559186,43.2607758,38.0656342,36.50823,47.0957784
2005,26.1642747,30.8909688,44.9526549,37.4592956,36.7197557,47.75982
2006,26.0422491,30.8205347,43.4313342,34.6944733,35.0055449,45.4684104
2007,22.0918516,32.681904,44.2821809,31.7234863,31.4647112,44.1168026
2008,21.5742947,35.927164,43.2231372,30.2074966,30.5989167,44.294974
2009,22.4472961,37.5589403,43.6921201,30.5847285,30.9051559,43.5963951
2010,22.5286196,33.4799723,42.0299034,29.676702,29.6231684,43.2859839
2011,25.3191987,32.555069,43.775456,29.3442748,32.2805194,41.7519509
2012,22.5216161,35.171576,44.6315788,28.6778221,30.7307813,41.3105203
2013,21.7223698,34.6443528,42.7468193,26.3140009,29.9060852,38.6576791
2014,19.1877008,33.5763195,44.9093004,24.3746581,26.987143,37.5774491
2015,19.2600177,32.9914121,44.4976638,21.0517342,27.0152168,36.4247203
2016,19.4509553,30.807615,44.2014138,21.4368655,25.7829264,36.1300546
2017,18.7255611,28.9572209,41.1236728,22.4872664,24.7907742,32.9171927
2018,15.8325106,20.832579,39.6588311,20.79668,19.3844315,29.0845912
2019,15.8314718,20.7996145,38.593742,20.4303927,19.028805,28.4840929
2020,16.1648849,20.3946332,40.0194207,20.2840422,19.2780223,27.2081899
2021,16.0354583,21.2046592,42.4334532,20.8655274,20.5709067,25.6833326
2022,15.640518,20.6907754,45.3104829,21.9631271,23.2126043,26.6540288
2023,16.703043,21.7083538,45.9275023,22.1039147,23.2362281,26.9753756
2024,16.1842919,22.1695927,37.0484188,22.0505976,22.7354042,25.6928367
2025,16.8659886,23.8273354,39.1774281,22.3963388,21.322733,25.6587399
